{
  "id": "everyday#general_1d84265a",
  "title_en": "General — General",
  "title_vi": "General — General",
  "text_en": "Africa Health, Gqeberha, South Africa 136 Annex 1. Contributors to the guideline Name and title Affiliation WHO region City, country of residence Anxiety disorders TEG Professor Pim Cuijpers Vrije Universiteit Amsterdam, Amsterdam, Netherlands Europe (Kingdom of the) Professor Atif Rahman University of Liverpool, Liverpool, United Kingdom Europe/Eastern Mediterranean Dr Piyanee Yobas Alice Lee Centre for Nursing Studies, National University South-East Asia of Singapore, Singapore Child and adolescent mental disorders TEG Professor Nicholas Allen University of Oregon, Eugene, USA Americas Professor Theresa Boston College School of Social Work, Boston, USA Americas Betancourt Professor Tony Charman King’s College London Europe South London and Maudsley NHS Foundation Trust London, United Kingdom Professor Petrus J. University of Cape Town, Cape Town, South Africa Africa de Vries Professor Mark Jordans University of Amsterdam, Amsterdam, Netherlands Europe (Kingdom of the) Center for Global Mental Health, King’s College London, London, United Kingdom War Child, Amsterdam, Netherlands (Kingdom of the) Dr Christian Kieling Universidade Federal do Rio Grande do Sul, Americas Porto Alegre, Brazil Conditions related to stress TEG Dr Ceren Acarturk Koc University, Istanbul, Türkiye Europe Professor Jonathan Cardiff University School of Medicine, Cardiff, Europe Bisson United Kingdom Professor Richard Bryant School of Psychology, University of New South Wales, Western Pacific Sydney, Australia Dr Marit Sijbrandij Vrije Universitet, Amsterdam, Netherlands (Kingdom Europe of the) 137",
  "gloss_vi": "Africa health, gqeberha, south africa 136 annex 1. contributors to the guideline name and title affiliation who region city, country of residence lo âu disorders teg professor pim cuijpers vrije universiteit amsterdam, a...",
  "source": "Everyday Essentials",
  "url": "",
  "lang": "en",
  "axes": {
    "type": [
      "everyday"
    ],
    "condition": [
      "General"
    ],
    "clinical_section": [],
    "life_topics": [
      "stress",
      "work"
    ],
    "advice_section": [],
    "audience": [],
    "risk_band": "low"
  },
  "index_text": "General — General General — General Africa Health, Gqeberha, South Africa 136 Annex 1. Contributors to the guideline Name and title Affiliation WHO region City, country of residence Anxiety disorders TEG Professor Pim Cuijpers Vrije Universiteit Amsterdam, Amsterdam, Netherlands Europe (Kingdom of the) Professor Atif Rahman University of Liverpool, Liverpool, United Kingdom Europe/Eastern Mediterranean Dr Piyanee Yobas Alice Lee Centre for Nursing Studies, National University South-East Asia of Singapore, Singapore Child and adolescent mental disorders TEG Professor Nicholas Allen University of Oregon, Eugene, USA Americas Professor Theresa Boston College School of Social Work, Boston, USA Americas Betancourt Professor Tony Charman King’s College London Europe South London and Maudsley NHS Foundation Trust London, United Kingdom Professor Petrus J. University of Cape Town, Cape Town, South Africa Africa de Vries Professor Mark Jordans University of Amsterdam, Amsterdam, Netherlands Europe (Kingdom of the) Center for Global Mental Health, King’s College London, London, United Kingdom War Child, Amsterdam, Netherlands (Kingdom of the) Dr Christian Kieling Universidade Federal do Rio Grande do Sul, Americas Porto Alegre, Brazil Conditions related to stress TEG Dr Ceren Acarturk Koc University, Istanbul, Türkiye Europe Professor Jonathan Cardiff University School of Medicine, Cardiff, Europe Bisson United Kingdom Professor Richard Bryant School of Psychology, University of New South Wales, Western Pacific Sydney, Australia Dr Marit Sijbrandij Vrije Universitet, Amsterdam, Netherlands (Kingdom Europe of the) 137 Africa health, gqeberha, south africa 136 annex 1. contributors to the guideline name and title affiliation who region city, country of residence lo âu disorders teg professor pim cuijpers vrije universiteit amsterdam, a..."
}