{
  "id": "everyday#general_b443fcfa",
  "title_en": "General — General",
  "title_vi": "General — General",
  "text_en": "Contributors 811 Contributors Project direction Geoffrey M. Reed, Project Director (2007–2024) Shekhar Saxena, Project Supervisor (2007–2018) International Advisory Group for the Revision of ICD-10 Mental and Behavioural Disorders Members Steven E. Hyman, Chair (2007–2018) Afarin Rahimi-Movaghar (2007–2018) Gavin Andrews (2007–2008) Karen Ritchie (2007–2008) José L. Ayuso-Mateos (2009–2018) Khaled Saeed (2007–2010) Wolfgang Gaebel (2009–2018) Norman Sartorius (2007–2008) David P. Goldberg (2007–2008) Pratap Sharan (2009–2018) Oye Gureje (2007–2018) Rangaswamy Thara (2007–2008) Assen Jablensky(2009–2018) Pichet Udomratn (2009–2018) Brigitte Khoury (2009–2018) Zeping Xiao (2009–2010) Anne M. Lovell (2009–2018) Yu Xin (2007–2008) María Elena Medina-Mora (2007–2018) Min Zhao (2011–2018) Organizational representatives International Association for Child and International Union of Psychological Science Adolescent Psychiatry and Allied Professions Geoffrey M. Reed (2007–2008) Per-Anders Rydelius (2009–2018) Ann D. Watts (2009–2018) International Federation of Social Workers World Organization of Family Doctors Rolf Blickle-Ritter (2007–2008) Michael Klinkman (2007–2014) Sabine Bährer-Kohler (2009–2018) World Psychiatric Association International Council of Nurses Juan Mezzich (2007–2008) Amy Coenen (2007–2008) Mario Maj (2009–2018) Tesfamicael Ghebrehiwet (2009–2013) Country representatives Kimmo Kuoppasalmi, Finland (2007–2008) Graham",
  "gloss_vi": "Contributors 811 contributors project direction geoffrey m. reed, project director (2007–2024) shekhar saxena, project supervisor (2007–2018) international advisory group for the revision of icd-10 mental and behavioural...",
  "source": "Everyday Essentials",
  "url": "",
  "lang": "en",
  "axes": {
    "type": [
      "everyday"
    ],
    "condition": [
      "General"
    ],
    "clinical_section": [],
    "life_topics": [
      "work",
      "relationships"
    ],
    "advice_section": [],
    "audience": [],
    "risk_band": "low"
  },
  "index_text": "General — General General — General Contributors 811 Contributors Project direction Geoffrey M. Reed, Project Director (2007–2024) Shekhar Saxena, Project Supervisor (2007–2018) International Advisory Group for the Revision of ICD-10 Mental and Behavioural Disorders Members Steven E. Hyman, Chair (2007–2018) Afarin Rahimi-Movaghar (2007–2018) Gavin Andrews (2007–2008) Karen Ritchie (2007–2008) José L. Ayuso-Mateos (2009–2018) Khaled Saeed (2007–2010) Wolfgang Gaebel (2009–2018) Norman Sartorius (2007–2008) David P. Goldberg (2007–2008) Pratap Sharan (2009–2018) Oye Gureje (2007–2018) Rangaswamy Thara (2007–2008) Assen Jablensky(2009–2018) Pichet Udomratn (2009–2018) Brigitte Khoury (2009–2018) Zeping Xiao (2009–2010) Anne M. Lovell (2009–2018) Yu Xin (2007–2008) María Elena Medina-Mora (2007–2018) Min Zhao (2011–2018) Organizational representatives International Association for Child and International Union of Psychological Science Adolescent Psychiatry and Allied Professions Geoffrey M. Reed (2007–2008) Per-Anders Rydelius (2009–2018) Ann D. Watts (2009–2018) International Federation of Social Workers World Organization of Family Doctors Rolf Blickle-Ritter (2007–2008) Michael Klinkman (2007–2014) Sabine Bährer-Kohler (2009–2018) World Psychiatric Association International Council of Nurses Juan Mezzich (2007–2008) Amy Coenen (2007–2008) Mario Maj (2009–2018) Tesfamicael Ghebrehiwet (2009–2013) Country representatives Kimmo Kuoppasalmi, Finland (2007–2008) Graham Contributors 811 contributors project direction geoffrey m. reed, project director (2007–2024) shekhar saxena, project supervisor (2007–2018) international advisory group for the revision of icd-10 mental and behavioural..."
}