{
  "id": "everyday#psychoeducation_7cbfcb62",
  "title_en": "General — Psychoeducation",
  "title_vi": "General — Giáo dục tâm lý",
  "text_en": "disorder Essential (required) features • All general diagnostic requirements for personality disorder are met. • There are severe disturbances in multiple areas of functioning of the self (e.g. sense of self may be so unstable that individuals report not having a sense of who they are, or so rigid that they refuse to participate in any but an extremely narrow range of situations; self-view may be characterized by self-contempt or be grandiose or highly eccentric; see Box 6.2). • Problems in interpersonal functioning seriously affect virtually all relationships, and the ability and willingness to perform expected social and occupational roles is severely compromised or absent. • Specific manifestations of personality disturbance are severe (see the examples below), and affect most, if not all, areas of personality functioning. • Severe personality disorder is often associated with harm to self or others. • Severe personality disorder is associated with severe impairment in all or nearly all areas of life, including personal, family, social, educational, occupational and other important areas of functioning. Examples of specific personality disturbances in severe personality disorder Note: this list of examples is not exhaustive, and it is not intended to suggest that all items will be present in any single individual. • The individual’s self-view is very unrealistic and is typically highly unstable or contradictory. • The individual has serious difficulty with regulation of self-esteem, emotional experience and expression, and impulses, as well as other aspects of behaviour (e.g. perseveration, indecision). • The individual is largely unable to set and pursue realistic goals. • The individual’s interpersonal relationships, if any, lack mutuality; they are shallow, extremely one-sided, unstable or highly conflictual, often to the point of violence. Family relationships are absent (despite having living relatives) or marred by significant conflict. • The individual has extreme difficulty acknowledging difficult or unwanted emotions (e.g. does not recognize or acknowledge experiencing anger, sadness or other emotions). • The individual is unwilling or unable to sustain regular work due to lack of interest or effort, poor performance (e.g. failure to complete assignments or perform expected roles, unreliability), interpersonal difficulties or inappropriate behaviour (e.g. fits of temper, insubordination). • Under stress, there are extreme distortions in the individual’s situational and interpersonal appraisals. There are often dissociative states or psychotic-like beliefs or perceptions (e.g. extreme paranoid reactions). 6D10.Z Personality disorder, severity unspecified Personality disorders and related traits | General diagnostic requirements for personality disorder",
  "gloss_vi": "Disorder essential (required) features • all general diagnostic requirements for personality disorder are met. • there are severe disturbances in multiple areas of functioning of the self (e.g.",
  "source": "Everyday Essentials",
  "url": "",
  "lang": "en",
  "axes": {
    "type": [
      "clinical",
      "everyday"
    ],
    "condition": [
      "General"
    ],
    "clinical_section": [
      "psychoeducation"
    ],
    "life_topics": [
      "stress",
      "study",
      "work",
      "relationships",
      "self_esteem"
    ],
    "advice_section": [
      "work_habits"
    ],
    "audience": [],
    "risk_band": "low"
  },
  "index_text": "General — Psychoeducation General — Giáo dục tâm lý disorder Essential (required) features • All general diagnostic requirements for personality disorder are met. • There are severe disturbances in multiple areas of functioning of the self (e.g. sense of self may be so unstable that individuals report not having a sense of who they are, or so rigid that they refuse to participate in any but an extremely narrow range of situations; self-view may be characterized by self-contempt or be grandiose or highly eccentric; see Box 6.2). • Problems in interpersonal functioning seriously affect virtually all relationships, and the ability and willingness to perform expected social and occupational roles is severely compromised or absent. • Specific manifestations of personality disturbance are severe (see the examples below), and affect most, if not all, areas of personality functioning. • Severe personality disorder is often associated with harm to self or others. • Severe personality disorder is associated with severe impairment in all or nearly all areas of life, including personal, family, social, educational, occupational and other important areas of functioning. Examples of specific personality disturbances in severe personality disorder Note: this list of examples is not exhaustive, and it is not intended to suggest that all items will be present in any single individual. • The individual’s self-view is very unrealistic and is typically highly unstable or contradictory. • The individual has serious difficulty with regulation of self-esteem, emotional experience and expression, and impulses, as well as other aspects of behaviour (e.g. perseveration, indecision). • The individual is largely unable to set and pursue realistic goals. • The individual’s interpersonal relationships, if any, lack mutuality; they are shallow, extremely one-sided, unstable or highly conflictual, often to the point of violence. Family relationships are absent (despite having living relatives) or marred by significant conflict. • The individual has extreme difficulty acknowledging difficult or unwanted emotions (e.g. does not recognize or acknowledge experiencing anger, sadness or other emotions). • The individual is unwilling or unable to sustain regular work due to lack of interest or effort, poor performance (e.g. failure to complete assignments or perform expected roles, unreliability), interpersonal difficulties or inappropriate behaviour (e.g. fits of temper, insubordination). • Under stress, there are extreme distortions in the individual’s situational and interpersonal appraisals. There are often dissociative states or psychotic-like beliefs or perceptions (e.g. extreme paranoid reactions). 6D10.Z Personality disorder, severity unspecified Personality disorders and related traits | General diagnostic requirements for personality disorder Disorder essential (required) features • all general diagnostic requirements for personality disorder are met. • there are severe disturbances in multiple areas of functioning of the self (e.g."
}