{
  "id": "everyday#risk_safety_213613ef",
  "title_en": "General — Risk Safety",
  "title_vi": "General — Nguy cơ An toàn",
  "text_en": "Neurocognitive disorders 619 Additional clinical features for dementia • Symptom course may provide information about the etiology of dementia (see the descriptions below of dementia due to specific etiologies). Most dementias are progressive (e.g. dementia due to Alzheimer disease, dementia due to Lewy body disease, frontotemporal dementia), whereas other forms are reversible (e.g. dementia related to nutritional or metabolic abnormalities), stable (e.g. some cases of dementia due to cerebrovascular disease) or rapidly progressing (e.g. dementia due to prion disease). Boundary with normality (threshold) for dementia • Normal ageing is typically associated with some degree of cognitive change. Dementia is differentiated from normal ageing by the severity or magnitude of neurocognitive impairment relative to expectations for age, and by functional impairment in everyday skills and tasks. Deviation from normal ageing can be determined by standardized assessment using appropriately normed measures. When cognitive difficulties consistent with normal ageing are present and clinically relevant, the symptom code MB21.0 Age-associated cognitive decline may be used. Course features for dementia • Onset and course of symptoms varies considerably by dementia etiology. (See additional information below regarding symptom onset and course for dementia due to specific etiologies.) Developmental presentations for dementia • Dementia in children or young adults is rare, and often caused by neuronal ceroid lipofuscinoses, a group of lysosomal storage disorders. • Dementia due to Down syndrome occurs in about 50% or more of individuals with Down syndrome, and typically emerges after the fourth decade of life. • Risk of dementia increases in older adulthood. Neurocognitive disorders | Dementia Neurocognitive disorders | Dementia 620 Clinical Descriptions and Diagnostic Requirements for ICD-11 Mental, Behavioural or Neurodevelopmental Disorders Culture-related features for dementia • Performance during clinical assessment may vary according to cultural and/or linguistic factors. When assessing impairment in neurocognitive functioning and activities of daily living, cultural and linguistic factors should be considered and accounted for when possible. • When standardized neuropsychological/cognitive testing is utilized for determination of neurocognitive impairment, performance should be measured with appropriately",
  "gloss_vi": "Neurocognitive disorders 619 additional clinical features for dementia • symptom course may provide information about the etiology of dementia (see the descriptions below of dementia due to specific etiologies). most dem...",
  "source": "Everyday Essentials",
  "url": "",
  "lang": "en",
  "axes": {
    "type": [
      "clinical",
      "everyday"
    ],
    "condition": [
      "General"
    ],
    "clinical_section": [
      "risk_safety",
      "screening_cues"
    ],
    "life_topics": [
      "relationships"
    ],
    "advice_section": [
      "communication_tips"
    ],
    "audience": [],
    "risk_band": "low"
  },
  "index_text": "General — Risk Safety General — Nguy cơ An toàn Neurocognitive disorders 619 Additional clinical features for dementia • Symptom course may provide information about the etiology of dementia (see the descriptions below of dementia due to specific etiologies). Most dementias are progressive (e.g. dementia due to Alzheimer disease, dementia due to Lewy body disease, frontotemporal dementia), whereas other forms are reversible (e.g. dementia related to nutritional or metabolic abnormalities), stable (e.g. some cases of dementia due to cerebrovascular disease) or rapidly progressing (e.g. dementia due to prion disease). Boundary with normality (threshold) for dementia • Normal ageing is typically associated with some degree of cognitive change. Dementia is differentiated from normal ageing by the severity or magnitude of neurocognitive impairment relative to expectations for age, and by functional impairment in everyday skills and tasks. Deviation from normal ageing can be determined by standardized assessment using appropriately normed measures. When cognitive difficulties consistent with normal ageing are present and clinically relevant, the symptom code MB21.0 Age-associated cognitive decline may be used. Course features for dementia • Onset and course of symptoms varies considerably by dementia etiology. (See additional information below regarding symptom onset and course for dementia due to specific etiologies.) Developmental presentations for dementia • Dementia in children or young adults is rare, and often caused by neuronal ceroid lipofuscinoses, a group of lysosomal storage disorders. • Dementia due to Down syndrome occurs in about 50% or more of individuals with Down syndrome, and typically emerges after the fourth decade of life. • Risk of dementia increases in older adulthood. Neurocognitive disorders | Dementia Neurocognitive disorders | Dementia 620 Clinical Descriptions and Diagnostic Requirements for ICD-11 Mental, Behavioural or Neurodevelopmental Disorders Culture-related features for dementia • Performance during clinical assessment may vary according to cultural and/or linguistic factors. When assessing impairment in neurocognitive functioning and activities of daily living, cultural and linguistic factors should be considered and accounted for when possible. • When standardized neuropsychological/cognitive testing is utilized for determination of neurocognitive impairment, performance should be measured with appropriately Neurocognitive disorders 619 additional clinical features for dementia • symptom course may provide information about the etiology of dementia (see the descriptions below of dementia due to specific etiologies). most dem..."
}