{
  "id": "everyday#general_767c7427",
  "title_en": "General — General",
  "title_vi": "General — General",
  "text_en": "6A00 Disorders of intellectual development Specify severity: 6A00.0 Disorder of intellectual development, mild 6A00.1 Disorder of intellectual development, moderate 6A00.2 Disorder of intellectual development, severe 6A00.3 Disorder of intellectual development, profound 6A00.4 Disorder of intellectual development, provisional 6A00.Z Disorder of intellectual development, unspecified 36 Clinical Descriptions and Diagnostic Requirements for ICD-11 Mental, Behavioural or Neurodevelopmental Disorders 6A01 Developmental speech and language disorders 6A01.0 Developmental speech sound disorder 6A01.1 Developmental speech fluency disorder 6A01.2 Developmental language disorder Specify areas of language impairment: 6A01.20 … with impairment of receptive and expressive language 6A01.21 … with impairment of mainly expressive language 6A01.22 … with impairment of mainly pragmatic language 6A01.23 … with other specified language impairment 6A01.Y Other specified developmental speech or language disorder 6A01.Z Developmental speech or language disorder, unspecified 6A02 Autism spectrum disorder Specify whether there is a co-occurring disorder or intellectual development and level of functional language impairment: 6A02.0 … without disorder of intellectual development and with mild or no impairment of functional language 6A02.1 … with disorder of intellectual development and with mild or no impairment of functional language 6A02.2 … without disorder of intellectual development and with impaired functional language 6A02.3 … with disorder of intellectual development and with impaired functional language 6A02.5 … with disorder of intellectual development and with complete, or almost complete, absence of functional language 6A02.Y Other specified autism spectrum disorder 6A02.Z Autism spectrum disorder, unspecified For all the above Autism Spectrum Disorder (6A02.x) categories, specify whether: 6A02.x0 without loss of previously acquired skills 6A02.x1 with loss of previously acquired skills 6A03 Developmental learning disorder Specify area(s) of learning impairment: 6A03.0 … with impairment in reading 6A03.1 … with impairment in written expression 6A03.2 … with impairment in mathematics 6A03.3 … with other specified impairment of learning 6A03.Z … unspecified 6A04 Developmental motor coordination disorder",
  "gloss_vi": "6a00 disorders of intellectual development specify severity: 6a00.0 disorder of intellectual development, mild 6a00.1 disorder of intellectual development, moderate 6a00.2 disorder of intellectual development, severe 6a0...",
  "source": "Everyday Essentials",
  "url": "",
  "lang": "en",
  "axes": {
    "type": [
      "everyday"
    ],
    "condition": [
      "General"
    ],
    "clinical_section": [],
    "life_topics": [
      "grief"
    ],
    "advice_section": [],
    "audience": [],
    "risk_band": "low"
  },
  "index_text": "General — General General — General 6A00 Disorders of intellectual development Specify severity: 6A00.0 Disorder of intellectual development, mild 6A00.1 Disorder of intellectual development, moderate 6A00.2 Disorder of intellectual development, severe 6A00.3 Disorder of intellectual development, profound 6A00.4 Disorder of intellectual development, provisional 6A00.Z Disorder of intellectual development, unspecified 36 Clinical Descriptions and Diagnostic Requirements for ICD-11 Mental, Behavioural or Neurodevelopmental Disorders 6A01 Developmental speech and language disorders 6A01.0 Developmental speech sound disorder 6A01.1 Developmental speech fluency disorder 6A01.2 Developmental language disorder Specify areas of language impairment: 6A01.20 … with impairment of receptive and expressive language 6A01.21 … with impairment of mainly expressive language 6A01.22 … with impairment of mainly pragmatic language 6A01.23 … with other specified language impairment 6A01.Y Other specified developmental speech or language disorder 6A01.Z Developmental speech or language disorder, unspecified 6A02 Autism spectrum disorder Specify whether there is a co-occurring disorder or intellectual development and level of functional language impairment: 6A02.0 … without disorder of intellectual development and with mild or no impairment of functional language 6A02.1 … with disorder of intellectual development and with mild or no impairment of functional language 6A02.2 … without disorder of intellectual development and with impaired functional language 6A02.3 … with disorder of intellectual development and with impaired functional language 6A02.5 … with disorder of intellectual development and with complete, or almost complete, absence of functional language 6A02.Y Other specified autism spectrum disorder 6A02.Z Autism spectrum disorder, unspecified For all the above Autism Spectrum Disorder (6A02.x) categories, specify whether: 6A02.x0 without loss of previously acquired skills 6A02.x1 with loss of previously acquired skills 6A03 Developmental learning disorder Specify area(s) of learning impairment: 6A03.0 … with impairment in reading 6A03.1 … with impairment in written expression 6A03.2 … with impairment in mathematics 6A03.3 … with other specified impairment of learning 6A03.Z … unspecified 6A04 Developmental motor coordination disorder 6a00 disorders of intellectual development specify severity: 6a00.0 disorder of intellectual development, mild 6a00.1 disorder of intellectual development, moderate 6a00.2 disorder of intellectual development, severe 6a0..."
}