{
  "id": "everyday#general_bd693e40",
  "title_en": "General — General",
  "title_vi": "General — General",
  "text_en": "Anxiety and fear-related disorders 297 to, or anticipation of exposure to, the feared stimulus or stimuli (i.e. they reflect the focus of apprehension specific to the disorder). For example, panic attacks may occur in separation anxiety disorder during separation from a caregiver or partner, when exposed to the phobic situation or stimulus in specific phobia, or when entering social situations or speaking in public in social anxiety disorder. If panic attacks are limited to these types of situations, the with panic attacks specifier should be applied rather than an additional co-occurring diagnosis of panic disorder. If some panic attacks over the course of the disorder have been unexpected and not exclusively in response to stimuli associated with the focus of apprehension related to the relevant disorder, a separate diagnosis of panic disorder should be assigned. In such cases, it is not necessary to apply the with panic attacks specifier. For anxiety and fear-related disorders, application of the with panic attacks specifier produces the following combinations. (The with panic attacks specifier is not generally applicable to selective mutism.) 6B00/MB23.H Generalized anxiety disorder with panic attacks 6B02/MB23.H Agoraphobia with panic attacks 6B03/MB23.H Specific phobia with panic attacks 6B04/MB23.H Social anxiety disorder with panic attacks 6B05/MB23.H Separation anxiety disorder with panic attacks 6B0Y/MB23.H Other specified anxiety or fear-related disorder with panic attacks 6B0Z/MB23.H Anxiety or fear-related disorder, unspecified, with panic attacks Anxiety and fear-related disorders | Other specified or unspecified anxiety or fear-related disorder 298 Clinical Descriptions and Diagnostic Requirements for ICD-11 Mental, Behavioural or Neurodevelopmental Disorders",
  "gloss_vi": "Lo âu and fear-related disorders 297 to, or anticipation of exposure to, the feared stimulus or stimuli (i.e. they reflect the focus of apprehension specific to the disorder).",
  "source": "Everyday Essentials",
  "url": "",
  "lang": "en",
  "axes": {
    "type": [
      "everyday"
    ],
    "condition": [
      "General"
    ],
    "clinical_section": [],
    "life_topics": [
      "study",
      "relationships"
    ],
    "advice_section": [],
    "audience": [],
    "risk_band": "low"
  },
  "index_text": "General — General General — General Anxiety and fear-related disorders 297 to, or anticipation of exposure to, the feared stimulus or stimuli (i.e. they reflect the focus of apprehension specific to the disorder). For example, panic attacks may occur in separation anxiety disorder during separation from a caregiver or partner, when exposed to the phobic situation or stimulus in specific phobia, or when entering social situations or speaking in public in social anxiety disorder. If panic attacks are limited to these types of situations, the with panic attacks specifier should be applied rather than an additional co-occurring diagnosis of panic disorder. If some panic attacks over the course of the disorder have been unexpected and not exclusively in response to stimuli associated with the focus of apprehension related to the relevant disorder, a separate diagnosis of panic disorder should be assigned. In such cases, it is not necessary to apply the with panic attacks specifier. For anxiety and fear-related disorders, application of the with panic attacks specifier produces the following combinations. (The with panic attacks specifier is not generally applicable to selective mutism.) 6B00/MB23.H Generalized anxiety disorder with panic attacks 6B02/MB23.H Agoraphobia with panic attacks 6B03/MB23.H Specific phobia with panic attacks 6B04/MB23.H Social anxiety disorder with panic attacks 6B05/MB23.H Separation anxiety disorder with panic attacks 6B0Y/MB23.H Other specified anxiety or fear-related disorder with panic attacks 6B0Z/MB23.H Anxiety or fear-related disorder, unspecified, with panic attacks Anxiety and fear-related disorders | Other specified or unspecified anxiety or fear-related disorder 298 Clinical Descriptions and Diagnostic Requirements for ICD-11 Mental, Behavioural or Neurodevelopmental Disorders Lo âu and fear-related disorders 297 to, or anticipation of exposure to, the feared stimulus or stimuli (i.e. they reflect the focus of apprehension specific to the disorder)."
}