{
  "id": "everyday#risk_safety_10702837",
  "title_en": "General — Risk Safety",
  "title_vi": "General — Nguy cơ An toàn",
  "text_en": "abilities listed below. • Most can initiate/invite others • Most will develop language skills to participate in an activity. • Most can communicate effectively. and be able to communicate • Most can communicate about needs. Delays in the acquisition • Most can tell or identify their age. past, present and future events. of language skills are typical, • Most can initiate/invite others and once acquired the skills are • Most can attend to and follow to participate in an activity. frequently less developed than up to 3-step instructions. in typically developing peers • Most can communicate about • Most can identify different (e.g. more limited vocabulary). past, present and future events. denominations of money • Most can tell or identify • Most can attend to and follow (e.g. coins) and count money their gender and age. up to 3-step instructions. more or less accurately. • Most can attend to a simple • Most can identify different • Most can orient themselves cause-effect relationship. denominations of money in the community and learn (e.g. coins) and count small to travel to new places using • Most can attend to and follow amounts of money. different modes of transportation up to 2-step instructions. with instruction/training. • Most can cross street intersections • Most can make one-to-one safely (look in both directions, • Some can learn the road laws correspondence or match wait for traffic to clear before and meet requirements to obtain to sample (e.g. organize crossing, obey traffic signals). a driver’s license. Travel is mainly or match items according In contexts without busy restricted to familiar environments. to shape, size, colour). intersections, most can follow • Most can cross residential street • Most can communicate their socially acceptable rules necessary intersections safely (look in both immediate future goals (e.g. to ensure personal safety. directions, wait for traffic to clear desired activities for the day). • Most can communicate their before crossing, obey traffic • Most can express their likes and future goals and participate signals). In contexts without busy dislikes in relationships (e.g. who in their health care. intersections, most can follow they prefer to spend time with), socially acceptable rules necessary • Most can identify many of their activities, food and dress. to ensure personal safety. relatives and their relationships. • Most can communicate their • Most can apply existing abilities Literacy/numeracy in order to build skills for future decisions about their future goals, health care and relationships (e.g. • Most will develop emergent semi-skilled employment (i.e. who they prefer to spend time with). reading and writing skills. involving the performance of routine operations) and in some • Most can apply existing abilities in the • Most will be able to recognize cases skilled employment (e.g. context of semi-skilled employment letters from their name, requiring some independent (i.e. involving the performance and some can recognize judgement and responsibility). of routine operations) and in their own name in print. some cases skilled employment • Most are naive in anticipating (e.g. requiring some independent full consequences of actions judgement and responsibility). or recognizing when someone is trying to exploit them. • Most remain naive in anticipating full consequences of actions • Some can orient themselves or recognizing when someone in the community and travel is trying to exploit them. to new places using familiar modes of transportation. • Most have difficulty in handling complex situations such as managing bank accounts and Literacy/numeracy long-term money management. • Most can read sentences with five common words. Literacy/numeracy • Most can count and make simple • Most can read and write up to additions and subtractions. approximately a level expected for someone who has attended 7–8 years of schooling (i.e. start of middle/secondary school), and read simple material for information and entertainment. • Most can count, understand mathematical concepts and make simple mathematical calculations. Neurodevelopmental disorders | Disorders of intellectual development",
  "gloss_vi": "Abilities listed below. • most can initiate/invite others • most will develop language skills to participate in an activity.",
  "source": "Everyday Essentials",
  "url": "",
  "lang": "en",
  "axes": {
    "type": [
      "clinical",
      "everyday"
    ],
    "condition": [
      "General"
    ],
    "clinical_section": [
      "risk_safety",
      "screening_cues",
      "referral"
    ],
    "life_topics": [
      "relationships"
    ],
    "advice_section": [
      "work_habits"
    ],
    "audience": [],
    "risk_band": "low"
  },
  "index_text": "General — Risk Safety General — Nguy cơ An toàn abilities listed below. • Most can initiate/invite others • Most will develop language skills to participate in an activity. • Most can communicate effectively. and be able to communicate • Most can communicate about needs. Delays in the acquisition • Most can tell or identify their age. past, present and future events. of language skills are typical, • Most can initiate/invite others and once acquired the skills are • Most can attend to and follow to participate in an activity. frequently less developed than up to 3-step instructions. in typically developing peers • Most can communicate about • Most can identify different (e.g. more limited vocabulary). past, present and future events. denominations of money • Most can tell or identify • Most can attend to and follow (e.g. coins) and count money their gender and age. up to 3-step instructions. more or less accurately. • Most can attend to a simple • Most can identify different • Most can orient themselves cause-effect relationship. denominations of money in the community and learn (e.g. coins) and count small to travel to new places using • Most can attend to and follow amounts of money. different modes of transportation up to 2-step instructions. with instruction/training. • Most can cross street intersections • Most can make one-to-one safely (look in both directions, • Some can learn the road laws correspondence or match wait for traffic to clear before and meet requirements to obtain to sample (e.g. organize crossing, obey traffic signals). a driver’s license. Travel is mainly or match items according In contexts without busy restricted to familiar environments. to shape, size, colour). intersections, most can follow • Most can cross residential street • Most can communicate their socially acceptable rules necessary intersections safely (look in both immediate future goals (e.g. to ensure personal safety. directions, wait for traffic to clear desired activities for the day). • Most can communicate their before crossing, obey traffic • Most can express their likes and future goals and participate signals). In contexts without busy dislikes in relationships (e.g. who in their health care. intersections, most can follow they prefer to spend time with), socially acceptable rules necessary • Most can identify many of their activities, food and dress. to ensure personal safety. relatives and their relationships. • Most can communicate their • Most can apply existing abilities Literacy/numeracy in order to build skills for future decisions about their future goals, health care and relationships (e.g. • Most will develop emergent semi-skilled employment (i.e. who they prefer to spend time with). reading and writing skills. involving the performance of routine operations) and in some • Most can apply existing abilities in the • Most will be able to recognize cases skilled employment (e.g. context of semi-skilled employment letters from their name, requiring some independent (i.e. involving the performance and some can recognize judgement and responsibility). of routine operations) and in their own name in print. some cases skilled employment • Most are naive in anticipating (e.g. requiring some independent full consequences of actions judgement and responsibility). or recognizing when someone is trying to exploit them. • Most remain naive in anticipating full consequences of actions • Some can orient themselves or recognizing when someone in the community and travel is trying to exploit them. to new places using familiar modes of transportation. • Most have difficulty in handling complex situations such as managing bank accounts and Literacy/numeracy long-term money management. • Most can read sentences with five common words. Literacy/numeracy • Most can count and make simple • Most can read and write up to additions and subtractions. approximately a level expected for someone who has attended 7–8 years of schooling (i.e. start of middle/secondary school), and read simple material for information and entertainment. • Most can count, understand mathematical concepts and make simple mathematical calculations. Neurodevelopmental disorders | Disorders of intellectual development Abilities listed below. • most can initiate/invite others • most will develop language skills to participate in an activity."
}