{
  "id": "everyday#general_5d91c197",
  "title_en": "General — General",
  "title_vi": "General — General",
  "text_en": "Atul Ambekar, by National Rehabilitation Centre, Jamal Younes Anani, Sawitri Assanangkornchai, Abu Dhabi (Hamad Al Ghaferi, Linda Cottler, Hans Dharma, Ahmed El Kashef, Director-General): Tarek Abdel Gawad, Susumu Higuchi, Sang Kyu Lee, Min Zhao, Fareed Minhas, Neo Morojele, David Ndetei, Dzianis Padruchny, Marina Piazza, Afarin Rahimi-Movaghar, Hisham Ramy, Marcelo Ribeiro, Robin Room, John B. Saunders, Catherine Woodstock Striley, Sergey Utkin, Shamil Wanagratni, Abigail Zulich, Carolyn Edmonds, Phunnapa Kittirattanapaiboon, Zhong Na, Saito Satoko, Riaz Khan, Nenad Kostanjsek (WHO), Vladimir Poznyak (WHO). Collaborators at study sites Australia Site: Drug and Alcohol Services South Australia Site directors: Mike McDonough, Danica Liu Other contributors: Ann Roache, Michael Baigent, Adrian Dunlop, Jacquie Bowden, John Saunders, Michelle Spudic, Robert Ali Brazil Site: Botucatu Medical School, São Paulo State University Site director: José Manoel Bertolote Other contributors: Alberto Araújo, Arthur Guerra de Andrade, Alessandra Diehl, Ana Cecília Marques, Analice Gigliotti, Antonio Zuardi, Clarice Madruga, Daniel Spritzer, Flavio Pechanski, Guilherme Messas, Marcelo Cruz, Marcelo Ribeiro Mauricio Fiore, Pablo Kurlander, Renata Brasil, Sabrina Presman, Sérgio de Paula Ramos, Stella Regina Martins",
  "gloss_vi": "Atul ambekar, by national rehabilitation centre, jamal younes anani, sawitri assanangkornchai, abu dhabi (hamad al ghaferi, linda cottler, hans dharma, ahmed el kashef, director-general): tarek abdel gawad, susumu higuch...",
  "source": "Everyday Essentials",
  "url": "",
  "lang": "en",
  "axes": {
    "type": [
      "everyday"
    ],
    "condition": [
      "General"
    ],
    "clinical_section": [],
    "life_topics": [
      "study"
    ],
    "advice_section": [],
    "audience": [],
    "risk_band": "low"
  },
  "index_text": "General — General General — General Atul Ambekar, by National Rehabilitation Centre, Jamal Younes Anani, Sawitri Assanangkornchai, Abu Dhabi (Hamad Al Ghaferi, Linda Cottler, Hans Dharma, Ahmed El Kashef, Director-General): Tarek Abdel Gawad, Susumu Higuchi, Sang Kyu Lee, Min Zhao, Fareed Minhas, Neo Morojele, David Ndetei, Dzianis Padruchny, Marina Piazza, Afarin Rahimi-Movaghar, Hisham Ramy, Marcelo Ribeiro, Robin Room, John B. Saunders, Catherine Woodstock Striley, Sergey Utkin, Shamil Wanagratni, Abigail Zulich, Carolyn Edmonds, Phunnapa Kittirattanapaiboon, Zhong Na, Saito Satoko, Riaz Khan, Nenad Kostanjsek (WHO), Vladimir Poznyak (WHO). Collaborators at study sites Australia Site: Drug and Alcohol Services South Australia Site directors: Mike McDonough, Danica Liu Other contributors: Ann Roache, Michael Baigent, Adrian Dunlop, Jacquie Bowden, John Saunders, Michelle Spudic, Robert Ali Brazil Site: Botucatu Medical School, São Paulo State University Site director: José Manoel Bertolote Other contributors: Alberto Araújo, Arthur Guerra de Andrade, Alessandra Diehl, Ana Cecília Marques, Analice Gigliotti, Antonio Zuardi, Clarice Madruga, Daniel Spritzer, Flavio Pechanski, Guilherme Messas, Marcelo Cruz, Marcelo Ribeiro Mauricio Fiore, Pablo Kurlander, Renata Brasil, Sabrina Presman, Sérgio de Paula Ramos, Stella Regina Martins Atul ambekar, by national rehabilitation centre, jamal younes anani, sawitri assanangkornchai, abu dhabi (hamad al ghaferi, linda cottler, hans dharma, ahmed el kashef, director-general): tarek abdel gawad, susumu higuch..."
}