{
  "id": "everyday#risk_safety_2643cec9",
  "title_en": "General — Risk Safety",
  "title_vi": "General — Nguy cơ An toàn",
  "text_en": "120 SUB 2 DISORDERS DUE TO SUBSTANCE USE Management PROTOCOL 3 Alcohol Withdrawal » Provide as quiet and non-stimulating an environment as possible; well-lit during the day and lit enough at night to prevent falls if the person wakes up at night. PREVENTING AND TREATING WERNICKE’S ENCEPHALOPATHY: » » Ensure adequate fluid intake and that electrolyte requirements are met, such as potassium Chronic heavy users of alcohol are at risk for Wernicke’s encephalopathy, and magnesium. a thiamine deficiency syndrome characterized by confusion, nystagmus, » ophthalmoplegia (trouble with eye movements), and ataxia (uncoordinated ADDRESS DEHYDRATION: Maintain adequate hydration including i.v. hydration, movements). if needed, and encourage oral fluid intake. Be sure to give thiamine before glucose to avoid » precipitating Wernicke’s encephalopathy. To prevent this syndrome, all persons with a history of chronic » alcohol use should be given thiamine 100 mg p.o. per day. Pharmacological Intervention: Give thiamine prior to administering glucose to avoid precipitating When appropriate, treat alcohol withdrawal symptoms. In the case of planned detoxification, Wernicke’s encephalopathy. prevent withdrawal symptoms using diazepam. The dose and duration of diazepam treatment varies according to the severity of the withdrawal. – Administer diazepam at an initial dose of up to 40 mg daily (10 mg four times a day or 20 mg twice a day) for 3-7 days, p.o. Gradually decrease the dose and/or frequency as soon as symptoms improve. Monitor the person frequently, as each person may respond differently to this medication. CLINICAL TIP – In the hospital setting, diazepam can be given more frequently, (i.e. hourly), and at For planned alcohol cessation, assess the person’s risk for severe withdrawal. higher daily doses, up to 120 mg daily for the first 3 days p.o., if necessary, and based on Ask: frequent assessment of the person’s withdrawal symptoms and mental status. Have there been past episodes of severe withdrawal symptoms, including – In persons with impaired hepatic metabolism, (i.e. persons with signs of liver disease seizures or delirium? or the elderly), use a single low dose initially of 5-10 mg p.o., as benzodiazepines may Are there other significant medical or psychiatric issues? have a longer duration of action in these populations. Alternatively, a shorter acting Do significant withdrawal features develop within 6 hours of the person’s last drink? benzodiazepine such as oxazepam may be used instead of diazepam. See Table 1. Have outpatient cessation attempts failed in the past? Is the person homeless or without any social support? – CAUTION Use caution when initiating or increasing the dose of benzodiazepines, as If risk is high, inpatient detoxification is preferable to outpatient detoxification. they can cause respiratory depression. Use caution in persons with respiratory disease and/or hepatic encephalopathy. CLINICAL TIP: General principles to apply during management of any withdrawal: Maintain hydration. Depressive symptoms may occur",
  "gloss_vi": "120 sub 2 disorders due to substance use management protocol 3 alcohol withdrawal » provide as quiet and non-stimulating an environment as possible; well-lit during the day and lit enough at night to prevent falls if the...",
  "source": "Everyday Essentials",
  "url": "",
  "lang": "en",
  "axes": {
    "type": [
      "clinical"
    ],
    "condition": [
      "General"
    ],
    "clinical_section": [
      "risk_safety",
      "screening_cues",
      "referral",
      "psychoeducation",
      "do_not_do"
    ],
    "life_topics": [],
    "advice_section": [],
    "audience": [],
    "risk_band": "low"
  },
  "index_text": "General — Risk Safety General — Nguy cơ An toàn 120 SUB 2 DISORDERS DUE TO SUBSTANCE USE Management PROTOCOL 3 Alcohol Withdrawal » Provide as quiet and non-stimulating an environment as possible; well-lit during the day and lit enough at night to prevent falls if the person wakes up at night. PREVENTING AND TREATING WERNICKE’S ENCEPHALOPATHY: » » Ensure adequate fluid intake and that electrolyte requirements are met, such as potassium Chronic heavy users of alcohol are at risk for Wernicke’s encephalopathy, and magnesium. a thiamine deficiency syndrome characterized by confusion, nystagmus, » ophthalmoplegia (trouble with eye movements), and ataxia (uncoordinated ADDRESS DEHYDRATION: Maintain adequate hydration including i.v. hydration, movements). if needed, and encourage oral fluid intake. Be sure to give thiamine before glucose to avoid » precipitating Wernicke’s encephalopathy. To prevent this syndrome, all persons with a history of chronic » alcohol use should be given thiamine 100 mg p.o. per day. Pharmacological Intervention: Give thiamine prior to administering glucose to avoid precipitating When appropriate, treat alcohol withdrawal symptoms. In the case of planned detoxification, Wernicke’s encephalopathy. prevent withdrawal symptoms using diazepam. The dose and duration of diazepam treatment varies according to the severity of the withdrawal. – Administer diazepam at an initial dose of up to 40 mg daily (10 mg four times a day or 20 mg twice a day) for 3-7 days, p.o. Gradually decrease the dose and/or frequency as soon as symptoms improve. Monitor the person frequently, as each person may respond differently to this medication. CLINICAL TIP – In the hospital setting, diazepam can be given more frequently, (i.e. hourly), and at For planned alcohol cessation, assess the person’s risk for severe withdrawal. higher daily doses, up to 120 mg daily for the first 3 days p.o., if necessary, and based on Ask: frequent assessment of the person’s withdrawal symptoms and mental status. Have there been past episodes of severe withdrawal symptoms, including – In persons with impaired hepatic metabolism, (i.e. persons with signs of liver disease seizures or delirium? or the elderly), use a single low dose initially of 5-10 mg p.o., as benzodiazepines may Are there other significant medical or psychiatric issues? have a longer duration of action in these populations. Alternatively, a shorter acting Do significant withdrawal features develop within 6 hours of the person’s last drink? benzodiazepine such as oxazepam may be used instead of diazepam. See Table 1. Have outpatient cessation attempts failed in the past? Is the person homeless or without any social support? – CAUTION Use caution when initiating or increasing the dose of benzodiazepines, as If risk is high, inpatient detoxification is preferable to outpatient detoxification. they can cause respiratory depression. Use caution in persons with respiratory disease and/or hepatic encephalopathy. CLINICAL TIP: General principles to apply during management of any withdrawal: Maintain hydration. Depressive symptoms may occur 120 sub 2 disorders due to substance use management protocol 3 alcohol withdrawal » provide as quiet and non-stimulating an environment as possible; well-lit during the day and lit enough at night to prevent falls if the..."
}