{
  "id": "everyday#do_not_do_99383265",
  "title_en": "General — Do Not Do",
  "title_vi": "General — Do Not Do",
  "text_en": "Paraphilic disorders 579 Culture-related features • Cultures vary in their legal definition of what constitutes a child or adolescent. The Tanner stages – a scale of physical development, including primary and secondary sexual characteristics across the lifespan – may provide a more objective basis than age on which to base a definition. • Cultures vary regarding the forms of affection that are considered appropriate between children and adults. For example, it is normative in some cultures for parents to kiss their children on the mouth as a sign of affection. Culturally normative behaviour should not be misattributed as inappropriate sexual activity. Sex- and/or gender-related features • Paedophilic disorder is much more prevalent among men. Boundaries with other disorders and conditions (differential diagnosis) Boundary with compulsive sexual behaviour disorder Both paedophilic disorder and compulsive sexual behaviour disorder may involve repetitive sexual impulses, urges or behaviours that result in marked distress or impairment. Paedophilic disorder is characterized by sexual impulses, urges or behaviours that are manifestations of a sustained, focused and intense pattern of sexual arousal involving pre-pubertal children. In contrast, compulsive sexual behaviour disorder is characterized by a persistent pattern of failure to control sexual impulses, urges or behaviours, regardless of the focus of sexual arousal. If an individual with paedophilic disorder is able to exercise some degree of control over the behavioural expressions of the arousal pattern, an additional diagnosis of compulsive sexual behavioural disorder is generally not warranted. Boundary with obsessive-compulsive disorder Some individuals with obsessive-compulsive disorder experience intrusive thoughts and images about possible attraction or sexual abuse of children. These are typically highly distressing to the individual, and are not accompanied by sexual arousal; they therefore do not reflect an underlying paraphilic arousal pattern, even though the individual may be concerned that they do. These individuals may also experience other ego-dystonic thoughts or images with sexual content that are not experienced as sexually arousing. Boundary with disorders due to substance use Episodes of impulsive or disinhibited sexual behaviour, including paedophilic behaviour, may occur during substance intoxication. Such episodes may not be a manifestation of a sustained, Paraphilic disorders | Paedophilic disorder 580 Clinical Descriptions and Diagnostic Requirements",
  "gloss_vi": "Paraphilic disorders 579 culture-related features • cultures vary in their legal definition of what constitutes a child or adolescent. the tanner stages – a scale of physical development, including primary and secondary ...",
  "source": "Everyday Essentials",
  "url": "",
  "lang": "en",
  "axes": {
    "type": [
      "clinical",
      "everyday"
    ],
    "condition": [
      "General"
    ],
    "clinical_section": [
      "do_not_do"
    ],
    "life_topics": [
      "stress",
      "study",
      "relationships"
    ],
    "advice_section": [
      "communication_tips"
    ],
    "audience": [],
    "risk_band": "low"
  },
  "index_text": "General — Do Not Do General — Do Not Do Paraphilic disorders 579 Culture-related features • Cultures vary in their legal definition of what constitutes a child or adolescent. The Tanner stages – a scale of physical development, including primary and secondary sexual characteristics across the lifespan – may provide a more objective basis than age on which to base a definition. • Cultures vary regarding the forms of affection that are considered appropriate between children and adults. For example, it is normative in some cultures for parents to kiss their children on the mouth as a sign of affection. Culturally normative behaviour should not be misattributed as inappropriate sexual activity. Sex- and/or gender-related features • Paedophilic disorder is much more prevalent among men. Boundaries with other disorders and conditions (differential diagnosis) Boundary with compulsive sexual behaviour disorder Both paedophilic disorder and compulsive sexual behaviour disorder may involve repetitive sexual impulses, urges or behaviours that result in marked distress or impairment. Paedophilic disorder is characterized by sexual impulses, urges or behaviours that are manifestations of a sustained, focused and intense pattern of sexual arousal involving pre-pubertal children. In contrast, compulsive sexual behaviour disorder is characterized by a persistent pattern of failure to control sexual impulses, urges or behaviours, regardless of the focus of sexual arousal. If an individual with paedophilic disorder is able to exercise some degree of control over the behavioural expressions of the arousal pattern, an additional diagnosis of compulsive sexual behavioural disorder is generally not warranted. Boundary with obsessive-compulsive disorder Some individuals with obsessive-compulsive disorder experience intrusive thoughts and images about possible attraction or sexual abuse of children. These are typically highly distressing to the individual, and are not accompanied by sexual arousal; they therefore do not reflect an underlying paraphilic arousal pattern, even though the individual may be concerned that they do. These individuals may also experience other ego-dystonic thoughts or images with sexual content that are not experienced as sexually arousing. Boundary with disorders due to substance use Episodes of impulsive or disinhibited sexual behaviour, including paedophilic behaviour, may occur during substance intoxication. Such episodes may not be a manifestation of a sustained, Paraphilic disorders | Paedophilic disorder 580 Clinical Descriptions and Diagnostic Requirements Paraphilic disorders 579 culture-related features • cultures vary in their legal definition of what constitutes a child or adolescent. the tanner stages – a scale of physical development, including primary and secondary ..."
}