{
  "id": "everyday#do_not_do_7504d2b2",
  "title_en": "General — Do Not Do",
  "title_vi": "General — Do Not Do",
  "text_en": "Paraphilic disorders 587 Boundaries with other disorders and conditions (differential diagnosis) Boundary with compulsive sexual behaviour disorder Both other paraphilic disorder involving non-consenting individuals and compulsive sexual behaviour disorder may involve repetitive sexual impulses, urges or behaviours that result in marked distress or impairment. Other paraphilic disorder involving non-consenting individuals is characterized by sexual impulses, urges or behaviours that are manifestations of a sustained, focused and intense pattern of sexual arousal, in which the focus of the arousal pattern involves others who are unwilling or unable to consent, that is not specifically described in any of the other named paraphilic disorders categories. In contrast, compulsive sexual behaviour disorder is characterized by a persistent pattern of failure to control sexual impulses, urges or behaviours, regardless of the focus of sexual arousal. If an individual with other paraphilic disorder involving non-consenting individuals is able to exercise some degree of control over the behavioural expressions of the arousal pattern, an additional diagnosis of compulsive sexual behavioural disorder is generally not warranted. Boundary with disorders due to substance use Episodes of sexual behaviour involving others whose age or status renders them unwilling or unable to consent may occur during substance intoxication. Such episodes may not be a manifestation of a sustained, focused and intense sexual arousal pattern. At the same time, some individuals with paraphilic disorders may use substances with the intention of engaging in sexual behaviour involving others whose age or status renders them unwilling or unable to consent that does reflect an underlying paraphilic arousal pattern. A diagnosis of other paraphilic disorder involving non-consenting individuals may be assigned together with a disorder due to substance use if the diagnostic requirements for both are met. Boundary with other mental disorders The occurrence or a history of sexual behaviours involving others whose age or status renders them unwilling or unable to consent is not sufficient to establish a diagnosis of other paraphilic disorder involving non-consenting individuals. Rather, these sexual behaviours must reflect a sustained, focused and intense pattern of sexual arousal. When this is not the case, other causes of the sexual behaviour need to be considered. For example, sexual behaviours involving non- consenting individuals that do not reflect an underlying, persistent pattern of sexual arousal may occur in the context of some mental disorders, such as bipolar type I disorder during manic or mixed episodes, or dementia. Boundary with sexual crimes that do not involve a paraphilic disorder Sexual crimes involving non-consenting individuals may consist of actions or behaviours that are not associated with a sustained",
  "gloss_vi": "Paraphilic disorders 587 boundaries with other disorders and conditions (differential diagnosis) ranh giới with compulsive sexual behaviour disorder both other paraphilic disorder involving non-consenting individuals and...",
  "source": "Everyday Essentials",
  "url": "",
  "lang": "en",
  "axes": {
    "type": [
      "clinical",
      "everyday"
    ],
    "condition": [
      "General"
    ],
    "clinical_section": [
      "do_not_do"
    ],
    "life_topics": [
      "stress",
      "study",
      "relationships"
    ],
    "advice_section": [
      "communication_tips"
    ],
    "audience": [],
    "risk_band": "low"
  },
  "index_text": "General — Do Not Do General — Do Not Do Paraphilic disorders 587 Boundaries with other disorders and conditions (differential diagnosis) Boundary with compulsive sexual behaviour disorder Both other paraphilic disorder involving non-consenting individuals and compulsive sexual behaviour disorder may involve repetitive sexual impulses, urges or behaviours that result in marked distress or impairment. Other paraphilic disorder involving non-consenting individuals is characterized by sexual impulses, urges or behaviours that are manifestations of a sustained, focused and intense pattern of sexual arousal, in which the focus of the arousal pattern involves others who are unwilling or unable to consent, that is not specifically described in any of the other named paraphilic disorders categories. In contrast, compulsive sexual behaviour disorder is characterized by a persistent pattern of failure to control sexual impulses, urges or behaviours, regardless of the focus of sexual arousal. If an individual with other paraphilic disorder involving non-consenting individuals is able to exercise some degree of control over the behavioural expressions of the arousal pattern, an additional diagnosis of compulsive sexual behavioural disorder is generally not warranted. Boundary with disorders due to substance use Episodes of sexual behaviour involving others whose age or status renders them unwilling or unable to consent may occur during substance intoxication. Such episodes may not be a manifestation of a sustained, focused and intense sexual arousal pattern. At the same time, some individuals with paraphilic disorders may use substances with the intention of engaging in sexual behaviour involving others whose age or status renders them unwilling or unable to consent that does reflect an underlying paraphilic arousal pattern. A diagnosis of other paraphilic disorder involving non-consenting individuals may be assigned together with a disorder due to substance use if the diagnostic requirements for both are met. Boundary with other mental disorders The occurrence or a history of sexual behaviours involving others whose age or status renders them unwilling or unable to consent is not sufficient to establish a diagnosis of other paraphilic disorder involving non-consenting individuals. Rather, these sexual behaviours must reflect a sustained, focused and intense pattern of sexual arousal. When this is not the case, other causes of the sexual behaviour need to be considered. For example, sexual behaviours involving non- consenting individuals that do not reflect an underlying, persistent pattern of sexual arousal may occur in the context of some mental disorders, such as bipolar type I disorder during manic or mixed episodes, or dementia. Boundary with sexual crimes that do not involve a paraphilic disorder Sexual crimes involving non-consenting individuals may consist of actions or behaviours that are not associated with a sustained Paraphilic disorders 587 boundaries with other disorders and conditions (differential diagnosis) ranh giới with compulsive sexual behaviour disorder both other paraphilic disorder involving non-consenting individuals and..."
}