{
  "id": "everyday#referral_0efbbba2",
  "title_en": "General — Referral",
  "title_vi": "General — Chuyển tuyến",
  "text_en": "TABLE 2: Anticholinergic medications (for treatment of extrapyramidal side effects (EPS) Avoid in women who are pregnant or breastfeeding if possible. MEDICATION DOSING SIDE EFFECTS CONTRAINDICATIONS / CAUTIONS BIPERIDEN Start 1 mg twice daily. Common: sedation, confusion and memory Caution in patients with: cardiac, liver, or kidney disease. Increase to 3-12 mg daily. disturbance (especially in older adults), tachycardia, dry Drug-drug interactions: Caution when combining with other Route: p.o or intravenous (i.v.). mouth, urinary retention and constipation. anticholinergic medications. TRIHEXYPHENIDYL Start 1 mg daily. Rarely, angle-closure glaucoma, myasthenia gravis and (Benzhexol) Increase to 4-12 mg per day in 3-4 divided doses gastrointestinal obstruction. (maximum 20 mg daily). Route: p.o TABLE 3: Mood stabilizers Avoid in women who are pregnant or breastfeeding if possible. MEDICATION DOSING SIDE EFFECTS CONTRAINDICATIONS / CAUTIONS LITHIUM Start 300 mg daily. Increase gradually every Common: sedation, cognitive problems, tremor, : Contraindicated in patients with: severe cardiac or kidney disease. 7 days until target blood level reached (maximum impaired coordination, hypotension, leukocytosis, Dehydration can increase lithium levels. 600-1200 mg daily). Monitor every 2-3 months. polyuria, polydipsia, nausea, diarrhea, weight gain, hair Use only if clinical Route: p.o loss, rash. Drug-drug interactions: nonsteroidal anti-inflammatory drugs (NSAIDs), and laboratory monitoring angiotensin-converting-enzyme inhibitor (ACE inhibitor), thiazide diuretics, Target blood levels: 0.6-1.0 mEq/liter Serious: diabetes insipidus, hypothyroidism, are available. metronidazole, and tetracycline can increase lithium levels. – In acute manic episode: 0.8-1.0 mEq/liter ECG changes (arrhythmia, sick sinus syndrome, – For maintenance treatment: 0.6-0.8 mEq/liter. T-wave changes). Lithium toxicity can cause seizures, delirium, coma, and death. 6 months on medication is needed to determine full effectiveness of maintenance treatment. SODIUM VALPROATE Start 500 mg daily. Common: sedation, headache, tremor, ataxia, nausea, Caution in patients with: underlying or suspected hepatic disease. Increase slowly to 1000-2000 mg daily vomiting, diarrhea, weight gain, transient hair loss. Monitor liver function tests and platelets if possible. (maximum 60 mg/kg/day). Serious: impaired hepatic function, Drug-drug interactions: Route: p.o thrombocytopenia, leucopenia, drowsiness/ Valproate levels decreased by carbamazepine, increased by aspirin. Preferred choice in persons living with confusion, liver failure, hemorrhagic pancreatitis. HIV HIV/AIDS due to drug-drug interactions. CARBAMAZEPINE Start 200 mg daily. Common: sedation, confusion, dizziness, ataxia, Contraindicated in patients with: history of blood disorders, Increase by 200 mg weekly to 400-600 mg daily in double vision, nausea, diarrhea, benign leucopenia. kidney, liver, or",
  "gloss_vi": "Table 2: anticholinergic medications (for treatment of extrapyramidal side effects (eps) avoid in women who are pregnant or breastfeeding if possible. medication dosing side effects contraindications / cautions biperiden...",
  "source": "Everyday Essentials",
  "url": "",
  "lang": "en",
  "axes": {
    "type": [
      "clinical",
      "everyday"
    ],
    "condition": [
      "General"
    ],
    "clinical_section": [
      "referral",
      "do_not_do"
    ],
    "life_topics": [
      "stress",
      "grief"
    ],
    "advice_section": [],
    "audience": [],
    "risk_band": "low"
  },
  "index_text": "General — Referral General — Chuyển tuyến TABLE 2: Anticholinergic medications (for treatment of extrapyramidal side effects (EPS) Avoid in women who are pregnant or breastfeeding if possible. MEDICATION DOSING SIDE EFFECTS CONTRAINDICATIONS / CAUTIONS BIPERIDEN Start 1 mg twice daily. Common: sedation, confusion and memory Caution in patients with: cardiac, liver, or kidney disease. Increase to 3-12 mg daily. disturbance (especially in older adults), tachycardia, dry Drug-drug interactions: Caution when combining with other Route: p.o or intravenous (i.v.). mouth, urinary retention and constipation. anticholinergic medications. TRIHEXYPHENIDYL Start 1 mg daily. Rarely, angle-closure glaucoma, myasthenia gravis and (Benzhexol) Increase to 4-12 mg per day in 3-4 divided doses gastrointestinal obstruction. (maximum 20 mg daily). Route: p.o TABLE 3: Mood stabilizers Avoid in women who are pregnant or breastfeeding if possible. MEDICATION DOSING SIDE EFFECTS CONTRAINDICATIONS / CAUTIONS LITHIUM Start 300 mg daily. Increase gradually every Common: sedation, cognitive problems, tremor, : Contraindicated in patients with: severe cardiac or kidney disease. 7 days until target blood level reached (maximum impaired coordination, hypotension, leukocytosis, Dehydration can increase lithium levels. 600-1200 mg daily). Monitor every 2-3 months. polyuria, polydipsia, nausea, diarrhea, weight gain, hair Use only if clinical Route: p.o loss, rash. Drug-drug interactions: nonsteroidal anti-inflammatory drugs (NSAIDs), and laboratory monitoring angiotensin-converting-enzyme inhibitor (ACE inhibitor), thiazide diuretics, Target blood levels: 0.6-1.0 mEq/liter Serious: diabetes insipidus, hypothyroidism, are available. metronidazole, and tetracycline can increase lithium levels. – In acute manic episode: 0.8-1.0 mEq/liter ECG changes (arrhythmia, sick sinus syndrome, – For maintenance treatment: 0.6-0.8 mEq/liter. T-wave changes). Lithium toxicity can cause seizures, delirium, coma, and death. 6 months on medication is needed to determine full effectiveness of maintenance treatment. SODIUM VALPROATE Start 500 mg daily. Common: sedation, headache, tremor, ataxia, nausea, Caution in patients with: underlying or suspected hepatic disease. Increase slowly to 1000-2000 mg daily vomiting, diarrhea, weight gain, transient hair loss. Monitor liver function tests and platelets if possible. (maximum 60 mg/kg/day). Serious: impaired hepatic function, Drug-drug interactions: Route: p.o thrombocytopenia, leucopenia, drowsiness/ Valproate levels decreased by carbamazepine, increased by aspirin. Preferred choice in persons living with confusion, liver failure, hemorrhagic pancreatitis. HIV HIV/AIDS due to drug-drug interactions. CARBAMAZEPINE Start 200 mg daily. Common: sedation, confusion, dizziness, ataxia, Contraindicated in patients with: history of blood disorders, Increase by 200 mg weekly to 400-600 mg daily in double vision, nausea, diarrhea, benign leucopenia. kidney, liver, or Table 2: anticholinergic medications (for treatment of extrapyramidal side effects (eps) avoid in women who are pregnant or breastfeeding if possible. medication dosing side effects contraindications / cautions biperiden..."
}