{
  "id": "everyday#psychoeducation_a321a73e",
  "title_en": "General — Psychoeducation",
  "title_vi": "General — Giáo dục tâm lý",
  "text_en": "situations. debates and involvement of many stakeholders. Policies are also more likely to vary between regions. Source: adapted from WHO, 2014 (10). 10 3. Recommendations This guideline includes 48 updated and new evidence- based on new/updated systematic reviews while the based recommendations related to MNS conditions. remaining recommendations were based on existing/ These are based on 30 updated PICO questions previously published systematic reviews. that were used for the previous mhGAP guideline The 48 updated and new recommendations are (2015), and 18 new PICO questions developed for presented in this chapter by module (sections this new edition of the guideline. For one other 3.1–3.11). For each recommendation, the updated research question the evidence was relevant justification, remarks, research gaps and insufficient to support an updated recommendation implementation considerations are also presented. so the pre-existing recommendation continues to be The evidence profiles are available online. endorsed; also for one other new research question there was insufficient evidence to support a new The updated and new recommendations in this recommendation. Fourteen recommendations/ guideline stand alongside 90 pre-existing guideline questions (ALC1, ALC2, ALC3, ALC4, CAMH1, STR1, recommendations which were validated and continue STR2, DRU1, DRU3, DRU4, EPI1, EPI2, OVE1, SUI3) were to be endorsed in their current format (7).",
  "gloss_vi": "Situations. debates and involvement of many stakeholders.",
  "source": "Everyday Essentials",
  "url": "",
  "lang": "en",
  "axes": {
    "type": [
      "clinical"
    ],
    "condition": [
      "General"
    ],
    "clinical_section": [
      "psychoeducation"
    ],
    "life_topics": [],
    "advice_section": [],
    "audience": [],
    "risk_band": "low"
  },
  "index_text": "General — Psychoeducation General — Giáo dục tâm lý situations. debates and involvement of many stakeholders. Policies are also more likely to vary between regions. Source: adapted from WHO, 2014 (10). 10 3. Recommendations This guideline includes 48 updated and new evidence- based on new/updated systematic reviews while the based recommendations related to MNS conditions. remaining recommendations were based on existing/ These are based on 30 updated PICO questions previously published systematic reviews. that were used for the previous mhGAP guideline The 48 updated and new recommendations are (2015), and 18 new PICO questions developed for presented in this chapter by module (sections this new edition of the guideline. For one other 3.1–3.11). For each recommendation, the updated research question the evidence was relevant justification, remarks, research gaps and insufficient to support an updated recommendation implementation considerations are also presented. so the pre-existing recommendation continues to be The evidence profiles are available online. endorsed; also for one other new research question there was insufficient evidence to support a new The updated and new recommendations in this recommendation. Fourteen recommendations/ guideline stand alongside 90 pre-existing guideline questions (ALC1, ALC2, ALC3, ALC4, CAMH1, STR1, recommendations which were validated and continue STR2, DRU1, DRU3, DRU4, EPI1, EPI2, OVE1, SUI3) were to be endorsed in their current format (7). Situations. debates and involvement of many stakeholders."
}