{
  "id": "everyday#communication_tips_09f30b71",
  "title_en": "General — Communication Tips",
  "title_vi": "General — Communication Tips",
  "text_en": "excludes consensual voyeuristic behaviours that occur with the consent of the individual being observed. Paraphilic disorders | Voyeuristic disorder 576 Clinical Descriptions and Diagnostic Requirements for ICD-11 Mental, Behavioural or Neurodevelopmental Disorders Course features • Individuals with voyeuristic disorder often report the onset of voyeuristic sexual interest during adolescence. • Voyeuristic disorder is relatively stable after young adulthood, but sexual thoughts, fantasies, urges and behaviours may change over time, such that an individual who was assigned a diagnosis of voyeuristic disorder no longer meets the diagnostic requirements. Developmental presentations • Advancing age may be associated with decreasing paraphilic sexual arousal and decreasing behavioural manifestations of voyeuristic disorder due to increased impulse control and decreased sexual drive. Sex- and/or gender-related features • Voyeuristic disorder is much more prevalent among men. Boundaries with other disorders and conditions (differential diagnosis) Boundary with compulsive sexual behaviour disorder Both voyeuristic disorder and compulsive sexual behaviour disorder may involve repetitive sexual impulses, urges or behaviours that result in marked distress or impairment. Voyeuristic disorder is characterized by sexual impulses, urges or behaviours that are manifestations of a sustained, focused and intense pattern of sexual arousal that involves stimuli such as observing an unsuspecting person who is naked, in the process of disrobing, or engaging in sexual activity. In contrast, compulsive sexual behaviour disorder is characterized by a persistent pattern of failure to control sexual impulses, urges or behaviours, regardless of the focus of sexual arousal. If an individual with voyeuristic disorder is able to exercise some degree of control over the behavioural expressions of the arousal pattern, an additional diagnosis of compulsive sexual behavioural disorder is generally not warranted. Boundary with disorders due to substance use Episodes of impulsive or disinhibited sexual behaviour, including voyeuristic behaviour, may occur during substance intoxication. Such episodes may not be a manifestation of a sustained, Paraphilic disorders | Voyeuristic disorder",
  "gloss_vi": "Excludes consensual voyeuristic behaviours that occur with the consent of the individual being observed. paraphilic disorders | voyeuristic disorder 576 clinical descriptions and diagnostic requirements for icd-11 mental...",
  "source": "Everyday Essentials",
  "url": "",
  "lang": "en",
  "axes": {
    "type": [
      "everyday"
    ],
    "condition": [
      "General"
    ],
    "clinical_section": [],
    "life_topics": [
      "stress",
      "study",
      "relationships"
    ],
    "advice_section": [
      "communication_tips",
      "work_habits"
    ],
    "audience": [],
    "risk_band": "low"
  },
  "index_text": "General — Communication Tips General — Communication Tips excludes consensual voyeuristic behaviours that occur with the consent of the individual being observed. Paraphilic disorders | Voyeuristic disorder 576 Clinical Descriptions and Diagnostic Requirements for ICD-11 Mental, Behavioural or Neurodevelopmental Disorders Course features • Individuals with voyeuristic disorder often report the onset of voyeuristic sexual interest during adolescence. • Voyeuristic disorder is relatively stable after young adulthood, but sexual thoughts, fantasies, urges and behaviours may change over time, such that an individual who was assigned a diagnosis of voyeuristic disorder no longer meets the diagnostic requirements. Developmental presentations • Advancing age may be associated with decreasing paraphilic sexual arousal and decreasing behavioural manifestations of voyeuristic disorder due to increased impulse control and decreased sexual drive. Sex- and/or gender-related features • Voyeuristic disorder is much more prevalent among men. Boundaries with other disorders and conditions (differential diagnosis) Boundary with compulsive sexual behaviour disorder Both voyeuristic disorder and compulsive sexual behaviour disorder may involve repetitive sexual impulses, urges or behaviours that result in marked distress or impairment. Voyeuristic disorder is characterized by sexual impulses, urges or behaviours that are manifestations of a sustained, focused and intense pattern of sexual arousal that involves stimuli such as observing an unsuspecting person who is naked, in the process of disrobing, or engaging in sexual activity. In contrast, compulsive sexual behaviour disorder is characterized by a persistent pattern of failure to control sexual impulses, urges or behaviours, regardless of the focus of sexual arousal. If an individual with voyeuristic disorder is able to exercise some degree of control over the behavioural expressions of the arousal pattern, an additional diagnosis of compulsive sexual behavioural disorder is generally not warranted. Boundary with disorders due to substance use Episodes of impulsive or disinhibited sexual behaviour, including voyeuristic behaviour, may occur during substance intoxication. Such episodes may not be a manifestation of a sustained, Paraphilic disorders | Voyeuristic disorder Excludes consensual voyeuristic behaviours that occur with the consent of the individual being observed. paraphilic disorders | voyeuristic disorder 576 clinical descriptions and diagnostic requirements for icd-11 mental..."
}