{
  "id": "everyday#coping_skill_f945e0c6",
  "title_en": "General — Coping Skill",
  "title_vi": "General — Coping Skill",
  "text_en": "BOX 1: RELAXATION TRAINING INSTRUCTIONS » » Explain what you will be doing. F ocus on breathing techniques. “I am going to teach you how to breathe in a way that will help relax your “Try to breathe from your stomach with me. Remember, we start by body and your mind. It will take some practice before you feel the full breathing out until all the air is out; then breathe in. If you can, breathe in benefits of this breathing technique. The reason this strategy focuses on through your nose and out through your mouth. The second step is to slow breathing is because when we feel stressed our breathing becomes fast and the rate of your breathing down. Take three seconds to breathe in, two shallow, making us feel more tense. To begin to relax, you need to start by seconds to hold your breath, and three seconds to breathe out. I will count changing your breathing. Before we start, we will relax the body.” with you. You may close your eyes or keep them open. Slowly breathe in, 1, 2, 3. Hold, 1, 2. Now breathe out, 1, 2, 3.” Repeat this breathing exercise for » Slowly start relaxation exercises and demonstrate breathing. approximately one minute, rest for one minute then repeat the cycle two more times. “Gently shake and loosen your arms and legs. Let them go floppy and loose. Roll your shoulders back and gently",
  "gloss_vi": "Box 1: relaxation training instructions » » explain what you will be doing. f ocus on hít thở techniques.",
  "source": "Everyday Essentials",
  "url": "",
  "lang": "en",
  "axes": {
    "type": [
      "everyday"
    ],
    "condition": [
      "General"
    ],
    "clinical_section": [],
    "life_topics": [
      "stress",
      "study"
    ],
    "advice_section": [
      "coping_skill",
      "work_habits"
    ],
    "audience": [],
    "risk_band": "low"
  },
  "index_text": "General — Coping Skill General — Coping Skill BOX 1: RELAXATION TRAINING INSTRUCTIONS » » Explain what you will be doing. F ocus on breathing techniques. “I am going to teach you how to breathe in a way that will help relax your “Try to breathe from your stomach with me. Remember, we start by body and your mind. It will take some practice before you feel the full breathing out until all the air is out; then breathe in. If you can, breathe in benefits of this breathing technique. The reason this strategy focuses on through your nose and out through your mouth. The second step is to slow breathing is because when we feel stressed our breathing becomes fast and the rate of your breathing down. Take three seconds to breathe in, two shallow, making us feel more tense. To begin to relax, you need to start by seconds to hold your breath, and three seconds to breathe out. I will count changing your breathing. Before we start, we will relax the body.” with you. You may close your eyes or keep them open. Slowly breathe in, 1, 2, 3. Hold, 1, 2. Now breathe out, 1, 2, 3.” Repeat this breathing exercise for » Slowly start relaxation exercises and demonstrate breathing. approximately one minute, rest for one minute then repeat the cycle two more times. “Gently shake and loosen your arms and legs. Let them go floppy and loose. Roll your shoulders back and gently Box 1: relaxation training instructions » » explain what you will be doing. f ocus on hít thở techniques."
}