{
  "id": "everyday#risk_safety_1a51bb01",
  "title_en": "General — Risk Safety",
  "title_vi": "General — Nguy cơ An toàn",
  "text_en": "90 CMH 3 CHILD & ADOLESCENT MENTAL & BEHAVIOURAL DISORDERS Follow-up CMH 3 Follow-up 1 ASSESS FOR IMPROVEMENT CLINICAL TIP » Is the person improving? If exposure to one or more types Reassess and monitor the child/adolescent’s symptoms, of maltreatment was identified behaviour, and functioning at every visit. in the assessment, assess ongoing exposure and risks to the child/ adolescent. » Continue with management plan and follow-up until symptoms cease or remit. » Provide additional psychoeducation and advice on » parenting. P rovide additional psychoeducation and advice on parenting, as appropriate. » » If on medication, consider gradually reducing R eview psychosocial interventions and revise management plan as needed. medication dose in consultation with a specialist. Involve child/adolescent and carers in decision-making, as appropriate. » » If not on medication, decrease frequency of Offer regular follow-up. follow up once symptoms have subsided and the child/adolescent is able to perform well in daily life. If NO improvement in symptoms and/or functioning in 6 months: » Provide additional interventions if available. » Increase the frequency of follow-up visits as needed. » REFER TO SPECIALIST if available, for further assessment and management. DEVELOPMENTAL DISORDERS EMOTIONAL DISORDERS If no improvement, further deterioration, predicted danger to the If no improvement and the child/adolescent has received child, or physical health is affected (such as nutritional problems), psychosocial treatment for at least 6 months » » REFER TO SPECIALIST for further assessment and advice on R EFER TO SPECIALIST. management plan. DO NOT initiate pharmacological treatment. DO NOT consider pharmacological treatment. DEPRESSION ADHD If no improvement and the adolescent is 12 years or older and If",
  "gloss_vi": "90 cmh 3 child & adolescent mental & behavioural disorders follow-up cmh 3 follow-up 1 assess for improvement clinical tip » is the person improving? if exposure to one or more types reassess and monitor the child/adoles...",
  "source": "Everyday Essentials",
  "url": "",
  "lang": "en",
  "axes": {
    "type": [
      "clinical"
    ],
    "condition": [
      "General"
    ],
    "clinical_section": [
      "risk_safety",
      "screening_cues",
      "referral",
      "psychoeducation",
      "do_not_do"
    ],
    "life_topics": [],
    "advice_section": [],
    "audience": [],
    "risk_band": "high"
  },
  "index_text": "General — Risk Safety General — Nguy cơ An toàn 90 CMH 3 CHILD & ADOLESCENT MENTAL & BEHAVIOURAL DISORDERS Follow-up CMH 3 Follow-up 1 ASSESS FOR IMPROVEMENT CLINICAL TIP » Is the person improving? If exposure to one or more types Reassess and monitor the child/adolescent’s symptoms, of maltreatment was identified behaviour, and functioning at every visit. in the assessment, assess ongoing exposure and risks to the child/ adolescent. » Continue with management plan and follow-up until symptoms cease or remit. » Provide additional psychoeducation and advice on » parenting. P rovide additional psychoeducation and advice on parenting, as appropriate. » » If on medication, consider gradually reducing R eview psychosocial interventions and revise management plan as needed. medication dose in consultation with a specialist. Involve child/adolescent and carers in decision-making, as appropriate. » » If not on medication, decrease frequency of Offer regular follow-up. follow up once symptoms have subsided and the child/adolescent is able to perform well in daily life. If NO improvement in symptoms and/or functioning in 6 months: » Provide additional interventions if available. » Increase the frequency of follow-up visits as needed. » REFER TO SPECIALIST if available, for further assessment and management. DEVELOPMENTAL DISORDERS EMOTIONAL DISORDERS If no improvement, further deterioration, predicted danger to the If no improvement and the child/adolescent has received child, or physical health is affected (such as nutritional problems), psychosocial treatment for at least 6 months » » REFER TO SPECIALIST for further assessment and advice on R EFER TO SPECIALIST. management plan. DO NOT initiate pharmacological treatment. DO NOT consider pharmacological treatment. DEPRESSION ADHD If no improvement and the adolescent is 12 years or older and If 90 cmh 3 child & adolescent mental & behavioural disorders follow-up cmh 3 follow-up 1 assess for improvement clinical tip » is the person improving? if exposure to one or more types reassess and monitor the child/adoles..."
}