{
  "id": "everyday#risk_safety_335a4c10",
  "title_en": "General — Risk Safety",
  "title_vi": "General — Nguy cơ An toàn",
  "text_en": "3. Recommendations Implementation considerations advantages, including more holistic health care, y Brief psychological interventions can be delivered increased accessibility of mental health services effectively in non-specialized health-care settings, as for people in need of care, opportunities for well as in other settings including specialized mental reducing the stigma of mental health problems and health care facilities and in the context of social care. reduced costs. y Face-to-face brief psychological interventions y Country adaptation and translation of training delivered by service providers are human resource- materials and tools for the provision of intensive because they require substantial provider psychological interventions is essential. time, training and supervision. y Psychological interventions have shown to be y Task sharing has been found to be an effective effective for people of different ages and genders. approach to delivering brief psychological y If all else is equal, group face-to-face interventions interventions. However, CBT with a trauma focus are less resource-intensive per person receiving care and EMDR can include complex techniques. The than individual face-to-face interventions. However, clinician using these techniques should also groups may be more difficult to organize and require have received training in their provision and an initial individual assessment for each group demonstrated competencies to provide them. member and preparation of individuals for group The provider should have additional capacities to treatment formats. support the person receiving treatment, including y Stress management can often be provided through (i) the ability to make differential diagnosis, guided or unguided self-help formats. IT-based self- (ii) problem-solving techniques and (iii) relaxation/ help interventions often require access to computers stabilizing techniques. Given the delicate and and/or smart phones, and sometimes the internet, technical nature of EMDR, implementation by which can make these interventions difficult to lay providers may carry risks. Lay providers access for low-income individuals or those living should be comprehensively trained and closely in poverty. supervised when providing any intervention for y Self-help books are less cost intensive but require people experiencing conditions related to stress, sufficient literacy skills, which can be limited in including PTSD. various settings. Materials that rely on visual or y Integrating the provision of brief psychological audio media may be useful alternatives. interventions into primary care provides many 47 Mental Health Gap Action Programme (mhGAP) guideline for mental, neurological and substance use disorders STR2. For children and adolescents with PTSD, are psychological interventions effective compared with treatment as usual,",
  "gloss_vi": "3. recommendations implementation considerations advantages, including more holistic health care, y brief psychological interventions can be delivered increased accessibility of mental health services effectively in non-...",
  "source": "Everyday Essentials",
  "url": "",
  "lang": "en",
  "axes": {
    "type": [
      "clinical",
      "everyday"
    ],
    "condition": [
      "General"
    ],
    "clinical_section": [
      "risk_safety",
      "screening_cues",
      "psychoeducation"
    ],
    "life_topics": [
      "stress",
      "study",
      "digital"
    ],
    "advice_section": [
      "coping_skill"
    ],
    "audience": [],
    "risk_band": "low"
  },
  "index_text": "General — Risk Safety General — Nguy cơ An toàn 3. Recommendations Implementation considerations advantages, including more holistic health care, y Brief psychological interventions can be delivered increased accessibility of mental health services effectively in non-specialized health-care settings, as for people in need of care, opportunities for well as in other settings including specialized mental reducing the stigma of mental health problems and health care facilities and in the context of social care. reduced costs. y Face-to-face brief psychological interventions y Country adaptation and translation of training delivered by service providers are human resource- materials and tools for the provision of intensive because they require substantial provider psychological interventions is essential. time, training and supervision. y Psychological interventions have shown to be y Task sharing has been found to be an effective effective for people of different ages and genders. approach to delivering brief psychological y If all else is equal, group face-to-face interventions interventions. However, CBT with a trauma focus are less resource-intensive per person receiving care and EMDR can include complex techniques. The than individual face-to-face interventions. However, clinician using these techniques should also groups may be more difficult to organize and require have received training in their provision and an initial individual assessment for each group demonstrated competencies to provide them. member and preparation of individuals for group The provider should have additional capacities to treatment formats. support the person receiving treatment, including y Stress management can often be provided through (i) the ability to make differential diagnosis, guided or unguided self-help formats. IT-based self- (ii) problem-solving techniques and (iii) relaxation/ help interventions often require access to computers stabilizing techniques. Given the delicate and and/or smart phones, and sometimes the internet, technical nature of EMDR, implementation by which can make these interventions difficult to lay providers may carry risks. Lay providers access for low-income individuals or those living should be comprehensively trained and closely in poverty. supervised when providing any intervention for y Self-help books are less cost intensive but require people experiencing conditions related to stress, sufficient literacy skills, which can be limited in including PTSD. various settings. Materials that rely on visual or y Integrating the provision of brief psychological audio media may be useful alternatives. interventions into primary care provides many 47 Mental Health Gap Action Programme (mhGAP) guideline for mental, neurological and substance use disorders STR2. For children and adolescents with PTSD, are psychological interventions effective compared with treatment as usual, 3. recommendations implementation considerations advantages, including more holistic health care, y brief psychological interventions can be delivered increased accessibility of mental health services effectively in non-..."
}