{
  "id": "everyday#risk_safety_353a2927",
  "title_en": "General — Risk Safety",
  "title_vi": "General — Nguy cơ An toàn",
  "text_en": "recommendation. Low certainty of evidence. xxv Mental Health Gap Action Programme (mhGAP) guideline for mental, neurological and substance use disorders TABLE 1. (continued) Summary of recommendations Module and Recommendation recommendation Strength of the recommendation and certainty of the evidence number Epilepsy and seizures (EPI) EPI1 (update) In adults with established status epilepticus, i.e. seizures persisting after two doses of benzodiazepines, either intravenous fosphenytoin, intravenous phenytoin, intravenous levetiracetam, intravenous phenobarbital or intravenous valproic acid (sodium valproate) should be considered with appropriate monitoring. The choice of these medicines depends on local resources, including availability and facilities for monitoring. Conditional recommendation. Low certainty of evidence. EPI2 (update) In children with established status epilepticus, i.e. seizures persisting after two doses of benzodiazepines, intravenous fosphenytoin, intravenous phenytoin, intravenous levetiracetam, intravenous phenobarbital or intravenous valproic acid (sodium valproate) should be considered with appropriate monitoring. The choice of these medicines depends on local resources, including availability and facilities for monitoring. Conditional recommendation. Moderate certainty of evidence. EPI3 (update) 3.1 Generalized onset seizures: Monotherapy with lamotrigine or levetiracetam, or valproic acid (sodium valproate), should be offered as first-line treatment for generalized onset seizures in men/boys and women/girls who are not of childbearing potential. In women and girls of childbearing potential with generalized onset seizures, lamotrigine or levetiracetam should be offered as first-line monotherapy. If the first monotherapy is not successful for generalized onset seizures, an alternative first-line monotherapy should be tried. Valproic acid (sodium valproate) is not recommended in women and girls of childbearing potential owing to the high risk of birth defects and neurodevelopmental disorders in children exposed to valproic acid (sodium valproate) in the womb. If lamotrigine, levetiracetam and valproic acid (sodium valproate) are not available for generalized onset seizures, monotherapy with either phenytoin or phenobarbital can be considered. Strong recommendation. High certainty of evidence. xxvi",
  "gloss_vi": "Recommendation. low certainty of evidence.",
  "source": "Everyday Essentials",
  "url": "",
  "lang": "en",
  "axes": {
    "type": [
      "clinical"
    ],
    "condition": [
      "General"
    ],
    "clinical_section": [
      "risk_safety",
      "do_not_do"
    ],
    "life_topics": [],
    "advice_section": [],
    "audience": [],
    "risk_band": "low"
  },
  "index_text": "General — Risk Safety General — Nguy cơ An toàn recommendation. Low certainty of evidence. xxv Mental Health Gap Action Programme (mhGAP) guideline for mental, neurological and substance use disorders TABLE 1. (continued) Summary of recommendations Module and Recommendation recommendation Strength of the recommendation and certainty of the evidence number Epilepsy and seizures (EPI) EPI1 (update) In adults with established status epilepticus, i.e. seizures persisting after two doses of benzodiazepines, either intravenous fosphenytoin, intravenous phenytoin, intravenous levetiracetam, intravenous phenobarbital or intravenous valproic acid (sodium valproate) should be considered with appropriate monitoring. The choice of these medicines depends on local resources, including availability and facilities for monitoring. Conditional recommendation. Low certainty of evidence. EPI2 (update) In children with established status epilepticus, i.e. seizures persisting after two doses of benzodiazepines, intravenous fosphenytoin, intravenous phenytoin, intravenous levetiracetam, intravenous phenobarbital or intravenous valproic acid (sodium valproate) should be considered with appropriate monitoring. The choice of these medicines depends on local resources, including availability and facilities for monitoring. Conditional recommendation. Moderate certainty of evidence. EPI3 (update) 3.1 Generalized onset seizures: Monotherapy with lamotrigine or levetiracetam, or valproic acid (sodium valproate), should be offered as first-line treatment for generalized onset seizures in men/boys and women/girls who are not of childbearing potential. In women and girls of childbearing potential with generalized onset seizures, lamotrigine or levetiracetam should be offered as first-line monotherapy. If the first monotherapy is not successful for generalized onset seizures, an alternative first-line monotherapy should be tried. Valproic acid (sodium valproate) is not recommended in women and girls of childbearing potential owing to the high risk of birth defects and neurodevelopmental disorders in children exposed to valproic acid (sodium valproate) in the womb. If lamotrigine, levetiracetam and valproic acid (sodium valproate) are not available for generalized onset seizures, monotherapy with either phenytoin or phenobarbital can be considered. Strong recommendation. High certainty of evidence. xxvi Recommendation. low certainty of evidence."
}