{
  "id": "everyday#risk_safety_18dfab79",
  "title_en": "General — Risk Safety",
  "title_vi": "General — Nguy cơ An toàn",
  "text_en": "study. PLoS disorder. Am J Addict. 2021;30(2):110–21 (https:// One. 2013;8(10):e76635 (https://doi.org/10.1371/ doi.org/10.1111/ajad.13133). journal.pone.0076635). 124 References 154. Siefried KJ, Acheson LS, Lintzeris N, Ezard N. 162. Sancho M, De Gracia M, Rodríguez RC, Mallorquí- Pharmacological treatment of methamphetamine/ Bagué N, Sánchez-González J, Trujols J et al. amphetamine dependence: a systematic review. Mindfulness-based interventions for the treatment CNS Drugs. 2020;34(4):337–65 (https://doi. of substance and behavioral addictions: a org/10.1007/s40263-020-00711-x). systematic review. Front Psychiatry. 2018;9:95 (https://doi.org/10.3389/fpsyt.2018.00095). 155. Naji L, Dennis B, Rosic T, Wiercioch W, Paul J, Worster A et al. Mirtazapine for the treatment 163. Beraldo L, Gil F, Ventriglio A, de Andrade AG, da of amphetamine and methamphetamine use Silva AG, Torales J et al. Spirituality, religiosity disorder: a systematic review and meta-analysis. and addiction recovery: current perspectives. Curr Drug Alcohol Depend. 2022;232:109295 (https:// Drug Res Rev. 2019;11(1):26–32 (https://doi.org/10 doi.org/10.1016/j.drugalcdep.2022.109295). .2174/1874473711666180612075954). 156. Lam L, Anand S, Li X, Tse ML, Zhao JX, Chan EW. 164. Walton-Moss B, Ray EM, Woodruff K. Relationship Efficacy and safety of naltrexone for amfetamine of spirituality or religion to recovery from and methamfetamine use disorder: a systematic substance abuse: a systematic review. J Addict review of randomized controlled trials. Clin Nurs. 2013;24(4):217–8 (https://doi.org/10.1097/ Toxicol. 2019;57(4):225–33 (https://doi.org/10.1080 JAN.0000000000000001). /15563650.2018.1529317). 165. Vest N, Reinstra M, Timko C, Kelly J, Humphreys 157. Minozzi S, Saulle R, De Crescenzo F, Amato L. K. College programming for students in addiction Psychosocial interventions for psychostimulant recovery: a PRISMA-guided scoping review. misuse. Cochrane Database Syst Rev. Addictive Behav. 2021;121:106992 (https://doi. 2016;(9):CD011866. org/10.1016/j.addbeh.2021.106992). 158. Ashford RD, Bergman BG, Kelly JF, Curtis B. 166. Magura S, Marshall T. The effectiveness of Systematic review: digital recovery support interventions intended to improve employment services used to support substance use outcomes for persons with substance use disorder recovery. Hum Behav Emerg Technol. disorder: an updated systematic review. Subst Use 2020;2(1):18–32 (https://doi.org/10.1002/ Misuse. 2020;55(13):2230–6 (https://doi.org/10.108 hbe2.148). 0/10826084.2020.1797810). 159. Nesvåg S, McKay JR. Feasibility and effects of 167. Harrison J, Krieger MJ, Johnson HA. Review of digital interventions to support people in recovery individual placement and support employment from substance use disorders: systematic review. intervention for persons with substance use J Med Internet Res. 2018;20(8):e255 (https://doi. disorder. Subst Use Misuse. 2020;55(4):636–43 org/10.2196/jmir.9873). (https://doi.org/10.1080/10826084.2019.1692035). 160. Wasmuth S, Pritchard K, Kaneshiro K. Occupation- 168. Akanbi MO, Iroz CB, O’Dwyer LC, Rivera AS, based intervention for addictive disorders: a McHugh MC. A systematic review of the systematic review. J Subst Abuse Treat. 2016;62:1– effectiveness of employer-led interventions for 9 (https://doi.org/10.1016/j.jsat.2015.11.011). drug misuse. J Occup Health. 2020;62(1):e12133 (https://doi.org/10.1002/1348-9585.12133). 161. Giménez-Meseguer J, Tortosa-Martínez J, Cortell- Tormo JM. The benefits of physical exercise on 169. Vanderplasschen W, Rapp RC, De Maeyer J, mental disorders and quality of life in substance Van Den Noortgate W. A meta-analysis of the use disorders patients. Systematic review and efficacy of case management for substance meta-analysis. Int J Environ Res Public Health. use disorders: a recovery perspective. Front 2020;17(10):3680 (https://doi.org/10.3390/ Psychiatry. 2019;10:186 (https://doi.org/10.3389/ ijerph17103680). fpsyt.2019.00186). 125",
  "gloss_vi": "Học tập. plos disorder.",
  "source": "Everyday Essentials",
  "url": "",
  "lang": "en",
  "axes": {
    "type": [
      "clinical",
      "everyday"
    ],
    "condition": [
      "General"
    ],
    "clinical_section": [
      "risk_safety",
      "referral",
      "psychoeducation"
    ],
    "life_topics": [
      "study",
      "relationships"
    ],
    "advice_section": [
      "coping_skill"
    ],
    "audience": [],
    "risk_band": "low"
  },
  "index_text": "General — Risk Safety General — Nguy cơ An toàn study. PLoS disorder. Am J Addict. 2021;30(2):110–21 (https:// One. 2013;8(10):e76635 (https://doi.org/10.1371/ doi.org/10.1111/ajad.13133). journal.pone.0076635). 124 References 154. Siefried KJ, Acheson LS, Lintzeris N, Ezard N. 162. Sancho M, De Gracia M, Rodríguez RC, Mallorquí- Pharmacological treatment of methamphetamine/ Bagué N, Sánchez-González J, Trujols J et al. amphetamine dependence: a systematic review. Mindfulness-based interventions for the treatment CNS Drugs. 2020;34(4):337–65 (https://doi. of substance and behavioral addictions: a org/10.1007/s40263-020-00711-x). systematic review. Front Psychiatry. 2018;9:95 (https://doi.org/10.3389/fpsyt.2018.00095). 155. Naji L, Dennis B, Rosic T, Wiercioch W, Paul J, Worster A et al. Mirtazapine for the treatment 163. Beraldo L, Gil F, Ventriglio A, de Andrade AG, da of amphetamine and methamphetamine use Silva AG, Torales J et al. Spirituality, religiosity disorder: a systematic review and meta-analysis. and addiction recovery: current perspectives. Curr Drug Alcohol Depend. 2022;232:109295 (https:// Drug Res Rev. 2019;11(1):26–32 (https://doi.org/10 doi.org/10.1016/j.drugalcdep.2022.109295). .2174/1874473711666180612075954). 156. Lam L, Anand S, Li X, Tse ML, Zhao JX, Chan EW. 164. Walton-Moss B, Ray EM, Woodruff K. Relationship Efficacy and safety of naltrexone for amfetamine of spirituality or religion to recovery from and methamfetamine use disorder: a systematic substance abuse: a systematic review. J Addict review of randomized controlled trials. Clin Nurs. 2013;24(4):217–8 (https://doi.org/10.1097/ Toxicol. 2019;57(4):225–33 (https://doi.org/10.1080 JAN.0000000000000001). /15563650.2018.1529317). 165. Vest N, Reinstra M, Timko C, Kelly J, Humphreys 157. Minozzi S, Saulle R, De Crescenzo F, Amato L. K. College programming for students in addiction Psychosocial interventions for psychostimulant recovery: a PRISMA-guided scoping review. misuse. Cochrane Database Syst Rev. Addictive Behav. 2021;121:106992 (https://doi. 2016;(9):CD011866. org/10.1016/j.addbeh.2021.106992). 158. Ashford RD, Bergman BG, Kelly JF, Curtis B. 166. Magura S, Marshall T. The effectiveness of Systematic review: digital recovery support interventions intended to improve employment services used to support substance use outcomes for persons with substance use disorder recovery. Hum Behav Emerg Technol. disorder: an updated systematic review. Subst Use 2020;2(1):18–32 (https://doi.org/10.1002/ Misuse. 2020;55(13):2230–6 (https://doi.org/10.108 hbe2.148). 0/10826084.2020.1797810). 159. Nesvåg S, McKay JR. Feasibility and effects of 167. Harrison J, Krieger MJ, Johnson HA. Review of digital interventions to support people in recovery individual placement and support employment from substance use disorders: systematic review. intervention for persons with substance use J Med Internet Res. 2018;20(8):e255 (https://doi. disorder. Subst Use Misuse. 2020;55(4):636–43 org/10.2196/jmir.9873). (https://doi.org/10.1080/10826084.2019.1692035). 160. Wasmuth S, Pritchard K, Kaneshiro K. Occupation- 168. Akanbi MO, Iroz CB, O’Dwyer LC, Rivera AS, based intervention for addictive disorders: a McHugh MC. A systematic review of the systematic review. J Subst Abuse Treat. 2016;62:1– effectiveness of employer-led interventions for 9 (https://doi.org/10.1016/j.jsat.2015.11.011). drug misuse. J Occup Health. 2020;62(1):e12133 (https://doi.org/10.1002/1348-9585.12133). 161. Giménez-Meseguer J, Tortosa-Martínez J, Cortell- Tormo JM. The benefits of physical exercise on 169. Vanderplasschen W, Rapp RC, De Maeyer J, mental disorders and quality of life in substance Van Den Noortgate W. A meta-analysis of the use disorders patients. Systematic review and efficacy of case management for substance meta-analysis. Int J Environ Res Public Health. use disorders: a recovery perspective. Front 2020;17(10):3680 (https://doi.org/10.3390/ Psychiatry. 2019;10:186 (https://doi.org/10.3389/ ijerph17103680). fpsyt.2019.00186). 125 Học tập. plos disorder."
}