{
  "id": "everyday#referral_a45bca9e",
  "title_en": "General — Referral",
  "title_vi": "General — Chuyển tuyến",
  "text_en": "598 Clinical Descriptions and Diagnostic Requirements for ICD-11 Mental, Behavioural or Neurodevelopmental Disorders Neurocognitive disorders Neurocognitive disorders 599 Neurocognitive disorders Neurocognitive disorders are characterized by primary clinical deficits in neurocognitive functioning that are acquired rather than developmental. Neurocognitive functioning specifically refers to neurologically based cognitive skills and abilities believed to be directly related to brain functioning, including but not limited to attention/concentration, memory, language, visual spatial/perceptual skills, processing speed and executive functioning (e.g. problem solving, judgement). Neurocognitive disorders represent a decline from a previously attained level of functioning. This grouping does not include disorders characterized by deficits in neurocognitive functioning that are present from birth or that typically arise during the developmental period, which are classified in the grouping of neurodevelopmental disorders. Although cognitive deficits are present in many mental disorders (e.g. schizophrenia, bipolar disorders), only disorders whose core features are neurocognitive are included in the neurocognitive disorders grouping. Neurocognitive disorders include the following: 6D70 Delirium 6D70.0 Delirium due to disease classified elsewhere 6D70.1 Delirium due to psychoactive substances, including medications Note: The following subcategories are cross-listed from disorders due to substance use: 6C40.5 Alcohol-induced delirium 6C41.5 Cannabis-induced delirium 6C42.5 Synthetic cannabinoid-induced delirium 6C43.5 Opioid-induced delirium 6C44.5 Sedative, hypnotic or anxiolytic-induced delirium 6C45.5 Cocaine-induced delirium 6C46.5 Stimulant-induced delirium, including amfetamines, methamfetamine and methcathinone 6C47.5 Synthetic cathinone-induced delirium 6C49.4 Hallucinogen-induced delirium 6C4B.5 Volatile inhalant-induced delirium 6C4C.5 MDMA or related drug-induced delirium, including MDA 6C4D.4 Dissociative drug-induced delirium, including ketamine and PCP 6C4E.5 Delirium induced by other specified psychoactive substance, including medications 6C4F.5 Delirium induced by multiple specified psychoactive substances, including medications Neurocognitive disorders",
  "gloss_vi": "598 clinical descriptions and diagnostic requirements for icd-11 mental, behavioural or neurodevelopmental disorders neurocognitive disorders neurocognitive disorders 599 neurocognitive disorders neurocognitive disorders...",
  "source": "Everyday Essentials",
  "url": "",
  "lang": "en",
  "axes": {
    "type": [
      "clinical"
    ],
    "condition": [
      "General"
    ],
    "clinical_section": [
      "referral"
    ],
    "life_topics": [],
    "advice_section": [],
    "audience": [],
    "risk_band": "low"
  },
  "index_text": "General — Referral General — Chuyển tuyến 598 Clinical Descriptions and Diagnostic Requirements for ICD-11 Mental, Behavioural or Neurodevelopmental Disorders Neurocognitive disorders Neurocognitive disorders 599 Neurocognitive disorders Neurocognitive disorders are characterized by primary clinical deficits in neurocognitive functioning that are acquired rather than developmental. Neurocognitive functioning specifically refers to neurologically based cognitive skills and abilities believed to be directly related to brain functioning, including but not limited to attention/concentration, memory, language, visual spatial/perceptual skills, processing speed and executive functioning (e.g. problem solving, judgement). Neurocognitive disorders represent a decline from a previously attained level of functioning. This grouping does not include disorders characterized by deficits in neurocognitive functioning that are present from birth or that typically arise during the developmental period, which are classified in the grouping of neurodevelopmental disorders. Although cognitive deficits are present in many mental disorders (e.g. schizophrenia, bipolar disorders), only disorders whose core features are neurocognitive are included in the neurocognitive disorders grouping. Neurocognitive disorders include the following: 6D70 Delirium 6D70.0 Delirium due to disease classified elsewhere 6D70.1 Delirium due to psychoactive substances, including medications Note: The following subcategories are cross-listed from disorders due to substance use: 6C40.5 Alcohol-induced delirium 6C41.5 Cannabis-induced delirium 6C42.5 Synthetic cannabinoid-induced delirium 6C43.5 Opioid-induced delirium 6C44.5 Sedative, hypnotic or anxiolytic-induced delirium 6C45.5 Cocaine-induced delirium 6C46.5 Stimulant-induced delirium, including amfetamines, methamfetamine and methcathinone 6C47.5 Synthetic cathinone-induced delirium 6C49.4 Hallucinogen-induced delirium 6C4B.5 Volatile inhalant-induced delirium 6C4C.5 MDMA or related drug-induced delirium, including MDA 6C4D.4 Dissociative drug-induced delirium, including ketamine and PCP 6C4E.5 Delirium induced by other specified psychoactive substance, including medications 6C4F.5 Delirium induced by multiple specified psychoactive substances, including medications Neurocognitive disorders 598 clinical descriptions and diagnostic requirements for icd-11 mental, behavioural or neurodevelopmental disorders neurocognitive disorders neurocognitive disorders 599 neurocognitive disorders neurocognitive disorders..."
}