{
  "id": "everyday#psychoeducation_101d3c7b",
  "title_en": "General — Psychoeducation",
  "title_vi": "General — Giáo dục tâm lý",
  "text_en": "538 Clinical Descriptions and Diagnostic Requirements for ICD-11 Mental, Behavioural or Neurodevelopmental Disorders 6C9Y Other specified disruptive behaviour or dissocial disorder 6C9Z Disruptive behaviour or dissocial disorder, unspecified. In addition, the following specifiers may be applied to all disorders in the disruptive behaviour and dissocial disorders grouping, where x corresponds to the fourth character of the disorder code and y corresponds to the fifth character: 6C9x.y0 With limited prosocial emotions 6C9x.y1 With typical prosocial emotions 6C9x.yZ Unspecified 6C90 Oppositional defiant disorder Essential (required) features • A pattern of markedly noncompliant, defiant and disobedient behaviour that is atypical for individuals of comparable age, developmental level, gender and sociocultural context is required for diagnosis. The pattern of behaviour may include: • persistent difficulty getting along with others (e.g. arguing with authority figures; actively defying or refusing to comply with requests, directives or rules; deliberately annoying others; blaming peers or co-workers for mistakes or misbehaviour); • provocative, spiteful or vindictive behaviour (e.g. antagonizing others, using social media to attack or mock others); • extreme irritability or anger (e.g. being touchy or easily annoyed, losing temper, angry outbursts, being angry and resentful). • The behaviour pattern has persisted for an extended period of time (e.g. 6 months or more). • The oppositional behaviours are not better accounted for by relational problems between the individual and a particular authority figure towards whom the individual is behaving in a defiant manner. Examples may include parents, teachers or supervisors who act antagonistically or place unreasonable demands on the individual. • The behaviour pattern results in significant impairment in personal, family, social, educational or other important areas of functioning. Disruptive behaviour and dissocial disorders | Oppositional defiant disorder Disruptive behaviour and dissocial disorders 539 Specifiers for the presence or absence of chronic irritability-anger Two specifiers indicating the presence or absence of chronic irritability-anger can be assigned to the",
  "gloss_vi": "538 clinical descriptions and diagnostic requirements for icd-11 mental, behavioural or neurodevelopmental disorders 6c9y other specified disruptive behaviour or dissocial disorder 6c9z disruptive behaviour or dissocial ...",
  "source": "Everyday Essentials",
  "url": "",
  "lang": "en",
  "axes": {
    "type": [
      "clinical",
      "everyday"
    ],
    "condition": [
      "General"
    ],
    "clinical_section": [
      "psychoeducation"
    ],
    "life_topics": [
      "study",
      "work",
      "relationships",
      "digital"
    ],
    "advice_section": [],
    "audience": [],
    "risk_band": "low"
  },
  "index_text": "General — Psychoeducation General — Giáo dục tâm lý 538 Clinical Descriptions and Diagnostic Requirements for ICD-11 Mental, Behavioural or Neurodevelopmental Disorders 6C9Y Other specified disruptive behaviour or dissocial disorder 6C9Z Disruptive behaviour or dissocial disorder, unspecified. In addition, the following specifiers may be applied to all disorders in the disruptive behaviour and dissocial disorders grouping, where x corresponds to the fourth character of the disorder code and y corresponds to the fifth character: 6C9x.y0 With limited prosocial emotions 6C9x.y1 With typical prosocial emotions 6C9x.yZ Unspecified 6C90 Oppositional defiant disorder Essential (required) features • A pattern of markedly noncompliant, defiant and disobedient behaviour that is atypical for individuals of comparable age, developmental level, gender and sociocultural context is required for diagnosis. The pattern of behaviour may include: • persistent difficulty getting along with others (e.g. arguing with authority figures; actively defying or refusing to comply with requests, directives or rules; deliberately annoying others; blaming peers or co-workers for mistakes or misbehaviour); • provocative, spiteful or vindictive behaviour (e.g. antagonizing others, using social media to attack or mock others); • extreme irritability or anger (e.g. being touchy or easily annoyed, losing temper, angry outbursts, being angry and resentful). • The behaviour pattern has persisted for an extended period of time (e.g. 6 months or more). • The oppositional behaviours are not better accounted for by relational problems between the individual and a particular authority figure towards whom the individual is behaving in a defiant manner. Examples may include parents, teachers or supervisors who act antagonistically or place unreasonable demands on the individual. • The behaviour pattern results in significant impairment in personal, family, social, educational or other important areas of functioning. Disruptive behaviour and dissocial disorders | Oppositional defiant disorder Disruptive behaviour and dissocial disorders 539 Specifiers for the presence or absence of chronic irritability-anger Two specifiers indicating the presence or absence of chronic irritability-anger can be assigned to the 538 clinical descriptions and diagnostic requirements for icd-11 mental, behavioural or neurodevelopmental disorders 6c9y other specified disruptive behaviour or dissocial disorder 6c9z disruptive behaviour or dissocial ..."
}