{
  "id": "everyday#risk_safety_31481abc",
  "title_en": "General — Risk Safety",
  "title_vi": "General — Nguy cơ An toàn",
  "text_en": "130 DISORDERS DUE TO SUBSTANCE USE SELF-HARM / SUICIDE Suicide is the act of deliberately killing oneself. Self-harm is a Evaluate for thoughts, plans and acts of self-harm during the broader term referring to intentional self-inflicted poisoning or initial assessment and periodically thereafter, as required. Attend injury, which may or may not have a fatal intent or outcome. to the person’s mental state and emotional distress. Any person over 10 years of age experiencing any of the following conditions should be asked about thoughts or plans of self-harm in the last month, and about acts of self-harm in the last year: CLINICAL TIP: Asking about self-harm does NOT provoke acts of self-harm. It often reduces » Any of the priority MNS conditions. See Master Chart ( MC) anxiety associated with thoughts or acts of self-harm and helps the person feel » Chronic pain understood. However, try to establish a relationship with the person before asking » questions about self-harm. Ask the person to explain their reasons for harming Acute emotional distress themselves. 131",
  "gloss_vi": "130 disorders due to substance use tự hại / tự sát tự sát is the act of deliberately killing oneself. tự hại is a evaluate for thoughts, plans and acts of tự hại during the broader term referring to intentional self-infl...",
  "source": "Everyday Essentials",
  "url": "",
  "lang": "en",
  "axes": {
    "type": [
      "clinical",
      "everyday"
    ],
    "condition": [
      "General"
    ],
    "clinical_section": [
      "risk_safety",
      "screening_cues",
      "referral"
    ],
    "life_topics": [
      "stress",
      "relationships"
    ],
    "advice_section": [],
    "audience": [],
    "risk_band": "high"
  },
  "index_text": "General — Risk Safety General — Nguy cơ An toàn 130 DISORDERS DUE TO SUBSTANCE USE SELF-HARM / SUICIDE Suicide is the act of deliberately killing oneself. Self-harm is a Evaluate for thoughts, plans and acts of self-harm during the broader term referring to intentional self-inflicted poisoning or initial assessment and periodically thereafter, as required. Attend injury, which may or may not have a fatal intent or outcome. to the person’s mental state and emotional distress. Any person over 10 years of age experiencing any of the following conditions should be asked about thoughts or plans of self-harm in the last month, and about acts of self-harm in the last year: CLINICAL TIP: Asking about self-harm does NOT provoke acts of self-harm. It often reduces » Any of the priority MNS conditions. See Master Chart ( MC) anxiety associated with thoughts or acts of self-harm and helps the person feel » Chronic pain understood. However, try to establish a relationship with the person before asking » questions about self-harm. Ask the person to explain their reasons for harming Acute emotional distress themselves. 131 130 disorders due to substance use tự hại / tự sát tự sát is the act of deliberately killing oneself. tự hại is a evaluate for thoughts, plans and acts of tự hại during the broader term referring to intentional self-infl..."
}