{
  "id": "everyday#risk_safety_02dfc2a6",
  "title_en": "General — Risk Safety",
  "title_vi": "General — Nguy cơ An toàn",
  "text_en": "Are there symptoms of mania? » Discontinue antidepressant medication. 2 » T reat mania and consult a specialist. Go to PSY. MONITOR TREATMENT At every contact: » Provide psychoeducation, reduce stress and strengthen social supports, promote functioning in daily activities and community life, and review, if applicable, antidepressant medication use and psychological treatment. » Does the person have any new symptoms of concern? Review for MNS and concurrent physical conditions. » Is the person a woman of childbearing age and considering pregnancy? If so, CONSULT A SPECIALIST. Assess for any IMMINENT RISK OF SUICIDE (Go to SUI). 3 REVISE TREATMENT AS APPROPRIATE Has the person been symptom free for 9-12 months? » Discuss with the person the risks and benefits of stopping the medication » » Taper the dose of medication gradually, Continue medication until person is over a minimum of 4 weeks. Monitor symptom free for 9-12 months. the person for symptom recurrence. DEPRESSION 31 32 DEPRESSION",
  "gloss_vi": "Are there symptoms of mania? » discontinue antidepressant medication.",
  "source": "Everyday Essentials",
  "url": "",
  "lang": "en",
  "axes": {
    "type": [
      "clinical",
      "everyday"
    ],
    "condition": [
      "General"
    ],
    "clinical_section": [
      "risk_safety",
      "screening_cues",
      "referral",
      "psychoeducation"
    ],
    "life_topics": [
      "stress"
    ],
    "advice_section": [],
    "audience": [],
    "risk_band": "high"
  },
  "index_text": "General — Risk Safety General — Nguy cơ An toàn Are there symptoms of mania? » Discontinue antidepressant medication. 2 » T reat mania and consult a specialist. Go to PSY. MONITOR TREATMENT At every contact: » Provide psychoeducation, reduce stress and strengthen social supports, promote functioning in daily activities and community life, and review, if applicable, antidepressant medication use and psychological treatment. » Does the person have any new symptoms of concern? Review for MNS and concurrent physical conditions. » Is the person a woman of childbearing age and considering pregnancy? If so, CONSULT A SPECIALIST. Assess for any IMMINENT RISK OF SUICIDE (Go to SUI). 3 REVISE TREATMENT AS APPROPRIATE Has the person been symptom free for 9-12 months? » Discuss with the person the risks and benefits of stopping the medication » » Taper the dose of medication gradually, Continue medication until person is over a minimum of 4 weeks. Monitor symptom free for 9-12 months. the person for symptom recurrence. DEPRESSION 31 32 DEPRESSION Are there symptoms of mania? » discontinue antidepressant medication."
}