{
  "id": "everyday#risk_safety_17a99367",
  "title_en": "General — Risk Safety",
  "title_vi": "General — Nguy cơ An toàn",
  "text_en": "Factors influencing health status or contact with health services particularly relevant to mental health services 737 Problems associated with upbringing QE90 Inadequate parental supervision or control • Inadequate parental supervision or control refers to a lack of parental knowledge of what the child is doing or where the child is; poor control; lack of concern, understanding or comprehension or lack of attempted intervention when the child is in risky situations. QE91 Parental overprotection QE92 Altered pattern of family relationships in childhood • Altered pattern of family relationships in childhood refers to the departure of a family member or arrival of a new person into a family, resulting in adverse change in child’s relationships – may include new relationship or marriage by a parent, death or illness of a parent, illness or birth of a sibling. QE93 Removal from home in childhood QE94 Institutional upbringing • Institutional upbringing refers to group foster care in which parenting responsibilities are largely taken over by some form of institution (such as residential nursery, orphanage or children’s home), or therapeutic care over a prolonged period in which the child is in a hospital, convalescent home or the like, without at least one parent living with the child. QE95 Inappropriate parental pressure or other abnormal qualities of upbringing • Inappropriate parental pressure or other abnormal qualities of upbringing refers to parents forcing the child to be different from the local norm – either sex-inappropriate (e.g. dressing a boy in girl’s clothes), age-inappropriate (e.g. forcing a child to take on responsibilities",
  "gloss_vi": "Factors influencing health status or contact with health services particularly relevant to mental health services 737 problems associated with upbringing qe90 inadequate parental supervision or control • inadequate paren...",
  "source": "Everyday Essentials",
  "url": "",
  "lang": "en",
  "axes": {
    "type": [
      "clinical",
      "everyday"
    ],
    "condition": [
      "General"
    ],
    "clinical_section": [
      "risk_safety",
      "referral"
    ],
    "life_topics": [
      "relationships"
    ],
    "advice_section": [],
    "audience": [],
    "risk_band": "low"
  },
  "index_text": "General — Risk Safety General — Nguy cơ An toàn Factors influencing health status or contact with health services particularly relevant to mental health services 737 Problems associated with upbringing QE90 Inadequate parental supervision or control • Inadequate parental supervision or control refers to a lack of parental knowledge of what the child is doing or where the child is; poor control; lack of concern, understanding or comprehension or lack of attempted intervention when the child is in risky situations. QE91 Parental overprotection QE92 Altered pattern of family relationships in childhood • Altered pattern of family relationships in childhood refers to the departure of a family member or arrival of a new person into a family, resulting in adverse change in child’s relationships – may include new relationship or marriage by a parent, death or illness of a parent, illness or birth of a sibling. QE93 Removal from home in childhood QE94 Institutional upbringing • Institutional upbringing refers to group foster care in which parenting responsibilities are largely taken over by some form of institution (such as residential nursery, orphanage or children’s home), or therapeutic care over a prolonged period in which the child is in a hospital, convalescent home or the like, without at least one parent living with the child. QE95 Inappropriate parental pressure or other abnormal qualities of upbringing • Inappropriate parental pressure or other abnormal qualities of upbringing refers to parents forcing the child to be different from the local norm – either sex-inappropriate (e.g. dressing a boy in girl’s clothes), age-inappropriate (e.g. forcing a child to take on responsibilities Factors influencing health status or contact with health services particularly relevant to mental health services 737 problems associated with upbringing qe90 inadequate parental supervision or control • inadequate paren..."
}