{
  "id": "everyday#general_a6ad9b7d",
  "title_en": "General — General",
  "title_vi": "General — General",
  "text_en": "Mental Health Gap Action Programme (mhGAP) guideline for mental, neurological and substance use disorders Mental Health Gap Action Programme (mhGAP) guideline for mental, neurological and substance use disorders This publication is the update of the documents published in 2010 entitled “mhGAP intervention guide for mental, neurological and substance use disorders in non-specialized health settings: mental health Gap Action Programme (mhGAP)” and in 2015 entitled “Update of the Mental Health Gap Action Programme (mhGAP) guidelines for mental, neurological and substance use disorders, 2015”. ISBN 978-92-4-008427-8 (electronic version) ISBN 978-92-4-008428-5 (print version) © World Health Organization 2023 Some rights reserved. This work is available under the Creative Commons Attribution-NonCommercial-ShareAlike 3.0 IGO licence (CC BY-NC-SA 3.0 IGO; https://creativecommons.org/licenses/by-nc-sa/3.0/igo). Under the terms of this licence, you may copy, redistribute and adapt the work for non-commercial purposes, provided the work is appropriately cited, as indicated below. In any use of this work, there should be no suggestion that WHO endorses any specific organization, products or services. The use of the WHO logo is not permitted. If you adapt the work, then you must license your work under the same or equivalent Creative Commons licence. If you create a translation of this work, you should add the following disclaimer along with the suggested citation: “This translation was not created by the World Health Organization (WHO). WHO is not responsible for the content or accuracy of this translation. The original English edition shall be the binding and authentic edition”. Any mediation relating to disputes arising under the licence shall be conducted in accordance with the mediation rules of the World Intellectual Property Organization (http://www.wipo.int/amc/en/mediation/rules/). Suggested citation. Mental Health Gap Action Programme (mhGAP) guideline for mental, neurological and substance use disorders. Geneva: World Health Organization; 2023.",
  "gloss_vi": "Mental health gap action programme (mhgap) guideline for mental, neurological and substance use disorders mental health gap action programme (mhgap) guideline for mental, neurological and substance use disorders this pub...",
  "source": "Everyday Essentials",
  "url": "",
  "lang": "en",
  "axes": {
    "type": [
      "everyday"
    ],
    "condition": [
      "General"
    ],
    "clinical_section": [],
    "life_topics": [
      "work"
    ],
    "advice_section": [],
    "audience": [],
    "risk_band": "low"
  },
  "index_text": "General — General General — General Mental Health Gap Action Programme (mhGAP) guideline for mental, neurological and substance use disorders Mental Health Gap Action Programme (mhGAP) guideline for mental, neurological and substance use disorders This publication is the update of the documents published in 2010 entitled “mhGAP intervention guide for mental, neurological and substance use disorders in non-specialized health settings: mental health Gap Action Programme (mhGAP)” and in 2015 entitled “Update of the Mental Health Gap Action Programme (mhGAP) guidelines for mental, neurological and substance use disorders, 2015”. ISBN 978-92-4-008427-8 (electronic version) ISBN 978-92-4-008428-5 (print version) © World Health Organization 2023 Some rights reserved. This work is available under the Creative Commons Attribution-NonCommercial-ShareAlike 3.0 IGO licence (CC BY-NC-SA 3.0 IGO; https://creativecommons.org/licenses/by-nc-sa/3.0/igo). Under the terms of this licence, you may copy, redistribute and adapt the work for non-commercial purposes, provided the work is appropriately cited, as indicated below. In any use of this work, there should be no suggestion that WHO endorses any specific organization, products or services. The use of the WHO logo is not permitted. If you adapt the work, then you must license your work under the same or equivalent Creative Commons licence. If you create a translation of this work, you should add the following disclaimer along with the suggested citation: “This translation was not created by the World Health Organization (WHO). WHO is not responsible for the content or accuracy of this translation. The original English edition shall be the binding and authentic edition”. Any mediation relating to disputes arising under the licence shall be conducted in accordance with the mediation rules of the World Intellectual Property Organization (http://www.wipo.int/amc/en/mediation/rules/). Suggested citation. Mental Health Gap Action Programme (mhGAP) guideline for mental, neurological and substance use disorders. Geneva: World Health Organization; 2023. Mental health gap action programme (mhgap) guideline for mental, neurological and substance use disorders mental health gap action programme (mhgap) guideline for mental, neurological and substance use disorders this pub..."
}