{
  "id": "everyday#referral_06a5a367",
  "title_en": "General — Referral",
  "title_vi": "General — Chuyển tuyến",
  "text_en": "Obsessive-compulsive and related disorders 299 Obsessive-compulsive and related disorders The disorders in the obsessive-compulsive and related disorders grouping are characterized by repetitive thoughts and behaviours. Although these also have some features in common with disorders in other groupings (e.g. anxiety and fear-related disorders), those included in the grouping of obsessive-compulsive and related disorders have commonalities on key diagnostic validators and frequently co-occur, which may be related in part to shared genetic factors. Cognitive phenomena such as obsessions, intrusive thoughts and preoccupations are central to a subset of these conditions (obsessive-compulsive disorder, body dysmorphic disorder, hypochondriasis and olfactory reference disorder), and are accompanied by related repetitive behaviours. Hoarding disorder is not associated with intrusive unwanted thoughts but rather characterized by a compulsive need to accumulate possessions and by distress related to discarding them. Also included in the grouping are body-focused repetitive behaviour disorders, which are primarily characterized by recurrent and habitual actions directed at the integument (e.g. hair pulling, skin picking) and lack a prominent cognitive aspect. Obsessive-compulsive and related disorders include the following: 6B20 Obsessive-compulsive disorder 6B21 Body dysmorphic disorder 6B22 Olfactory reference disorder 6B23 Hypochondriasis (health anxiety disorder) 6B24 Hoarding disorder 6B25 Body-focused repetitive behaviour disorders 6B25.0 Trichotillomania (hair-pulling disorder) 6B25.1 Excoriation (skin-picking) disorder 6B25.Y Other specified body-focused repetitive behaviour disorder 6B25.Z Body-focused repetitive behaviour disorder, unspecified 6B2Y Other specified obsessive-compulsive or related disorder 6B2Z Obsessive-compulsive or related disorder, unspecified. 8A05.00 Tourette syndrome Obsessive-compulsive and related disorders 300Clinical Descriptions and Diagnostic Requirements for ICD-11 Mental, Behavioural or Neurodevelopmental Disorders The level of insight an individual has with respect to disorder-specific beliefs varies, and can be specified for those obsessive-compulsive and related disorders in which cognitive phenomena are a key aspect of clinical phenomenology. These include obsessive-compulsive disorder, body dysmorphic disorder, olfactory reference disorder, hypochondriasis and hoarding disorder. The level of insight may be specified as fair to good or poor to absent, as described for each of these",
  "gloss_vi": "Obsessive-compulsive and related disorders 299 obsessive-compulsive and related disorders the disorders in the obsessive-compulsive and related disorders grouping are characterized by repetitive thoughts and behaviours. ...",
  "source": "Everyday Essentials",
  "url": "",
  "lang": "en",
  "axes": {
    "type": [
      "clinical",
      "everyday"
    ],
    "condition": [
      "General"
    ],
    "clinical_section": [
      "referral"
    ],
    "life_topics": [
      "stress",
      "study"
    ],
    "advice_section": [],
    "audience": [],
    "risk_band": "low"
  },
  "index_text": "General — Referral General — Chuyển tuyến Obsessive-compulsive and related disorders 299 Obsessive-compulsive and related disorders The disorders in the obsessive-compulsive and related disorders grouping are characterized by repetitive thoughts and behaviours. Although these also have some features in common with disorders in other groupings (e.g. anxiety and fear-related disorders), those included in the grouping of obsessive-compulsive and related disorders have commonalities on key diagnostic validators and frequently co-occur, which may be related in part to shared genetic factors. Cognitive phenomena such as obsessions, intrusive thoughts and preoccupations are central to a subset of these conditions (obsessive-compulsive disorder, body dysmorphic disorder, hypochondriasis and olfactory reference disorder), and are accompanied by related repetitive behaviours. Hoarding disorder is not associated with intrusive unwanted thoughts but rather characterized by a compulsive need to accumulate possessions and by distress related to discarding them. Also included in the grouping are body-focused repetitive behaviour disorders, which are primarily characterized by recurrent and habitual actions directed at the integument (e.g. hair pulling, skin picking) and lack a prominent cognitive aspect. Obsessive-compulsive and related disorders include the following: 6B20 Obsessive-compulsive disorder 6B21 Body dysmorphic disorder 6B22 Olfactory reference disorder 6B23 Hypochondriasis (health anxiety disorder) 6B24 Hoarding disorder 6B25 Body-focused repetitive behaviour disorders 6B25.0 Trichotillomania (hair-pulling disorder) 6B25.1 Excoriation (skin-picking) disorder 6B25.Y Other specified body-focused repetitive behaviour disorder 6B25.Z Body-focused repetitive behaviour disorder, unspecified 6B2Y Other specified obsessive-compulsive or related disorder 6B2Z Obsessive-compulsive or related disorder, unspecified. 8A05.00 Tourette syndrome Obsessive-compulsive and related disorders 300Clinical Descriptions and Diagnostic Requirements for ICD-11 Mental, Behavioural or Neurodevelopmental Disorders The level of insight an individual has with respect to disorder-specific beliefs varies, and can be specified for those obsessive-compulsive and related disorders in which cognitive phenomena are a key aspect of clinical phenomenology. These include obsessive-compulsive disorder, body dysmorphic disorder, olfactory reference disorder, hypochondriasis and hoarding disorder. The level of insight may be specified as fair to good or poor to absent, as described for each of these Obsessive-compulsive and related disorders 299 obsessive-compulsive and related disorders the disorders in the obsessive-compulsive and related disorders grouping are characterized by repetitive thoughts and behaviours. ..."
}