{
  "id": "everyday#do_not_do_0215222f",
  "title_en": "General — Do Not Do",
  "title_vi": "General — Do Not Do",
  "text_en": "Paraphilic disorders 591 Boundary with other mental disorders in the context of sexual behaviours that are atypical for the individual Sexual behaviours that are atypical for the individual that do not reflect an underlying, persistent pattern of sexual arousal may occur in the context of some mental disorders, such as bipolar type I disorder during manic or mixed episodes, or dementia. If the sexual behaviours involved do not reflect an underlying, persistent pattern of sexual arousal, a diagnosis of paraphilic disorder involving solitary behaviour or consenting individuals should not be assigned. Boundary with gender incongruence of adolescence or adulthood Individuals who have a focused and intense pattern of sexual arousal involving cross-dressing might qualify for the diagnosis of paraphilic disorder involving solitary behaviour or consenting individuals if they are markedly distressed by having this pattern of arousal. A history of sexual excitement in association with cross-dressing can sometimes be a feature of gender incongruence that develops in adolescence or adulthood, but such a history is not a sufficient basis for diagnosing paraphilic disorder involving solitary behaviour or consenting individuals. 6D3Z Paraphilic disorder, unspecified Paraphilic disorders | Paraphilic disorder involving solitary behaviour or consenting individuals Paraphilic disorders | Paraphilic disorder, unspecified 592 Clinical Descriptions and Diagnostic Requirements for ICD-11 Mental, Behavioural or Neurodevelopmental Disorders Factitious disorders | Factitious disorder imposed on self",
  "gloss_vi": "Paraphilic disorders 591 ranh giới with other mental disorders in the context of sexual behaviours that are atypical for the individual sexual behaviours that are atypical for the individual that do not reflect an underl...",
  "source": "Everyday Essentials",
  "url": "",
  "lang": "en",
  "axes": {
    "type": [
      "clinical",
      "everyday"
    ],
    "condition": [
      "General"
    ],
    "clinical_section": [
      "do_not_do"
    ],
    "life_topics": [
      "stress",
      "study",
      "relationships"
    ],
    "advice_section": [
      "communication_tips"
    ],
    "audience": [],
    "risk_band": "low"
  },
  "index_text": "General — Do Not Do General — Do Not Do Paraphilic disorders 591 Boundary with other mental disorders in the context of sexual behaviours that are atypical for the individual Sexual behaviours that are atypical for the individual that do not reflect an underlying, persistent pattern of sexual arousal may occur in the context of some mental disorders, such as bipolar type I disorder during manic or mixed episodes, or dementia. If the sexual behaviours involved do not reflect an underlying, persistent pattern of sexual arousal, a diagnosis of paraphilic disorder involving solitary behaviour or consenting individuals should not be assigned. Boundary with gender incongruence of adolescence or adulthood Individuals who have a focused and intense pattern of sexual arousal involving cross-dressing might qualify for the diagnosis of paraphilic disorder involving solitary behaviour or consenting individuals if they are markedly distressed by having this pattern of arousal. A history of sexual excitement in association with cross-dressing can sometimes be a feature of gender incongruence that develops in adolescence or adulthood, but such a history is not a sufficient basis for diagnosing paraphilic disorder involving solitary behaviour or consenting individuals. 6D3Z Paraphilic disorder, unspecified Paraphilic disorders | Paraphilic disorder involving solitary behaviour or consenting individuals Paraphilic disorders | Paraphilic disorder, unspecified 592 Clinical Descriptions and Diagnostic Requirements for ICD-11 Mental, Behavioural or Neurodevelopmental Disorders Factitious disorders | Factitious disorder imposed on self Paraphilic disorders 591 ranh giới with other mental disorders in the context of sexual behaviours that are atypical for the individual sexual behaviours that are atypical for the individual that do not reflect an underl..."
}