{
  "id": "everyday#do_not_do_0fd795e2",
  "title_en": "General — Do Not Do",
  "title_vi": "General — Do Not Do",
  "text_en": "580 Clinical Descriptions and Diagnostic Requirements for ICD-11 Mental, Behavioural or Neurodevelopmental Disorders focused and intense sexual arousal pattern. At the same time, some individuals with paedophilic disorder may use substances with the intention of engaging in paedophilic behaviour that does reflect an underlying paraphilic arousal pattern. A diagnosis of paedophilic disorder may be assigned together with a disorder due to substance use if the diagnostic requirements for both are met. Boundary with other mental disorders The occurrence or a history of sexual behaviours involving pre-pubertal children is not sufficient to establish a diagnosis of paedophilic disorder. Rather, these behaviours must reflect a sustained, focused and intense pattern of paedophilic sexual arousal. When this is not the case, other causes of the behaviour need to be considered. For example, sexual behaviours involving children that do not reflect an underlying, persistent pattern of paedophilic sexual arousal may occur in the context of some mental disorders, such as bipolar type I disorder during manic or mixed episodes, or dementia. Boundary with sexual crimes that do not involve a paraphilic disorder Sexual crimes involving paedophilic behaviour may consist of actions or behaviours that are not associated with a sustained underlying paraphilic arousal pattern. Rather, these behaviours may be transient and occur impulsively or opportunistically. The diagnosis of paedophilic disorder requires these behaviours to be a manifestation of a sustained, focused and intense pattern of sexual arousal. Boundary with sexually aggressive behaviour in adolescents Some adolescents present with a history of sexually abusing younger children. The diagnosis of paedophilic disorder should be applied with caution to adolescents. Unless there is a persistent pattern of such behaviour, reflecting a sustained, focused and intense pattern of sexual arousal focused on pre-pubertal children, the diagnosis of paedophilic disorder is not appropriate. 6D33 Coercive sexual sadism disorder Essential (required) features • A sustained, focused and intense pattern of sexual arousal – as manifested in persistent sexual thoughts, fantasies, urges or behaviours – that involves the infliction of physical or psychological suffering on",
  "gloss_vi": "580 clinical descriptions and diagnostic requirements for icd-11 mental, behavioural or neurodevelopmental disorders focused and intense sexual arousal pattern. at the same time, some individuals with paedophilic disorde...",
  "source": "Everyday Essentials",
  "url": "",
  "lang": "en",
  "axes": {
    "type": [
      "clinical",
      "everyday"
    ],
    "condition": [
      "General"
    ],
    "clinical_section": [
      "do_not_do"
    ],
    "life_topics": [
      "study",
      "relationships"
    ],
    "advice_section": [
      "communication_tips"
    ],
    "audience": [],
    "risk_band": "low"
  },
  "index_text": "General — Do Not Do General — Do Not Do 580 Clinical Descriptions and Diagnostic Requirements for ICD-11 Mental, Behavioural or Neurodevelopmental Disorders focused and intense sexual arousal pattern. At the same time, some individuals with paedophilic disorder may use substances with the intention of engaging in paedophilic behaviour that does reflect an underlying paraphilic arousal pattern. A diagnosis of paedophilic disorder may be assigned together with a disorder due to substance use if the diagnostic requirements for both are met. Boundary with other mental disorders The occurrence or a history of sexual behaviours involving pre-pubertal children is not sufficient to establish a diagnosis of paedophilic disorder. Rather, these behaviours must reflect a sustained, focused and intense pattern of paedophilic sexual arousal. When this is not the case, other causes of the behaviour need to be considered. For example, sexual behaviours involving children that do not reflect an underlying, persistent pattern of paedophilic sexual arousal may occur in the context of some mental disorders, such as bipolar type I disorder during manic or mixed episodes, or dementia. Boundary with sexual crimes that do not involve a paraphilic disorder Sexual crimes involving paedophilic behaviour may consist of actions or behaviours that are not associated with a sustained underlying paraphilic arousal pattern. Rather, these behaviours may be transient and occur impulsively or opportunistically. The diagnosis of paedophilic disorder requires these behaviours to be a manifestation of a sustained, focused and intense pattern of sexual arousal. Boundary with sexually aggressive behaviour in adolescents Some adolescents present with a history of sexually abusing younger children. The diagnosis of paedophilic disorder should be applied with caution to adolescents. Unless there is a persistent pattern of such behaviour, reflecting a sustained, focused and intense pattern of sexual arousal focused on pre-pubertal children, the diagnosis of paedophilic disorder is not appropriate. 6D33 Coercive sexual sadism disorder Essential (required) features • A sustained, focused and intense pattern of sexual arousal – as manifested in persistent sexual thoughts, fantasies, urges or behaviours – that involves the infliction of physical or psychological suffering on 580 clinical descriptions and diagnostic requirements for icd-11 mental, behavioural or neurodevelopmental disorders focused and intense sexual arousal pattern. at the same time, some individuals with paedophilic disorde..."
}