{
  "id": "everyday#risk_safety_078d2031",
  "title_en": "General — Risk Safety",
  "title_vi": "General — Nguy cơ An toàn",
  "text_en": "744 Clinical Descriptions and Diagnostic Requirements for ICD-11 Mental, Behavioural or Neurodevelopmental Disorders QE1Y Other specified hazardous substance use Hazardous gambling or gaming See the section on disorders due to addictive behaviours, p. 506. QE21 Hazardous gambling or betting • Hazardous gambling or betting refers to a pattern of gambling or betting that appreciably increases the risk of harmful physical or mental health consequences to the individual or to others around this individual. The increased risk may be from the frequency of gambling or betting, from the amount of time spent on these activities or the context of gambling or betting, from the neglect of other activities and priorities, from risky behaviours associated with gambling or betting or its context, from the adverse consequences of gambling or betting, or from a combination of these. The pattern of gambling or betting often persists in spite of awareness of increased risk of harm to the individual or to others. QE22 Hazardous gaming • Hazardous gaming refers to a pattern of gaming, either online or offline that appreciably increases the risk of harmful physical or mental health consequences to the individual or to others around this individual. The increased risk may be from the frequency of gaming, from the amount of",
  "gloss_vi": "744 clinical descriptions and diagnostic requirements for icd-11 mental, behavioural or neurodevelopmental disorders qe1y other specified hazardous substance use hazardous gambling or gaming see the section on disorders ...",
  "source": "Everyday Essentials",
  "url": "",
  "lang": "en",
  "axes": {
    "type": [
      "clinical"
    ],
    "condition": [
      "General"
    ],
    "clinical_section": [
      "risk_safety",
      "referral"
    ],
    "life_topics": [],
    "advice_section": [],
    "audience": [],
    "risk_band": "low"
  },
  "index_text": "General — Risk Safety General — Nguy cơ An toàn 744 Clinical Descriptions and Diagnostic Requirements for ICD-11 Mental, Behavioural or Neurodevelopmental Disorders QE1Y Other specified hazardous substance use Hazardous gambling or gaming See the section on disorders due to addictive behaviours, p. 506. QE21 Hazardous gambling or betting • Hazardous gambling or betting refers to a pattern of gambling or betting that appreciably increases the risk of harmful physical or mental health consequences to the individual or to others around this individual. The increased risk may be from the frequency of gambling or betting, from the amount of time spent on these activities or the context of gambling or betting, from the neglect of other activities and priorities, from risky behaviours associated with gambling or betting or its context, from the adverse consequences of gambling or betting, or from a combination of these. The pattern of gambling or betting often persists in spite of awareness of increased risk of harm to the individual or to others. QE22 Hazardous gaming • Hazardous gaming refers to a pattern of gaming, either online or offline that appreciably increases the risk of harmful physical or mental health consequences to the individual or to others around this individual. The increased risk may be from the frequency of gaming, from the amount of 744 clinical descriptions and diagnostic requirements for icd-11 mental, behavioural or neurodevelopmental disorders qe1y other specified hazardous substance use hazardous gambling or gaming see the section on disorders ..."
}