{
  "id": "everyday#risk_safety_2b2a1fea",
  "title_en": "General — Risk Safety",
  "title_vi": "General — Nguy cơ An toàn",
  "text_en": "Refer to specialist if needed. – Keep the environment at home safe to reduce the risk of Try to minimize competing noises, such as radio, TV, or other falling and injury. conversation. Listen carefully to what the person has to say. Identify events (e.g. shopping at busy market) or factors (e.g. going out alone) that may precede, trigger, or enhance – Inform family members that it is important to keep the Keep things simple, avoid changes to routine, and, as far problem behaviours. Modify these triggers if possible. floor of the person’s home without clutter to reduce as possible, avoid exposing the person to unfamiliar and the risk of falling. bewildering places. DEMENTIA 101 102 DEM 2 DEMENTIA Management PSYCHOSOCIAL (CONT.) PHARMACOLOGICAL INTERVENTIONS 2.5 Carer support 2.6 For Dementia without 2.7 Antipsychotic medication for behavioural and/or behavioural and/or psychological Assess the impact on the carer and the carer’s needs to psychological symptoms symptoms ensure necessary support and resources for their family life, » employment, social activities, and health (see DEM 1). Acknowledge that it can be extremely frustrating and Do not consider cholinesterase inhibitors (like P rovide psychosocial interventions first. stressful to take care of people with dementia. Carers donepezil, galantamine and rivastigmine) or memantine I f there is imminent risk to person or carers, consider need to be encouraged to respect the dignity of the routinely for all cases of dementia. » antipsychotic medication. Go to PSY 2, Management person with dementia and avoid hostility towards, C onsider medications only in settings where specific for details about antipsychotic medication. or neglect of, the person. diagnosis of Alzheimer’s Disease can be made AND where F ollow the principles of: Encourage the carers to seek help if they are experiencing adequate support and supervision by specialists and difficulty or strain in caring for their loved one. monitoring (for side-effects and response) from carers is – “Start low, go slow” (titrate) and review the need regularly available. (at least monthly). Provide information to the carer regarding dementia, – Use the lowest effective dose. keeping in mind the wishes of the person with dementia. If appropriate: – Monitor the person for extrapyramidal symptoms (EPS) Provide training and support in specific skills, e.g. F or dementia with suspected Alzhemer’s Disease, Avoid i.v. haloperidol managing difficult behaviour, if necessary. To be most and with CLOSE MONITORING, consider cholinesterase effective, elicit active participation, e.g. role play. inhibitors (e.g. donepezil, galantamine, rivastigmine) Avoid diazepam. OR memantine. Consider providing practical support when feasible, e.g. home-based respite care. Another family or suitable F or dementia with associated vascular disease, consider person can supervise and care for the person with memantine. dementia to provide the main carer with a period of relief to rest or carry out other activities. Explore whether the person qualifies for any disability benefits or other social/financial support (government or non-governmental).",
  "gloss_vi": "Refer to specialist if needed. – keep the environment at home safe to reduce the nguy cơ of try to minimize competing noises, such as radio, tv, or other falling and injury.",
  "source": "Everyday Essentials",
  "url": "",
  "lang": "en",
  "axes": {
    "type": [
      "clinical",
      "everyday"
    ],
    "condition": [
      "General"
    ],
    "clinical_section": [
      "risk_safety",
      "screening_cues",
      "referral",
      "psychoeducation",
      "do_not_do"
    ],
    "life_topics": [
      "stress",
      "relationships"
    ],
    "advice_section": [
      "work_habits"
    ],
    "audience": [],
    "risk_band": "low"
  },
  "index_text": "General — Risk Safety General — Nguy cơ An toàn Refer to specialist if needed. – Keep the environment at home safe to reduce the risk of Try to minimize competing noises, such as radio, TV, or other falling and injury. conversation. Listen carefully to what the person has to say. Identify events (e.g. shopping at busy market) or factors (e.g. going out alone) that may precede, trigger, or enhance – Inform family members that it is important to keep the Keep things simple, avoid changes to routine, and, as far problem behaviours. Modify these triggers if possible. floor of the person’s home without clutter to reduce as possible, avoid exposing the person to unfamiliar and the risk of falling. bewildering places. DEMENTIA 101 102 DEM 2 DEMENTIA Management PSYCHOSOCIAL (CONT.) PHARMACOLOGICAL INTERVENTIONS 2.5 Carer support 2.6 For Dementia without 2.7 Antipsychotic medication for behavioural and/or behavioural and/or psychological Assess the impact on the carer and the carer’s needs to psychological symptoms symptoms ensure necessary support and resources for their family life, » employment, social activities, and health (see DEM 1). Acknowledge that it can be extremely frustrating and Do not consider cholinesterase inhibitors (like P rovide psychosocial interventions first. stressful to take care of people with dementia. Carers donepezil, galantamine and rivastigmine) or memantine I f there is imminent risk to person or carers, consider need to be encouraged to respect the dignity of the routinely for all cases of dementia. » antipsychotic medication. Go to PSY 2, Management person with dementia and avoid hostility towards, C onsider medications only in settings where specific for details about antipsychotic medication. or neglect of, the person. diagnosis of Alzheimer’s Disease can be made AND where F ollow the principles of: Encourage the carers to seek help if they are experiencing adequate support and supervision by specialists and difficulty or strain in caring for their loved one. monitoring (for side-effects and response) from carers is – “Start low, go slow” (titrate) and review the need regularly available. (at least monthly). Provide information to the carer regarding dementia, – Use the lowest effective dose. keeping in mind the wishes of the person with dementia. If appropriate: – Monitor the person for extrapyramidal symptoms (EPS) Provide training and support in specific skills, e.g. F or dementia with suspected Alzhemer’s Disease, Avoid i.v. haloperidol managing difficult behaviour, if necessary. To be most and with CLOSE MONITORING, consider cholinesterase effective, elicit active participation, e.g. role play. inhibitors (e.g. donepezil, galantamine, rivastigmine) Avoid diazepam. OR memantine. Consider providing practical support when feasible, e.g. home-based respite care. Another family or suitable F or dementia with associated vascular disease, consider person can supervise and care for the person with memantine. dementia to provide the main carer with a period of relief to rest or carry out other activities. Explore whether the person qualifies for any disability benefits or other social/financial support (government or non-governmental). Refer to specialist if needed. – keep the environment at home safe to reduce the nguy cơ of try to minimize competing noises, such as radio, tv, or other falling and injury."
}