{
  "id": "everyday#risk_safety_35bc68a1",
  "title_en": "General — Risk Safety",
  "title_vi": "General — Nguy cơ An toàn",
  "text_en": "substance jaundiced (yellow) skin and eyes, palpable and tender health care facilities should use. Look for: liver edge (in early liver disease), ascites (distended be asked about abdomen is filled with fluid), spider naevi (spider-like – Recurrent requests for psychoactive their tobacco and blood vessels visible on the surface of the skin), and medications including analgesics alcohol use. altered mental status (hepatic encephalopathy) – Injuries – Infections associated with intravenous drug Problems with balance, walking, coordinated use (HIV/AIDS, Hepatitis C) movements, and nystagmus Extreme hopelessness and despair Current thoughts, plan or act of self-harm/ SELF-HARM/SUICIDE (SUI) suicide, or history thereof Any of the other priority conditions, chronic pain, or extreme emotional distress 17 18 EMERGENCY Presentations of Priority MNS Conditions EMERGENCY PRESENTATION CONDITION TO CONSIDER GO TO Act of self-harm with signs of poisoning or intoxication, bleeding from self-inflicted wound, loss of consciousness MEDICALLY SERIOUS ACT OF SELF-HARM and/or extreme lethargy SUI Current thoughts, plan, or act of self-harm or suicide, or IMMINENT RISK OF SELF-HARM/SUICIDE history of thoughts, plan, or act of self-harm or suicide in a person who is now extremely agitated, violent, distressed or lacks communication Acute convulsion with loss of consciousness or impaired EPILEPSY consciousness EPI, SUB STATUS EPILEPTICUS Continuous convulsions ALCOHOL OR OTHER SEDATIVE WITHDRAWAL Agitated and/or aggressive behaviour DEM, PSY, SUB Smell of alcohol on the breath, slurred speech, uninhibited behaviour; disturbance in the level of consciousness, cognition, ACUTE ALCOHOL INTOXICATION perception, affect or behaviour Tremor in hands, sweating, vomiting, increased pulse and ALCOHOL WITHDRAWAL SUB blood pressure, agitation, headache, nausea, anxiety; seizure ALCOHOL WITHDRAWAL DELIRIUM and confusion in severe cases Unresponsive or minimally responsive, slow respiratory rate, SEDATIVE OVERDOSE OR INTOXICATION pinpoint pupils Dilated pupils, excited, racing thoughts, disordered thinking, ACUTE STIMULANT INTOXICATION OR OVERDOSE strange behaviour, recent use of cocaine or other stimulants, increased pulse and blood pressure, aggressive, erratic or violent behaviour",
  "gloss_vi": "Substance jaundiced (yellow) skin and eyes, palpable and tender health care facilities should use. look for: liver edge (in early liver disease), ascites (distended be asked about abdomen is filled with fluid), spider na...",
  "source": "Everyday Essentials",
  "url": "",
  "lang": "en",
  "axes": {
    "type": [
      "clinical",
      "everyday"
    ],
    "condition": [
      "General"
    ],
    "clinical_section": [
      "risk_safety"
    ],
    "life_topics": [
      "stress",
      "grief"
    ],
    "advice_section": [
      "coping_skill"
    ],
    "audience": [],
    "risk_band": "high"
  },
  "index_text": "General — Risk Safety General — Nguy cơ An toàn substance jaundiced (yellow) skin and eyes, palpable and tender health care facilities should use. Look for: liver edge (in early liver disease), ascites (distended be asked about abdomen is filled with fluid), spider naevi (spider-like – Recurrent requests for psychoactive their tobacco and blood vessels visible on the surface of the skin), and medications including analgesics alcohol use. altered mental status (hepatic encephalopathy) – Injuries – Infections associated with intravenous drug Problems with balance, walking, coordinated use (HIV/AIDS, Hepatitis C) movements, and nystagmus Extreme hopelessness and despair Current thoughts, plan or act of self-harm/ SELF-HARM/SUICIDE (SUI) suicide, or history thereof Any of the other priority conditions, chronic pain, or extreme emotional distress 17 18 EMERGENCY Presentations of Priority MNS Conditions EMERGENCY PRESENTATION CONDITION TO CONSIDER GO TO Act of self-harm with signs of poisoning or intoxication, bleeding from self-inflicted wound, loss of consciousness MEDICALLY SERIOUS ACT OF SELF-HARM and/or extreme lethargy SUI Current thoughts, plan, or act of self-harm or suicide, or IMMINENT RISK OF SELF-HARM/SUICIDE history of thoughts, plan, or act of self-harm or suicide in a person who is now extremely agitated, violent, distressed or lacks communication Acute convulsion with loss of consciousness or impaired EPILEPSY consciousness EPI, SUB STATUS EPILEPTICUS Continuous convulsions ALCOHOL OR OTHER SEDATIVE WITHDRAWAL Agitated and/or aggressive behaviour DEM, PSY, SUB Smell of alcohol on the breath, slurred speech, uninhibited behaviour; disturbance in the level of consciousness, cognition, ACUTE ALCOHOL INTOXICATION perception, affect or behaviour Tremor in hands, sweating, vomiting, increased pulse and ALCOHOL WITHDRAWAL SUB blood pressure, agitation, headache, nausea, anxiety; seizure ALCOHOL WITHDRAWAL DELIRIUM and confusion in severe cases Unresponsive or minimally responsive, slow respiratory rate, SEDATIVE OVERDOSE OR INTOXICATION pinpoint pupils Dilated pupils, excited, racing thoughts, disordered thinking, ACUTE STIMULANT INTOXICATION OR OVERDOSE strange behaviour, recent use of cocaine or other stimulants, increased pulse and blood pressure, aggressive, erratic or violent behaviour Substance jaundiced (yellow) skin and eyes, palpable and tender health care facilities should use. look for: liver edge (in early liver disease), ascites (distended be asked about abdomen is filled with fluid), spider na..."
}