{
  "id": "everyday#referral_0894f96c",
  "title_en": "General — Referral",
  "title_vi": "General — Chuyển tuyến",
  "text_en": "List of categories 53 6C44.71 Sedative, hypnotic or anxiolytic-induced anxiety disorder 6C45.71 Cocaine-induced anxiety disorder 6C46.71 Stimulant-induced anxiety disorder, including amfetamines, methamfetamine and methcathinone 6C47.71 Synthetic cathinone-induced anxiety disorder 6C48.71 Caffeine-induced anxiety disorder 6C49.71 Hallucinogen-induced anxiety disorder 6C40.71 Volatile inhalant-induced anxiety disorder 6C4C.71 MDMA or related drug-induced anxiety disorder 6C4D.71 Dissociative drug-induced anxiety disorder, including ketamine and PCP 6C4E.71 Anxiety disorder induced by other specified psychoactive substance 6C4F.71 Anxiety disorder induced by multiple specified psychoactive substances 6C4G.71 Anxiety disorder induced by unknown or unspecified specified psychoactive substances From secondary mental or behavioural syndromes associated with disorders and diseases classified elsewhere: 6E63 Secondary anxiety syndrome 54 Clinical Descriptions and Diagnostic Requirements for ICD-11 Mental, Behavioural or Neurodevelopmental Disorders Obsessive-compulsive and related disorders 6B20 Obsessive-compulsive disorder Specify level of insight: 6B20.0 Obsessive-compulsive disorder with fair to good insight 6B20.1 Obsessive-compulsive disorder with poor to absent insight 6B20.Z Obsessive-compulsive disorder, unspecified 6B21 Body dysmorphic disorder Specify level of insight: 6B21.0 Body dysmorphic disorder with fair to good insight 6B21.1 Body dysmorphic disorder with poor to absent insight 6B21.Z Body dysmorphic disorder, unspecified 6B22 Olfactory reference disorder Specify level of insight: 6B22.0 Olfactory reference disorder with fair to good insight 6B22.1 Olfactory reference disorder with poor to absent insight 6B22.Z Olfactory reference disorder, unspecified 6B23 Hypochondriasis (health anxiety disorder) Specify level of insight: 6B23.0 Hypochondriasis with fair to good insight 6B23.1 Hypochondriasis with poor to absent insight 6B23.Z Hypochondriasis, unspecified 6B24 Hoarding disorder Specify level of insight: 6B24.0 Hoarding disorder with fair to good insight 6B24.1 Hoarding disorder with poor to absent insight 6B24.Z Hoarding disorder, unspecified 6B25 Body-focused repetitive behaviour disorders 6E64 6B25.0 Trichotillomania (hair-pulling disorder) 6B25.1 Excoriation (skin-picking) disorder",
  "gloss_vi": "List of categories 53 6c44.71 sedative, hypnotic or anxiolytic-induced lo âu disorder 6c45.71 cocaine-induced lo âu disorder 6c46.71 stimulant-induced lo âu disorder, including amfetamines, methamfetamine and methcathino...",
  "source": "Everyday Essentials",
  "url": "",
  "lang": "en",
  "axes": {
    "type": [
      "clinical",
      "everyday"
    ],
    "condition": [
      "General"
    ],
    "clinical_section": [
      "referral"
    ],
    "life_topics": [
      "study"
    ],
    "advice_section": [
      "sleep_hygiene"
    ],
    "audience": [],
    "risk_band": "low"
  },
  "index_text": "General — Referral General — Chuyển tuyến List of categories 53 6C44.71 Sedative, hypnotic or anxiolytic-induced anxiety disorder 6C45.71 Cocaine-induced anxiety disorder 6C46.71 Stimulant-induced anxiety disorder, including amfetamines, methamfetamine and methcathinone 6C47.71 Synthetic cathinone-induced anxiety disorder 6C48.71 Caffeine-induced anxiety disorder 6C49.71 Hallucinogen-induced anxiety disorder 6C40.71 Volatile inhalant-induced anxiety disorder 6C4C.71 MDMA or related drug-induced anxiety disorder 6C4D.71 Dissociative drug-induced anxiety disorder, including ketamine and PCP 6C4E.71 Anxiety disorder induced by other specified psychoactive substance 6C4F.71 Anxiety disorder induced by multiple specified psychoactive substances 6C4G.71 Anxiety disorder induced by unknown or unspecified specified psychoactive substances From secondary mental or behavioural syndromes associated with disorders and diseases classified elsewhere: 6E63 Secondary anxiety syndrome 54 Clinical Descriptions and Diagnostic Requirements for ICD-11 Mental, Behavioural or Neurodevelopmental Disorders Obsessive-compulsive and related disorders 6B20 Obsessive-compulsive disorder Specify level of insight: 6B20.0 Obsessive-compulsive disorder with fair to good insight 6B20.1 Obsessive-compulsive disorder with poor to absent insight 6B20.Z Obsessive-compulsive disorder, unspecified 6B21 Body dysmorphic disorder Specify level of insight: 6B21.0 Body dysmorphic disorder with fair to good insight 6B21.1 Body dysmorphic disorder with poor to absent insight 6B21.Z Body dysmorphic disorder, unspecified 6B22 Olfactory reference disorder Specify level of insight: 6B22.0 Olfactory reference disorder with fair to good insight 6B22.1 Olfactory reference disorder with poor to absent insight 6B22.Z Olfactory reference disorder, unspecified 6B23 Hypochondriasis (health anxiety disorder) Specify level of insight: 6B23.0 Hypochondriasis with fair to good insight 6B23.1 Hypochondriasis with poor to absent insight 6B23.Z Hypochondriasis, unspecified 6B24 Hoarding disorder Specify level of insight: 6B24.0 Hoarding disorder with fair to good insight 6B24.1 Hoarding disorder with poor to absent insight 6B24.Z Hoarding disorder, unspecified 6B25 Body-focused repetitive behaviour disorders 6E64 6B25.0 Trichotillomania (hair-pulling disorder) 6B25.1 Excoriation (skin-picking) disorder List of categories 53 6c44.71 sedative, hypnotic or anxiolytic-induced lo âu disorder 6c45.71 cocaine-induced lo âu disorder 6c46.71 stimulant-induced lo âu disorder, including amfetamines, methamfetamine and methcathino..."
}