{
  "id": "everyday#risk_safety_157177df",
  "title_en": "General — Risk Safety",
  "title_vi": "General — Nguy cơ An toàn",
  "text_en": "132 SUI SELF HARM / SUICIDE SUI Quick Overview ASSESSMENT MANAGEMENT A ssess if the person has attempted Management Protocols a medically serious act of self-harm 1. Medically serious act of self-harm 2. Imminent risk of self-harm/suicide Assess for imminent risk of 3. Risk of self-harm/suicide self-harm/suicide General Management and Assess for any of the priority MNS conditions Psychosocial Interventions Assess for chronic pain Assess for severity of emotional symptoms FOLLOW-UP SUI 1 SUI 1 Assessment ASSESS FOR SELF-HARM/SUICIDE IF THE PERSON PRESENTS WITH EITHER: E xtreme hopelessness and despair, current thoughts/plan/act of self-harm suicide or history thereof, act of self-harm with signs of poisoning/intoxication, bleeding from self-inflicted wound, loss of consciousness and/or extreme lethargy, OR A ny of the priority MNS conditions, chronic pain or extreme emotional distress 1 Has the person attempted a medically serious act of self-harm? Assess if there is evidence of self-injury and/or signs/symptoms requiring urgent medical treatment: – Signs of poisoning or intoxication – Loss of consciousness – Bleeding from self-inflicted wound – Extreme lethargy CLINICAL TIP Management for the medically serious act of If medically stable, perform appropriate self-harm is required. management, as needed. Go to PROTOCOL 1 R eturn to STEP 2 2 once person is medically stable. SELF-HARM /SUICIDE 133",
  "gloss_vi": "132 sui self harm / tự sát sui quick overview đánh giá management a ssess if the person has attempted management protocols a medically serious act of tự hại 1. medically serious act of tự hại 2.",
  "source": "Everyday Essentials",
  "url": "",
  "lang": "en",
  "axes": {
    "type": [
      "clinical",
      "everyday"
    ],
    "condition": [
      "General"
    ],
    "clinical_section": [
      "risk_safety",
      "screening_cues",
      "referral"
    ],
    "life_topics": [
      "stress",
      "grief"
    ],
    "advice_section": [],
    "audience": [],
    "risk_band": "high"
  },
  "index_text": "General — Risk Safety General — Nguy cơ An toàn 132 SUI SELF HARM / SUICIDE SUI Quick Overview ASSESSMENT MANAGEMENT A ssess if the person has attempted Management Protocols a medically serious act of self-harm 1. Medically serious act of self-harm 2. Imminent risk of self-harm/suicide Assess for imminent risk of 3. Risk of self-harm/suicide self-harm/suicide General Management and Assess for any of the priority MNS conditions Psychosocial Interventions Assess for chronic pain Assess for severity of emotional symptoms FOLLOW-UP SUI 1 SUI 1 Assessment ASSESS FOR SELF-HARM/SUICIDE IF THE PERSON PRESENTS WITH EITHER: E xtreme hopelessness and despair, current thoughts/plan/act of self-harm suicide or history thereof, act of self-harm with signs of poisoning/intoxication, bleeding from self-inflicted wound, loss of consciousness and/or extreme lethargy, OR A ny of the priority MNS conditions, chronic pain or extreme emotional distress 1 Has the person attempted a medically serious act of self-harm? Assess if there is evidence of self-injury and/or signs/symptoms requiring urgent medical treatment: – Signs of poisoning or intoxication – Loss of consciousness – Bleeding from self-inflicted wound – Extreme lethargy CLINICAL TIP Management for the medically serious act of If medically stable, perform appropriate self-harm is required. management, as needed. Go to PROTOCOL 1 R eturn to STEP 2 2 once person is medically stable. SELF-HARM /SUICIDE 133 132 sui self harm / tự sát sui quick overview đánh giá management a ssess if the person has attempted management protocols a medically serious act of tự hại 1. medically serious act of tự hại 2."
}