{
  "id": "everyday#do_not_do_6c23bdc3",
  "title_en": "General — Do Not Do",
  "title_vi": "General — Do Not Do",
  "text_en": "150 Clinical Descriptions and Diagnostic Requirements for ICD-11 Mental, Behavioural or Neurodevelopmental Disorders • Stereotyped movements result in significant interference with the ability to engage in normal daily activities, or result in self-inflicted bodily injury severe enough to be an independent focus of clinical attention or that would result in self-injury if protective measures were not taken. • Onset occurs during the developmental period, typically at an early age. Specifiers related to self-injury A specifier should be applied with the diagnosis of stereotyped movement disorder to indicate whether it involves movements that result in physical harm to the individual. 6A06.0 Stereotyped movement disorder without self-injury • Stereotyped movements do not result in physical harm to the affected individual even without the presence of protective measures. These behaviours typically include body rocking, head rocking, finger-flicking mannerisms and hand flapping. 6A06.1 Stereotyped movement disorder with self-injury • Stereotyped movements result in harm to the affected individual that is severe enough to be an independent focus of clinical attention, or would result in self-injury if protective measures (e.g. helmet to prevent head injury) were not taken. These behaviours typically include head banging, face slapping, eye poking and biting of the hands, lips or other body parts. 6A06.Z Stereotyped movement disorder, unspecified Additional clinical features • Co-occurrence of stereotyped movement disorder and disorders of intellectual development is common. Neurodevelopmental disorders | Stereotyped movement disorder Neurodevelopmental disorders 151 Boundary with normality (threshold) • Many young children show stereotyped behaviours (e.g.",
  "gloss_vi": "150 clinical descriptions and diagnostic requirements for icd-11 mental, behavioural or neurodevelopmental disorders • stereotyped movements result in significant interference with the ability to engage in normal daily a...",
  "source": "Everyday Essentials",
  "url": "",
  "lang": "en",
  "axes": {
    "type": [
      "clinical",
      "everyday"
    ],
    "condition": [
      "General"
    ],
    "clinical_section": [
      "do_not_do"
    ],
    "life_topics": [
      "study",
      "relationships"
    ],
    "advice_section": [
      "communication_tips"
    ],
    "audience": [],
    "risk_band": "low"
  },
  "index_text": "General — Do Not Do General — Do Not Do 150 Clinical Descriptions and Diagnostic Requirements for ICD-11 Mental, Behavioural or Neurodevelopmental Disorders • Stereotyped movements result in significant interference with the ability to engage in normal daily activities, or result in self-inflicted bodily injury severe enough to be an independent focus of clinical attention or that would result in self-injury if protective measures were not taken. • Onset occurs during the developmental period, typically at an early age. Specifiers related to self-injury A specifier should be applied with the diagnosis of stereotyped movement disorder to indicate whether it involves movements that result in physical harm to the individual. 6A06.0 Stereotyped movement disorder without self-injury • Stereotyped movements do not result in physical harm to the affected individual even without the presence of protective measures. These behaviours typically include body rocking, head rocking, finger-flicking mannerisms and hand flapping. 6A06.1 Stereotyped movement disorder with self-injury • Stereotyped movements result in harm to the affected individual that is severe enough to be an independent focus of clinical attention, or would result in self-injury if protective measures (e.g. helmet to prevent head injury) were not taken. These behaviours typically include head banging, face slapping, eye poking and biting of the hands, lips or other body parts. 6A06.Z Stereotyped movement disorder, unspecified Additional clinical features • Co-occurrence of stereotyped movement disorder and disorders of intellectual development is common. Neurodevelopmental disorders | Stereotyped movement disorder Neurodevelopmental disorders 151 Boundary with normality (threshold) • Many young children show stereotyped behaviours (e.g. 150 clinical descriptions and diagnostic requirements for icd-11 mental, behavioural or neurodevelopmental disorders • stereotyped movements result in significant interference with the ability to engage in normal daily a..."
}