{
  "id": "everyday#general_9cefa8ed",
  "title_en": "General — General",
  "title_vi": "General — General",
  "text_en": "Annex 1. Contributors to the guideline Members of the External Review Group (ERG) Name and title Affiliation WHO region Expertise of residence Dr Helal Uddin Ahmed National Institute of Mental South-East Asia Child and adolescent Health, Dhaka, Bangladesh mental health Professor Kaarin Anstey University of New South Western Pacific Dementia Wales, Sydney, Australia Professor Helen Herrman Orygen, The National Western Pacific Vulnerable and disengaged Centre of Excellence in youth, community mental Youth Mental Health, health, mental health University of Melbourne, promotion, gender Melbourne, Australia Dr Lola Kola WHO Collaborating Centre Africa Global mental health for Research and Training in Mental Health, Neurosciences and Drug and Alcohol Abuse, Department of Psychiatry College of Medicine, University of Ibadan, Ibadan, Nigeria BRiTE Center, Department of Psychiatry and Behavioral Sciences, University of Washington, Seattle, USA Professor Crick Lund King’s College London, Europe and Africa Mental health policy, service United Kingdom planning and the relationship between poverty and mental University of Cape Town, Cape health in LMICs Town, South Africa Professor David Ndetei University of Nairobi, Africa Community mental health; Nairobi, Kenya incorporating mental health in treatment of chronic noncommunicable diseases such as cancer, diabetes and hypertension; mother- child health; early childhood development; school",
  "gloss_vi": "Annex 1. contributors to the guideline members of the external review group (erg) name and title affiliation who region expertise of residence dr helal uddin ahmed national institute of mental south-east asia child and a...",
  "source": "Everyday Essentials",
  "url": "",
  "lang": "en",
  "axes": {
    "type": [
      "everyday"
    ],
    "condition": [
      "General"
    ],
    "clinical_section": [],
    "life_topics": [
      "stress",
      "relationships"
    ],
    "advice_section": [],
    "audience": [],
    "risk_band": "low"
  },
  "index_text": "General — General General — General Annex 1. Contributors to the guideline Members of the External Review Group (ERG) Name and title Affiliation WHO region Expertise of residence Dr Helal Uddin Ahmed National Institute of Mental South-East Asia Child and adolescent Health, Dhaka, Bangladesh mental health Professor Kaarin Anstey University of New South Western Pacific Dementia Wales, Sydney, Australia Professor Helen Herrman Orygen, The National Western Pacific Vulnerable and disengaged Centre of Excellence in youth, community mental Youth Mental Health, health, mental health University of Melbourne, promotion, gender Melbourne, Australia Dr Lola Kola WHO Collaborating Centre Africa Global mental health for Research and Training in Mental Health, Neurosciences and Drug and Alcohol Abuse, Department of Psychiatry College of Medicine, University of Ibadan, Ibadan, Nigeria BRiTE Center, Department of Psychiatry and Behavioral Sciences, University of Washington, Seattle, USA Professor Crick Lund King’s College London, Europe and Africa Mental health policy, service United Kingdom planning and the relationship between poverty and mental University of Cape Town, Cape health in LMICs Town, South Africa Professor David Ndetei University of Nairobi, Africa Community mental health; Nairobi, Kenya incorporating mental health in treatment of chronic noncommunicable diseases such as cancer, diabetes and hypertension; mother- child health; early childhood development; school Annex 1. contributors to the guideline members of the external review group (erg) name and title affiliation who region expertise of residence dr helal uddin ahmed national institute of mental south-east asia child and a..."
}