{
  "id": "everyday#risk_safety_10419340",
  "title_en": "General — Risk Safety",
  "title_vi": "General — Nguy cơ An toàn",
  "text_en": "100 DEM 2 DEMENTIA Management DEM 2 Management PROTOCOL PROTOCOL 1 2 DEMENTIA – without behavioural DEMENTIA – with behavioural and/or psychological symptoms and/or psychological symptoms Provide Psychoeducation to person and carers. (2.1) Follow PROTOCOL 1 Encourage carers to conduct interventions to improve + cognitive functioning. (2.4) Promote independence, functioning, and mobility. (2.3) Manage behavioral and psychological symptoms. (2.2) Provide carers with support. (2.5) Consider medications only in settings where specific diagnosis of Alzheimer’s Disease can be made AND where adequate support and supervision by specialists and If there is imminent risk to the person or carer: monitoring (for side-effects) from carers is available. (2.6) Consider antipsychotic medications if symptoms persist or if there is imminent risk of harm. (2.7) Refer to speacialist when available. PSYCHOSOCIAL INTERVENTIONS 2.1 Psychoeducation Consider environmental adaptations such as appropriate – Recommend making adaptations in the person’s home. It can seating, safe wandering areas, signs (e.g. ‘no exit’ sign on be helpful to add hand-rails or ramps. Signs for key locations Ask people assessed with dementia whether they wish the street door or signpost to toilet). (e.g. toilet, bathroom, bedroom) can help ensure that the person does not get lost or lose orientation while home. to know the diagnosis and with whom it should be Encourage soothing, calming, or distracting strategies. shared. Suggest an activity the person enjoys (e.g. going for a – Recommend physical activity and exercise to maintain – Tailor the explanation of the illness so that they walk, listening to music, engaging in conversation), mobility and reduce risk of falls. can understand and retain the information. especially when feeling agitated. – Advise recreational activities (tailored to stage and severity of dementia). – Give basic information. (Do not overload them with too much!) 2.3 Promote functioning in – Manage sensory deficits (such as low vision or poor Key Messages: activities of daily living (ADLs) hearing) with appropriate devices (e.g. magnifying glass, hearing aids). and community life – Dementia is an illness of the brain and tends to get – Refer for occupational therapy, if available. worse over time. For interventions that promote functioning in ADLs and – Although there is",
  "gloss_vi": "100 dem 2 dementia management dem 2 management protocol protocol 1 2 dementia – without behavioural dementia – with behavioural and/or psychological symptoms and/or psychological symptoms provide giáo dục tâm lý to perso...",
  "source": "Everyday Essentials",
  "url": "",
  "lang": "en",
  "axes": {
    "type": [
      "clinical"
    ],
    "condition": [
      "General"
    ],
    "clinical_section": [
      "risk_safety",
      "screening_cues",
      "referral",
      "psychoeducation",
      "do_not_do"
    ],
    "life_topics": [],
    "advice_section": [],
    "audience": [],
    "risk_band": "low"
  },
  "index_text": "General — Risk Safety General — Nguy cơ An toàn 100 DEM 2 DEMENTIA Management DEM 2 Management PROTOCOL PROTOCOL 1 2 DEMENTIA – without behavioural DEMENTIA – with behavioural and/or psychological symptoms and/or psychological symptoms Provide Psychoeducation to person and carers. (2.1) Follow PROTOCOL 1 Encourage carers to conduct interventions to improve + cognitive functioning. (2.4) Promote independence, functioning, and mobility. (2.3) Manage behavioral and psychological symptoms. (2.2) Provide carers with support. (2.5) Consider medications only in settings where specific diagnosis of Alzheimer’s Disease can be made AND where adequate support and supervision by specialists and If there is imminent risk to the person or carer: monitoring (for side-effects) from carers is available. (2.6) Consider antipsychotic medications if symptoms persist or if there is imminent risk of harm. (2.7) Refer to speacialist when available. PSYCHOSOCIAL INTERVENTIONS 2.1 Psychoeducation Consider environmental adaptations such as appropriate – Recommend making adaptations in the person’s home. It can seating, safe wandering areas, signs (e.g. ‘no exit’ sign on be helpful to add hand-rails or ramps. Signs for key locations Ask people assessed with dementia whether they wish the street door or signpost to toilet). (e.g. toilet, bathroom, bedroom) can help ensure that the person does not get lost or lose orientation while home. to know the diagnosis and with whom it should be Encourage soothing, calming, or distracting strategies. shared. Suggest an activity the person enjoys (e.g. going for a – Recommend physical activity and exercise to maintain – Tailor the explanation of the illness so that they walk, listening to music, engaging in conversation), mobility and reduce risk of falls. can understand and retain the information. especially when feeling agitated. – Advise recreational activities (tailored to stage and severity of dementia). – Give basic information. (Do not overload them with too much!) 2.3 Promote functioning in – Manage sensory deficits (such as low vision or poor Key Messages: activities of daily living (ADLs) hearing) with appropriate devices (e.g. magnifying glass, hearing aids). and community life – Dementia is an illness of the brain and tends to get – Refer for occupational therapy, if available. worse over time. For interventions that promote functioning in ADLs and – Although there is 100 dem 2 dementia management dem 2 management protocol protocol 1 2 dementia – without behavioural dementia – with behavioural and/or psychological symptoms and/or psychological symptoms provide giáo dục tâm lý to perso..."
}