{
  "id": "everyday#general_649d89c5",
  "title_en": "General — General",
  "title_vi": "General — General",
  "text_en": "768 Clinical Descriptions and Diagnostic Requirements for ICD-11 Mental, Behavioural or Neurodevelopmental Disorders ICD-11 ICD-10 Notes 6C2Y Other specified disorder of bodily distress or F99 Unspecified mental disorder bodily experience No 4-character code available 6C2Z Disorder of bodily distress or bodily F99 Unspecified mental disorder experience, unspecified No 4-character code available Disorders due to substance use or addictive behaviours Disorders due to substance use 6C40 Disorders due to use of alcohol F10 Mental and behavioural disorders due to use of alcohol 6C40.0 Episode of harmful use of alcohol F10.8 Mental and behavioural disorders due to use of alcohol: other mental and behavioural disorders 6C40.1 Harmful pattern of use of alcohol F10.1 Mental and behavioural disorders due to use of alcohol: harmful use 6C40.10 Harmful pattern of use of alcohol, episodic F10.1 Mental and behavioural disorders due to use of alcohol: harmful use 6C40.11 Harmful pattern of use of alcohol, continuous F10.1 Mental and behavioural disorders due to use of alcohol: harmful use 6C40.1Z Harmful pattern of use of alcohol, F10.1 Mental and behavioural disorders due to use of alcohol: unspecified harmful use 6C40.2 Alcohol dependence F10.2 Mental and behavioural disorders due to use of alcohol: dependence syndrome 6C40.20 Alcohol dependence, current use, F10.25 Mental and behavioural disorders due to use of continuous alcohol: dependence syndrome, continuous use 4-character code: F10.2 Mental and behavioural disorders due to use of alcohol: dependence syndrome 6C40.21 Alcohol dependence, current use, episodic F10.26 Mental and behavioural disorders due to use of alcohol: dependence syndrome episodic use 4-character code: F10.2 Mental and behavioural disorders due to use of alcohol: dependence syndrome 6C40.22 Alcohol dependence, early full remission F10.20 Mental and behavioural disorders due to use of Select the appropriate alcohol: dependence syndrome, currently abstinent category based on clinical context. OR F10.21 Mental and behavioural disorders due to use of alcohol: dependence syndrome, currently abstinent, but in a protected environment OR F10.23 Mental and behavioural disorders due to use of alcohol: dependence syndrome, currently abstinent, but receiving treatment with aversive or blocking drugs (e.g. naltrexone or disulfiram) 4-character code: F10.2 Mental and behavioural",
  "gloss_vi": "768 clinical descriptions and diagnostic requirements for icd-11 mental, behavioural or neurodevelopmental disorders icd-11 icd-10 notes 6c2y other specified disorder of bodily distress or f99 unspecified mental disorder...",
  "source": "Everyday Essentials",
  "url": "",
  "lang": "en",
  "axes": {
    "type": [
      "everyday"
    ],
    "condition": [
      "General"
    ],
    "clinical_section": [],
    "life_topics": [
      "stress"
    ],
    "advice_section": [],
    "audience": [],
    "risk_band": "low"
  },
  "index_text": "General — General General — General 768 Clinical Descriptions and Diagnostic Requirements for ICD-11 Mental, Behavioural or Neurodevelopmental Disorders ICD-11 ICD-10 Notes 6C2Y Other specified disorder of bodily distress or F99 Unspecified mental disorder bodily experience No 4-character code available 6C2Z Disorder of bodily distress or bodily F99 Unspecified mental disorder experience, unspecified No 4-character code available Disorders due to substance use or addictive behaviours Disorders due to substance use 6C40 Disorders due to use of alcohol F10 Mental and behavioural disorders due to use of alcohol 6C40.0 Episode of harmful use of alcohol F10.8 Mental and behavioural disorders due to use of alcohol: other mental and behavioural disorders 6C40.1 Harmful pattern of use of alcohol F10.1 Mental and behavioural disorders due to use of alcohol: harmful use 6C40.10 Harmful pattern of use of alcohol, episodic F10.1 Mental and behavioural disorders due to use of alcohol: harmful use 6C40.11 Harmful pattern of use of alcohol, continuous F10.1 Mental and behavioural disorders due to use of alcohol: harmful use 6C40.1Z Harmful pattern of use of alcohol, F10.1 Mental and behavioural disorders due to use of alcohol: unspecified harmful use 6C40.2 Alcohol dependence F10.2 Mental and behavioural disorders due to use of alcohol: dependence syndrome 6C40.20 Alcohol dependence, current use, F10.25 Mental and behavioural disorders due to use of continuous alcohol: dependence syndrome, continuous use 4-character code: F10.2 Mental and behavioural disorders due to use of alcohol: dependence syndrome 6C40.21 Alcohol dependence, current use, episodic F10.26 Mental and behavioural disorders due to use of alcohol: dependence syndrome episodic use 4-character code: F10.2 Mental and behavioural disorders due to use of alcohol: dependence syndrome 6C40.22 Alcohol dependence, early full remission F10.20 Mental and behavioural disorders due to use of Select the appropriate alcohol: dependence syndrome, currently abstinent category based on clinical context. OR F10.21 Mental and behavioural disorders due to use of alcohol: dependence syndrome, currently abstinent, but in a protected environment OR F10.23 Mental and behavioural disorders due to use of alcohol: dependence syndrome, currently abstinent, but receiving treatment with aversive or blocking drugs (e.g. naltrexone or disulfiram) 4-character code: F10.2 Mental and behavioural 768 clinical descriptions and diagnostic requirements for icd-11 mental, behavioural or neurodevelopmental disorders icd-11 icd-10 notes 6c2y other specified disorder of bodily distress or f99 unspecified mental disorder..."
}