{
  "id": "everyday#general_5f039791",
  "title_en": "General — General",
  "title_vi": "General — General",
  "text_en": "Negative affectivity 6D11.1 Detachment 6D11.2 Dissociality 6D11.3 Disinhibition 6D11.4 Anankastia More detailed guidance about the personality characteristics reflected in the trait domain specifiers is provided in the following sections. Clinicians may also wish to add an additional specifier: 6D11.5 Borderline pattern The borderline pattern specifier has been included to enhance the clinical utility of the classification of personality disorder. Specifically, use of this specifier may facilitate the identification of individuals who may respond to certain psychotherapeutic treatments. A complete description of a particular case of personality disorder includes the rating of the severity level and the assignment of the applicable trait domain specifiers (e.g. mild personality disorder with negative affectivity and anankastia; severe personality disorder with dissociality and disinhibition.) The borderline pattern specifier is considered optional but, if used, should ideally be used in combination with the trait domain specifiers (e.g. moderate personality disorder with negative affectivity, dissociality and disinhibition, borderline pattern). General diagnostic requirements for personality disorder Essential (required) features • An enduring disturbance characterized by problems in functioning of aspects of the self (e.g. identity, self-worth, accuracy of self-view, self-direction) and/or interpersonal dysfunction (e.g. ability to develop and maintain close and mutually satisfying relationships, ability to understand others’ perspectives and to manage conflict in relationships) is required for diagnosis. • The disturbance has persisted over an extended period of time (e.g. lasting 2 years or more). • The disturbance is manifested in patterns of cognition, emotional experience, emotional expression and behaviour that are maladaptive (e.g. inflexible or poorly regulated). • The disturbance is manifested across a range of personal and social situations (i.e. is not limited to specific relationships or social roles), although it may be consistently evoked by particular types of circumstances and not others. Personality disorders and related traits | General diagnostic requirements for personality disorder",
  "gloss_vi": "Negative affectivity 6d11.1 detachment 6d11.2 dissociality 6d11.3 disinhibition 6d11.4 anankastia more detailed guidance about the personality characteristics reflected in the trait domain specifiers is provided in the f...",
  "source": "Everyday Essentials",
  "url": "",
  "lang": "en",
  "axes": {
    "type": [
      "everyday"
    ],
    "condition": [
      "General"
    ],
    "clinical_section": [],
    "life_topics": [
      "relationships"
    ],
    "advice_section": [],
    "audience": [],
    "risk_band": "low"
  },
  "index_text": "General — General General — General Negative affectivity 6D11.1 Detachment 6D11.2 Dissociality 6D11.3 Disinhibition 6D11.4 Anankastia More detailed guidance about the personality characteristics reflected in the trait domain specifiers is provided in the following sections. Clinicians may also wish to add an additional specifier: 6D11.5 Borderline pattern The borderline pattern specifier has been included to enhance the clinical utility of the classification of personality disorder. Specifically, use of this specifier may facilitate the identification of individuals who may respond to certain psychotherapeutic treatments. A complete description of a particular case of personality disorder includes the rating of the severity level and the assignment of the applicable trait domain specifiers (e.g. mild personality disorder with negative affectivity and anankastia; severe personality disorder with dissociality and disinhibition.) The borderline pattern specifier is considered optional but, if used, should ideally be used in combination with the trait domain specifiers (e.g. moderate personality disorder with negative affectivity, dissociality and disinhibition, borderline pattern). General diagnostic requirements for personality disorder Essential (required) features • An enduring disturbance characterized by problems in functioning of aspects of the self (e.g. identity, self-worth, accuracy of self-view, self-direction) and/or interpersonal dysfunction (e.g. ability to develop and maintain close and mutually satisfying relationships, ability to understand others’ perspectives and to manage conflict in relationships) is required for diagnosis. • The disturbance has persisted over an extended period of time (e.g. lasting 2 years or more). • The disturbance is manifested in patterns of cognition, emotional experience, emotional expression and behaviour that are maladaptive (e.g. inflexible or poorly regulated). • The disturbance is manifested across a range of personal and social situations (i.e. is not limited to specific relationships or social roles), although it may be consistently evoked by particular types of circumstances and not others. Personality disorders and related traits | General diagnostic requirements for personality disorder Negative affectivity 6d11.1 detachment 6d11.2 dissociality 6d11.3 disinhibition 6d11.4 anankastia more detailed guidance about the personality characteristics reflected in the trait domain specifiers is provided in the f..."
}