{
  "id": "everyday#do_not_do_a338a0d1",
  "title_en": "General — Do Not Do",
  "title_vi": "General — Do Not Do",
  "text_en": "present in some individuals with autism spectrum disorder, and not the pragmatic language deficits that are a core feature of autism spectrum disorder. Neurodevelopmental disorders | Autism spectrum disorder 126 Clinical Descriptions and Diagnostic Requirements for ICD-11 Mental, Behavioural or Neurodevelopmental Disorders The following specifiers should be applied to indicate the extent of functional language impairment (spoken or signed) relative to the individual’s age: • with mild or no impairment of functional language • with impaired functional language (i.e. not able to use more than single words or simple phrases) • with complete, or almost complete, absence of functional language. Table 6.5 shows the diagnostic codes corresponding to the categories that result from the application of the specifiers for co-occurring disorder of intellectual development and degree of functional language impairment. Table 6.5. Diagnostic codes for autism spectrum disorder With mild or no With impaired With complete, or impairment of functional language almost complete, functional language absence of functional language Without disorder of 6A02.0 6A02.2 _____ intellectual development With disorder of intellectual 6A02.1 6A02.3 6A02.5 development 6A02.Y Other specified autism spectrum disorder can be used if the above parameters do not apply. 6A02.Z Autism spectrum disorder, unspecified, can be used if the above parameters are unknown. Loss of previously acquired skills A small proportion of individuals with autism spectrum disorder may present with a loss of previously acquired skills. This regression typically occurs during the second year of life and most often involves language use and social responsiveness. Loss of previously acquired skills is rarely observed after 3 years of age. If it occurs after age 3, it is more likely to involve loss of cognitive and adaptive skills (e.g. loss of bowel and bladder control, impaired sleep), regression of language and social abilities, and increasing emotional and behavioural disturbances. There are two alternative specifiers to denote whether or not loss of previously acquired skills is an aspect of the clinical history, where x corresponds to the final digit shown in Table 6.5: • 6A02.x0 without loss of previously acquired skills • 6A02.x1 with loss of previously acquired skills. Neurodevelopmental disorders | Autism spectrum disorder",
  "gloss_vi": "Present in some individuals with autism spectrum disorder, and not the pragmatic language deficits that are a core feature of autism spectrum disorder. neurodevelopmental disorders | autism spectrum disorder 126 clinical...",
  "source": "Everyday Essentials",
  "url": "",
  "lang": "en",
  "axes": {
    "type": [
      "clinical",
      "everyday"
    ],
    "condition": [
      "General"
    ],
    "clinical_section": [
      "do_not_do"
    ],
    "life_topics": [
      "sleep",
      "grief"
    ],
    "advice_section": [],
    "audience": [],
    "risk_band": "low"
  },
  "index_text": "General — Do Not Do General — Do Not Do present in some individuals with autism spectrum disorder, and not the pragmatic language deficits that are a core feature of autism spectrum disorder. Neurodevelopmental disorders | Autism spectrum disorder 126 Clinical Descriptions and Diagnostic Requirements for ICD-11 Mental, Behavioural or Neurodevelopmental Disorders The following specifiers should be applied to indicate the extent of functional language impairment (spoken or signed) relative to the individual’s age: • with mild or no impairment of functional language • with impaired functional language (i.e. not able to use more than single words or simple phrases) • with complete, or almost complete, absence of functional language. Table 6.5 shows the diagnostic codes corresponding to the categories that result from the application of the specifiers for co-occurring disorder of intellectual development and degree of functional language impairment. Table 6.5. Diagnostic codes for autism spectrum disorder With mild or no With impaired With complete, or impairment of functional language almost complete, functional language absence of functional language Without disorder of 6A02.0 6A02.2 _____ intellectual development With disorder of intellectual 6A02.1 6A02.3 6A02.5 development 6A02.Y Other specified autism spectrum disorder can be used if the above parameters do not apply. 6A02.Z Autism spectrum disorder, unspecified, can be used if the above parameters are unknown. Loss of previously acquired skills A small proportion of individuals with autism spectrum disorder may present with a loss of previously acquired skills. This regression typically occurs during the second year of life and most often involves language use and social responsiveness. Loss of previously acquired skills is rarely observed after 3 years of age. If it occurs after age 3, it is more likely to involve loss of cognitive and adaptive skills (e.g. loss of bowel and bladder control, impaired sleep), regression of language and social abilities, and increasing emotional and behavioural disturbances. There are two alternative specifiers to denote whether or not loss of previously acquired skills is an aspect of the clinical history, where x corresponds to the final digit shown in Table 6.5: • 6A02.x0 without loss of previously acquired skills • 6A02.x1 with loss of previously acquired skills. Neurodevelopmental disorders | Autism spectrum disorder Present in some individuals with autism spectrum disorder, and not the pragmatic language deficits that are a core feature of autism spectrum disorder. neurodevelopmental disorders | autism spectrum disorder 126 clinical..."
}