{
  "id": "everyday#psychoeducation_79f9b951",
  "title_en": "General — Psychoeducation",
  "title_vi": "General — Giáo dục tâm lý",
  "text_en": "xiv Problems associated with the justice system 748 Problems associated with finances 748 Problems associated with inadequate drinking-water or nutrition 749 Problems associated with the environment 749 Crosswalk from ICD-11 mental, behavioural and neurodevelopmental disorders to ICD-10 for clinician use 753 Contributors 811 xv Acknowledgements WHO gratefully acknowledges the financial support provided for the development, field testing and other technical activities related to the chapter on mental, behavioural and neurodevelopmental disorders of the Eleventh Revision of the International Classification of Diseases and the Clinical descriptions and diagnostic requirements for ICD-11 mental, behavioural and neurodevelopmental disorders (CDDR) by the International Union of Psychological Science; the Pan American Health and Education Foundation; the World Psychiatric Association (International); the Ministry of Health and Social Affairs (Norway); the Spanish Foundation of Psychiatry and Mental Health (Spain); the Royal College of Psychiatrists (United Kingdom); the American Psychiatric Foundation; and the National Institute of Mental Health, United States Department of Health and Human Services (United States). WHO also gratefully acknowledges the in-kind support provided by the Department of Psychiatry, Federal University of São Paulo; the National Council for Scientific and Technological Development (Brazil); the School of Psychology, University of Ottawa; the University Medical Research Fund, Royal Institute of Mental Health Research; the Azrieli Foundation (Canada); the Shanghai Mental Health Centre and WHO Collaborating Centre for Research and Training in Mental Health; the Department of Health, Hong Kong Special Administrative Region; the WHO Collaborating Centre for Psychosocial Factors, Substance Abuse and Health, Mental Health Institute, Second Xiangya Hospital, Central South University (China); the German Federal Ministry of Health; the Department of Psychiatry and Psychotherapy, LVR-Klinikum, Heinrich-Heine University, Düsseldorf and the WHO Collaborating Centre DEU-131 for Quality Assurance and Empowerment in Mental Health (Germany); the Department of Psychiatry, All India Institute of Medical Sciences (India); the Department of Psychiatry and WHO Collaborating Centre for Research and Training in Mental Health, University of Campania “L. Vanvitelli” (Italy);",
  "gloss_vi": "Xiv problems associated with the justice system 748 problems associated with finances 748 problems associated with inadequate drinking-water or nutrition 749 problems associated with the environment 749 crosswalk from ic...",
  "source": "Everyday Essentials",
  "url": "",
  "lang": "en",
  "axes": {
    "type": [
      "clinical"
    ],
    "condition": [
      "General"
    ],
    "clinical_section": [
      "psychoeducation"
    ],
    "life_topics": [],
    "advice_section": [],
    "audience": [],
    "risk_band": "low"
  },
  "index_text": "General — Psychoeducation General — Giáo dục tâm lý xiv Problems associated with the justice system 748 Problems associated with finances 748 Problems associated with inadequate drinking-water or nutrition 749 Problems associated with the environment 749 Crosswalk from ICD-11 mental, behavioural and neurodevelopmental disorders to ICD-10 for clinician use 753 Contributors 811 xv Acknowledgements WHO gratefully acknowledges the financial support provided for the development, field testing and other technical activities related to the chapter on mental, behavioural and neurodevelopmental disorders of the Eleventh Revision of the International Classification of Diseases and the Clinical descriptions and diagnostic requirements for ICD-11 mental, behavioural and neurodevelopmental disorders (CDDR) by the International Union of Psychological Science; the Pan American Health and Education Foundation; the World Psychiatric Association (International); the Ministry of Health and Social Affairs (Norway); the Spanish Foundation of Psychiatry and Mental Health (Spain); the Royal College of Psychiatrists (United Kingdom); the American Psychiatric Foundation; and the National Institute of Mental Health, United States Department of Health and Human Services (United States). WHO also gratefully acknowledges the in-kind support provided by the Department of Psychiatry, Federal University of São Paulo; the National Council for Scientific and Technological Development (Brazil); the School of Psychology, University of Ottawa; the University Medical Research Fund, Royal Institute of Mental Health Research; the Azrieli Foundation (Canada); the Shanghai Mental Health Centre and WHO Collaborating Centre for Research and Training in Mental Health; the Department of Health, Hong Kong Special Administrative Region; the WHO Collaborating Centre for Psychosocial Factors, Substance Abuse and Health, Mental Health Institute, Second Xiangya Hospital, Central South University (China); the German Federal Ministry of Health; the Department of Psychiatry and Psychotherapy, LVR-Klinikum, Heinrich-Heine University, Düsseldorf and the WHO Collaborating Centre DEU-131 for Quality Assurance and Empowerment in Mental Health (Germany); the Department of Psychiatry, All India Institute of Medical Sciences (India); the Department of Psychiatry and WHO Collaborating Centre for Research and Training in Mental Health, University of Campania “L. Vanvitelli” (Italy); Xiv problems associated with the justice system 748 problems associated with finances 748 problems associated with inadequate drinking-water or nutrition 749 problems associated with the environment 749 crosswalk from ic..."
}