{
  "id": "everyday#general_bc180897",
  "title_en": "General — General",
  "title_vi": "General — General",
  "text_en": "76 Clinical Descriptions and Diagnostic Requirements for ICD-11 Mental, Behavioural or Neurodevelopmental Disorders Impulse control disorders 6C70 Pyromania 6C71 Kleptomania 6C72 Compulsive sexual behaviour disorder 6C73 Intermittent explosive disorder 6C7Y Other specified impulse control disorder 6C7Z Impulse control disorder, unspecified Secondary-parented categories From obsessive-compulsive and related disorders: 6B25 Body-focused repetitive behaviour disorders 6B25.0 Trichotillomania (hair-pulling disorder) 6B25.1 Excoriation (skin-picking) disorder 6B25.Y Other specified body-focused repetitive behaviour disorder 6B25.Z Body-focused repetitive behaviour disorder, unspecified From disorders due to addictive behaviours: 6C50 Gambling disorder Specify predominantly online or offline: 6C50.0 … predominantly offline 6C50.1 … predominantly online 6C50.Z … unspecified List of categories 77 6C51 Gaming disorder Specify predominantly online or offline: 6C51.0 … predominantly online 6C51.1 … predominantly offline 6C51.Z … unspecified From disorders due to substance use: Substance-induced impulse control disorders Specify substance class: 6C45.73 Cocaine-induced impulse control disorder 6C46.73 Stimulant-induced impulse control disorder, including amfetamines, methamfetamine and methcathinone 6C47.73 Synthetic cathinone-induced impulse control disorder 6C4E.73 Impulse control disorder induced by other specified psychoactive substance 6C4F.73 Impulse control disorder induced by multiple specified psychoactive substances 6C4G.73 Impulse control disorder induced by unknown or unspecified psychoactive substances From secondary mental or behavioural syndromes associated with disorders and diseases classified elsewhere: 6E66 Secondary impulse control syndrome",
  "gloss_vi": "76 clinical descriptions and diagnostic requirements for icd-11 mental, behavioural or neurodevelopmental disorders impulse control disorders 6c70 pyromania 6c71 kleptomania 6c72 compulsive sexual behaviour disorder 6c73...",
  "source": "Everyday Essentials",
  "url": "",
  "lang": "en",
  "axes": {
    "type": [
      "everyday"
    ],
    "condition": [
      "General"
    ],
    "clinical_section": [],
    "life_topics": [
      "study"
    ],
    "advice_section": [],
    "audience": [],
    "risk_band": "low"
  },
  "index_text": "General — General General — General 76 Clinical Descriptions and Diagnostic Requirements for ICD-11 Mental, Behavioural or Neurodevelopmental Disorders Impulse control disorders 6C70 Pyromania 6C71 Kleptomania 6C72 Compulsive sexual behaviour disorder 6C73 Intermittent explosive disorder 6C7Y Other specified impulse control disorder 6C7Z Impulse control disorder, unspecified Secondary-parented categories From obsessive-compulsive and related disorders: 6B25 Body-focused repetitive behaviour disorders 6B25.0 Trichotillomania (hair-pulling disorder) 6B25.1 Excoriation (skin-picking) disorder 6B25.Y Other specified body-focused repetitive behaviour disorder 6B25.Z Body-focused repetitive behaviour disorder, unspecified From disorders due to addictive behaviours: 6C50 Gambling disorder Specify predominantly online or offline: 6C50.0 … predominantly offline 6C50.1 … predominantly online 6C50.Z … unspecified List of categories 77 6C51 Gaming disorder Specify predominantly online or offline: 6C51.0 … predominantly online 6C51.1 … predominantly offline 6C51.Z … unspecified From disorders due to substance use: Substance-induced impulse control disorders Specify substance class: 6C45.73 Cocaine-induced impulse control disorder 6C46.73 Stimulant-induced impulse control disorder, including amfetamines, methamfetamine and methcathinone 6C47.73 Synthetic cathinone-induced impulse control disorder 6C4E.73 Impulse control disorder induced by other specified psychoactive substance 6C4F.73 Impulse control disorder induced by multiple specified psychoactive substances 6C4G.73 Impulse control disorder induced by unknown or unspecified psychoactive substances From secondary mental or behavioural syndromes associated with disorders and diseases classified elsewhere: 6E66 Secondary impulse control syndrome 76 clinical descriptions and diagnostic requirements for icd-11 mental, behavioural or neurodevelopmental disorders impulse control disorders 6c70 pyromania 6c71 kleptomania 6c72 compulsive sexual behaviour disorder 6c73..."
}