{
  "id": "everyday#risk_safety_15c69e27",
  "title_en": "General — Risk Safety",
  "title_vi": "General — Nguy cơ An toàn",
  "text_en": "stealing) poor school performance, often wanting to be alone or – Sudden changes in behaviour or peer relations, stay home) including withdrawal and anger All Ages – Difficulty carrying out daily activities considered – Excessive fear, anxiety or avoidance of specific normal for the person’s age; difficulty understanding situations or objects (e.g. separation from caregivers, instructions; difficulty in social interactions and adjusting social situations, certain animals or insects, heights, to changes; difficulties or oddities in communication; closed spaces, sight of blood or injury) restrictive/repetitive patterns of behaviours, interests – Changes in in sleeping and eating habits and activities – Diminished interest or participation in activities – Oppositional or attention-seeking behaviour CHILD & ADOLESCENT MENTAL & BEHAVIOURAL DISORDERS 71 72 CMH 1 CHILD & ADOLESCENT MENTAL & BEHAVIOURAL DISORDERS Assessment CMH 1 Assessment COMMON PRESENTATIONS OF CHILD & ADOLESCENT MENTAL & BEHAVIOURAL DISORDERS Child/adolescent being seen for physical complaints or a general health assessment who has: – Any of the typical presenting complaints of emotional, behavioural or developmental disorders (See Table 1) – Risk factors such as malnutrition, abuse and/or neglect, frequent illness, chronic diseases (e.g. HIV/AIDS or history of difficult birth) Carer with concerns about the child/adolescent’s: – Difficulty keeping up with peers or carrying out daily activities considered normal for age – Behaviour (e.g. too active, aggressive, having frequent and/or severe tantrums, wanting to be alone too much, refusing to do regular activities or go to school) Teacher with concerns about a child/adolescent – e.g. easily distracted, disruptive in class, often getting into trouble, difficulty completing school work Community health or social services worker with concerns about a child/adolescent – e.g. rule- or law-breaking behaviour, physical aggression at home or in the community",
  "gloss_vi": "Stealing) poor school performance, often wanting to be alone or – sudden changes in behaviour or peer relations, stay home) including withdrawal and anger all ages – difficulty carrying out daily activities considered – ...",
  "source": "Everyday Essentials",
  "url": "",
  "lang": "en",
  "axes": {
    "type": [
      "clinical",
      "everyday"
    ],
    "condition": [
      "General"
    ],
    "clinical_section": [
      "risk_safety",
      "screening_cues",
      "do_not_do"
    ],
    "life_topics": [
      "sleep",
      "work"
    ],
    "advice_section": [
      "work_habits"
    ],
    "audience": [],
    "risk_band": "low"
  },
  "index_text": "General — Risk Safety General — Nguy cơ An toàn stealing) poor school performance, often wanting to be alone or – Sudden changes in behaviour or peer relations, stay home) including withdrawal and anger All Ages – Difficulty carrying out daily activities considered – Excessive fear, anxiety or avoidance of specific normal for the person’s age; difficulty understanding situations or objects (e.g. separation from caregivers, instructions; difficulty in social interactions and adjusting social situations, certain animals or insects, heights, to changes; difficulties or oddities in communication; closed spaces, sight of blood or injury) restrictive/repetitive patterns of behaviours, interests – Changes in in sleeping and eating habits and activities – Diminished interest or participation in activities – Oppositional or attention-seeking behaviour CHILD & ADOLESCENT MENTAL & BEHAVIOURAL DISORDERS 71 72 CMH 1 CHILD & ADOLESCENT MENTAL & BEHAVIOURAL DISORDERS Assessment CMH 1 Assessment COMMON PRESENTATIONS OF CHILD & ADOLESCENT MENTAL & BEHAVIOURAL DISORDERS Child/adolescent being seen for physical complaints or a general health assessment who has: – Any of the typical presenting complaints of emotional, behavioural or developmental disorders (See Table 1) – Risk factors such as malnutrition, abuse and/or neglect, frequent illness, chronic diseases (e.g. HIV/AIDS or history of difficult birth) Carer with concerns about the child/adolescent’s: – Difficulty keeping up with peers or carrying out daily activities considered normal for age – Behaviour (e.g. too active, aggressive, having frequent and/or severe tantrums, wanting to be alone too much, refusing to do regular activities or go to school) Teacher with concerns about a child/adolescent – e.g. easily distracted, disruptive in class, often getting into trouble, difficulty completing school work Community health or social services worker with concerns about a child/adolescent – e.g. rule- or law-breaking behaviour, physical aggression at home or in the community Stealing) poor school performance, often wanting to be alone or – sudden changes in behaviour or peer relations, stay home) including withdrawal and anger all ages – difficulty carrying out daily activities considered – ..."
}