{
  "id": "everyday#risk_safety_0d26116c",
  "title_en": "General — Risk Safety",
  "title_vi": "General — Nguy cơ An toàn",
  "text_en": "528 Clinical Descriptions and Diagnostic Requirements for ICD-11 Mental, Behavioural or Neurodevelopmental Disorders that he should never masturbate; a person who is distressed about their homosexual attraction or behaviour). Similarly, compulsive sexual behaviour disorder cannot be diagnosed based solely on distress related to real or feared social disapproval of sexual impulses or behaviours. • Compulsive sexual behaviour disorder should not be diagnosed based solely on relatively brief periods (e.g. up to several months) of increased sexual impulses, urges and behaviours during transitions to contexts that involve increased availability of sexual outlets that previously did not exist (e.g. moving to a new city, a change in relationship status). Course features • Many individuals with compulsive sexual behaviour disorder report a history of sexually acting out during pre-adolescence or adolescence (e.g. risky sexual behaviour, masturbation to modulate negative affect, extensive use of pornography). Developmental presentations • Compulsive sexual behaviour disorder in adulthood has been associated with high rates of childhood traumas, including sexual abuse, with women reporting higher rates and severity of abuse. • Adolescents and adults with compulsive sexual behaviour disorder commonly experience high rates of co-occurring mental, behavioural and neurodevelopmental disorders, including disorders due to substance use. • Assessing the presence of compulsive sexual behaviour disorder may be particularly challenging during adolescence due to divergent views regarding the appropriateness of sexual behaviour during this life stage. Increased frequency of sexual behaviour or uncontrolled sexual urges associated with rapidly changing hormonal levels during this developmental stage may be considered to reflect normal adolescent experiences. Conversely, frequent or risky sexual behaviour among adolescents may be considered abnormal due to the potential for the behaviour to interfere with social and emotional development. Culture-related features • Cultural and subcultural variation may exist for compulsive sexual behaviour. Norms for what is considered appropriate sexual behaviour, activities judged unacceptable, and perceptions regarding gender roles influence sexual activity. These factors may affect norms regarding masturbation, use of pornography, having multiple sexual partners concurrently and the number of lifetime sexual partners. Impulse control disorders | Compulsive sexual behaviour disorder Impulse control disorders 529 • Culture shapes the distress caused by engaging in sexual behaviour and whether sexual activity is viewed as disordered. For example, in cultures where masculine ideals are associated with sexual conquest, higher rates of",
  "gloss_vi": "528 clinical descriptions and diagnostic requirements for icd-11 mental, behavioural or neurodevelopmental disorders that he should never masturbate; a person who is distressed about their homosexual attraction or behavi...",
  "source": "Everyday Essentials",
  "url": "",
  "lang": "en",
  "axes": {
    "type": [
      "clinical",
      "everyday"
    ],
    "condition": [
      "General"
    ],
    "clinical_section": [
      "risk_safety"
    ],
    "life_topics": [
      "stress",
      "study",
      "relationships"
    ],
    "advice_section": [],
    "audience": [],
    "risk_band": "low"
  },
  "index_text": "General — Risk Safety General — Nguy cơ An toàn 528 Clinical Descriptions and Diagnostic Requirements for ICD-11 Mental, Behavioural or Neurodevelopmental Disorders that he should never masturbate; a person who is distressed about their homosexual attraction or behaviour). Similarly, compulsive sexual behaviour disorder cannot be diagnosed based solely on distress related to real or feared social disapproval of sexual impulses or behaviours. • Compulsive sexual behaviour disorder should not be diagnosed based solely on relatively brief periods (e.g. up to several months) of increased sexual impulses, urges and behaviours during transitions to contexts that involve increased availability of sexual outlets that previously did not exist (e.g. moving to a new city, a change in relationship status). Course features • Many individuals with compulsive sexual behaviour disorder report a history of sexually acting out during pre-adolescence or adolescence (e.g. risky sexual behaviour, masturbation to modulate negative affect, extensive use of pornography). Developmental presentations • Compulsive sexual behaviour disorder in adulthood has been associated with high rates of childhood traumas, including sexual abuse, with women reporting higher rates and severity of abuse. • Adolescents and adults with compulsive sexual behaviour disorder commonly experience high rates of co-occurring mental, behavioural and neurodevelopmental disorders, including disorders due to substance use. • Assessing the presence of compulsive sexual behaviour disorder may be particularly challenging during adolescence due to divergent views regarding the appropriateness of sexual behaviour during this life stage. Increased frequency of sexual behaviour or uncontrolled sexual urges associated with rapidly changing hormonal levels during this developmental stage may be considered to reflect normal adolescent experiences. Conversely, frequent or risky sexual behaviour among adolescents may be considered abnormal due to the potential for the behaviour to interfere with social and emotional development. Culture-related features • Cultural and subcultural variation may exist for compulsive sexual behaviour. Norms for what is considered appropriate sexual behaviour, activities judged unacceptable, and perceptions regarding gender roles influence sexual activity. These factors may affect norms regarding masturbation, use of pornography, having multiple sexual partners concurrently and the number of lifetime sexual partners. Impulse control disorders | Compulsive sexual behaviour disorder Impulse control disorders 529 • Culture shapes the distress caused by engaging in sexual behaviour and whether sexual activity is viewed as disordered. For example, in cultures where masculine ideals are associated with sexual conquest, higher rates of 528 clinical descriptions and diagnostic requirements for icd-11 mental, behavioural or neurodevelopmental disorders that he should never masturbate; a person who is distressed about their homosexual attraction or behavi..."
}