{
  "id": "everyday#referral_3c3515c0",
  "title_en": "General — Referral",
  "title_vi": "General — Chuyển tuyến",
  "text_en": "86 CMH 2 CHILD & ADOLESCENT MENTAL & BEHAVIOURAL DISORDERS Management PROTOCOL PROTOCOL PROTOCOL 4 5 6 Conduct Disorder Problems with Emotions Emotional Disorder or Depression » » » Provide guidance on child/adolescent well-being. (2.1) Provide guidance on child/adolescent well-being. (2.1) DO NOT consider pharmacological treatment » » as first line treatment. Provide psychoeducation to person and carers and Provide psychoeducation to the person and carers parenting advice. (2.2) and advice on parenting. (2.2) » DO NOT prescribe pharmacological treatment » » for children younger than 12 years. Provide guidance on improving behaviour. (2.3) Assess for and manage stressors, reduce stress and » strengthen social supports. Provide guidance on child/adolescent well-being. (2.1) » Assess for and manage stressors, and strengthen » » social supports. Liaise with teachers and other school staff. (2.7) Provide psychoeducation to the person and carers. » » (2.2 and 2.5) Provide carer support. (2.6) Link with other available resources in the » community. Provide carer support. (2.6) » Liaise with teachers and other school staff. (2.7) » Liaise with teachers and other school staff. (2.7) » Consider Parent Skills Training when available. (2.8) » Link with other available resources in the community. » Link with other available resources in the community. » Assess for and manage stressors, reduce stress and » Ensure appropriate follow-up every three months strengthen social supports. or more, if needed. » Consider Parent Skills Training when available. (2.8) » Consider behavioural interventions when available. (2.8) » Consider referral for behavioural intervention or » D O NOT offer pharmacological treatment. interpersonal therapy. » When psychological interventions prove ineffective, consult a specialist for Fluoxetine (no other SSRIs or » TCAs). Go to DEP for medication details. » Ensure appropriate follow-up once a month or more, if needed. Guidance for improving behaviour can be provided to all carers PSYCHOSOCIAL INTERVENTIONS who are having difficulty with their child/adolescent’s behaviour even if a behavioural disorder is not suspected. 2.1 G uidance to promote child/adoles- physical activity each day through daily activities, play, or 2.3 Guidance for improving behaviour cent well-being and functioning sports. See www.who.int/dietphysicalactivity/publications/ recommendations5_17years ENCOURAGE THE CARER TO: Participate in school, community, and other social activities Give loving attention, including playing with the child every day. Can be provided to all children, adolescents as much as possible. Provide opportunities for the adolescents to talk to you. and carers even if no disorder is suspected. Spend time with trusted friends and family. Be consistent about what your child/adolescent is allowed and not allowed to do. Give clear, simple, and short Avoid the use of drugs, alcohol, and nicotine.",
  "gloss_vi": "86 cmh 2 child & adolescent mental & behavioural disorders management protocol protocol protocol 4 5 6 conduct disorder problems with emotions emotional disorder or trầm cảm » » » provide guidance on child/adolescent wel...",
  "source": "Everyday Essentials",
  "url": "",
  "lang": "en",
  "axes": {
    "type": [
      "clinical",
      "everyday"
    ],
    "condition": [
      "General"
    ],
    "clinical_section": [
      "referral",
      "psychoeducation",
      "do_not_do"
    ],
    "life_topics": [
      "stress",
      "relationships"
    ],
    "advice_section": [],
    "audience": [],
    "risk_band": "low"
  },
  "index_text": "General — Referral General — Chuyển tuyến 86 CMH 2 CHILD & ADOLESCENT MENTAL & BEHAVIOURAL DISORDERS Management PROTOCOL PROTOCOL PROTOCOL 4 5 6 Conduct Disorder Problems with Emotions Emotional Disorder or Depression » » » Provide guidance on child/adolescent well-being. (2.1) Provide guidance on child/adolescent well-being. (2.1) DO NOT consider pharmacological treatment » » as first line treatment. Provide psychoeducation to person and carers and Provide psychoeducation to the person and carers parenting advice. (2.2) and advice on parenting. (2.2) » DO NOT prescribe pharmacological treatment » » for children younger than 12 years. Provide guidance on improving behaviour. (2.3) Assess for and manage stressors, reduce stress and » strengthen social supports. Provide guidance on child/adolescent well-being. (2.1) » Assess for and manage stressors, and strengthen » » social supports. Liaise with teachers and other school staff. (2.7) Provide psychoeducation to the person and carers. » » (2.2 and 2.5) Provide carer support. (2.6) Link with other available resources in the » community. Provide carer support. (2.6) » Liaise with teachers and other school staff. (2.7) » Liaise with teachers and other school staff. (2.7) » Consider Parent Skills Training when available. (2.8) » Link with other available resources in the community. » Link with other available resources in the community. » Assess for and manage stressors, reduce stress and » Ensure appropriate follow-up every three months strengthen social supports. or more, if needed. » Consider Parent Skills Training when available. (2.8) » Consider behavioural interventions when available. (2.8) » Consider referral for behavioural intervention or » D O NOT offer pharmacological treatment. interpersonal therapy. » When psychological interventions prove ineffective, consult a specialist for Fluoxetine (no other SSRIs or » TCAs). Go to DEP for medication details. » Ensure appropriate follow-up once a month or more, if needed. Guidance for improving behaviour can be provided to all carers PSYCHOSOCIAL INTERVENTIONS who are having difficulty with their child/adolescent’s behaviour even if a behavioural disorder is not suspected. 2.1 G uidance to promote child/adoles- physical activity each day through daily activities, play, or 2.3 Guidance for improving behaviour cent well-being and functioning sports. See www.who.int/dietphysicalactivity/publications/ recommendations5_17years ENCOURAGE THE CARER TO: Participate in school, community, and other social activities Give loving attention, including playing with the child every day. Can be provided to all children, adolescents as much as possible. Provide opportunities for the adolescents to talk to you. and carers even if no disorder is suspected. Spend time with trusted friends and family. Be consistent about what your child/adolescent is allowed and not allowed to do. Give clear, simple, and short Avoid the use of drugs, alcohol, and nicotine. 86 cmh 2 child & adolescent mental & behavioural disorders management protocol protocol protocol 4 5 6 conduct disorder problems with emotions emotional disorder or trầm cảm » » » provide guidance on child/adolescent wel..."
}