{
  "id": "everyday#risk_safety_3893d237",
  "title_en": "General — Risk Safety",
  "title_vi": "General — Nguy cơ An toàn",
  "text_en": "Annex 1. Contributors to the guideline Name and title Affiliation WHO region Expertise City, country of residence Dr Lakshmi Vijayakumar Society for Networking, South-East Asia Suicide prevention, global Empowerment & Holistic suicide research Action, New Delhi, India Department of Psychiatry, Voluntary Health Services, Chennai, India University of Melbourne, Melbourne, Australia Professor Wang Huali Peking University Institute of Western Pacific Dementia, late-life dementia, Mental Health, Beijing, China capacity-building, policy advocacy for aging mental health Ms Pichayanan Faculty of Medicine South-East Asia Carer of person with dementia (Peach) Wattanavitukul Ramathibodi Hospital, Mahidol University, Bangkok, Thailand Alzheimer’s Disease and Related Disorder Association of Thailand, Bangkok, Thailand Ms Enat Yewnetu CareEpilepsy, Addis Africa Lived experience, advocacy, Ababa, Ethiopia founder and CEO of Pan- Africa NGO, stigma and social barriers 135 Mental Health Gap Action Programme (mhGAP) guideline for mental, neurological and substance use disorders Members of the Topic Expert Group (TEG) for each module Name and title Affiliation WHO region City, country of residence Alcohol use disorders TEG and drug use disorders TEG Professor Sawitri Faculty of Medicine,",
  "gloss_vi": "Annex 1. contributors to the guideline name and title affiliation who region expertise city, country of residence dr lakshmi vijayakumar society for networking, south-east asia tự sát prevention, global empowerment & hol...",
  "source": "Everyday Essentials",
  "url": "",
  "lang": "en",
  "axes": {
    "type": [
      "clinical",
      "everyday"
    ],
    "condition": [
      "General"
    ],
    "clinical_section": [
      "risk_safety"
    ],
    "life_topics": [
      "work"
    ],
    "advice_section": [],
    "audience": [],
    "risk_band": "high"
  },
  "index_text": "General — Risk Safety General — Nguy cơ An toàn Annex 1. Contributors to the guideline Name and title Affiliation WHO region Expertise City, country of residence Dr Lakshmi Vijayakumar Society for Networking, South-East Asia Suicide prevention, global Empowerment & Holistic suicide research Action, New Delhi, India Department of Psychiatry, Voluntary Health Services, Chennai, India University of Melbourne, Melbourne, Australia Professor Wang Huali Peking University Institute of Western Pacific Dementia, late-life dementia, Mental Health, Beijing, China capacity-building, policy advocacy for aging mental health Ms Pichayanan Faculty of Medicine South-East Asia Carer of person with dementia (Peach) Wattanavitukul Ramathibodi Hospital, Mahidol University, Bangkok, Thailand Alzheimer’s Disease and Related Disorder Association of Thailand, Bangkok, Thailand Ms Enat Yewnetu CareEpilepsy, Addis Africa Lived experience, advocacy, Ababa, Ethiopia founder and CEO of Pan- Africa NGO, stigma and social barriers 135 Mental Health Gap Action Programme (mhGAP) guideline for mental, neurological and substance use disorders Members of the Topic Expert Group (TEG) for each module Name and title Affiliation WHO region City, country of residence Alcohol use disorders TEG and drug use disorders TEG Professor Sawitri Faculty of Medicine, Annex 1. contributors to the guideline name and title affiliation who region expertise city, country of residence dr lakshmi vijayakumar society for networking, south-east asia tự sát prevention, global empowerment & hol..."
}