{
  "id": "everyday#risk_safety_0b651cd6",
  "title_en": "General — Risk Safety",
  "title_vi": "General — Nguy cơ An toàn",
  "text_en": "possessives • Most will continue to have difficulty shared interests with others. or past tense verbs. using a knife to cut food, using • Most will need help following cooking appliances safely, using • Some may need support rules when playing simple games household products safely, and telling basic parts of a story or going out with friends. doing household chores. or asking “wh” questions (e.g. when, where, why, who). • Some will need support when changing routines and transitioning • Most will not learn complex between activities/places. conversation skills (i.e. expressing their ideas in an abstract manner or in more than one way). Neurodevelopmental disorders | Disorders of intellectual development Neurodevelopmental disorders 107 Table 6.3. contd Severity level Conceptual Social Practical Literacy • Some will need support in behaving • Most will not acquire an appropriately in accordance understanding of taking • Most will have reading and with social situations, and care of their health. writing skills that will be limited to knowing what to do in social approximately those expected of • Most will learn basic work skills situations involving strangers. someone who has attended 2 years but later than same-age peers of primary/elementary school. • Most individuals will not be able to share information with • Most may need support with others about their past day’s reading simple stories, writing events/activities, and will need simple sentences, and writing more support managing conflicts or than 20 words from memory. challenging social interactions • Most will be able to say the and recognizing/avoiding names of a few animals, fruits dangerous social situations. and foods prepared in the home. Severe • Most will be able independently • Some may need support • Most can learn to independently to make simple one-word demonstrating friend-seeking put on and take off clothing, requests, use first names of behaviour, or engaging in feed themselves with hand or familiar individuals and name reciprocal social interactions. a spoon, and use the toilet. at least 10 familiar objects. • Most will need help expressing • They will often continue to need • Some may need help following their emotions or showing empathy. support to attain independence instructions, and will not for putting shoes or other • Most will not know that they should be able to use pronouns, footwear on the correct feet, offer help to others without cues possessives or regular past buttoning and fastening clothing, or prompting, show appropriate tenses, or state their age. bathing and showering. emotions in social situations, • With help, some may be able engage in conversations or ask • Most individuals will not learn to ask “wh” questions (e.g. others about their interests. the rules and safe behaviours when, why, what, where), use at in the home and community, • Most will need support to least 100 recognizable words, doing household chores or play cooperatively. use negatives, and relate their checking for correct change experiences in simple sentences. • Most will need help with when purchasing items. transitions – changing from • Some will learn basic work skills Literacy one activity to another, or an but later than same-age peers. unexpected change in routine. • Most will have reading and writing skills that will be • With considerable help, some might limited to identifying some be able to start/end a conversation letters of the alphabet. appropriately, and say “please” and “thank you” when appropriate. • Most will be able to count up to 5. • Most will have difficulty following social rules, as well as rules associated with games such as turn-taking or sharing toys. Most will be unable to participate in social or other games with complex rules. Neurodevelopmental disorders | Disorders of intellectual development",
  "gloss_vi": "Possessives • most will continue to have difficulty shared interests with others. or past tense verbs.",
  "source": "Everyday Essentials",
  "url": "",
  "lang": "en",
  "axes": {
    "type": [
      "clinical",
      "everyday"
    ],
    "condition": [
      "General"
    ],
    "clinical_section": [
      "risk_safety",
      "screening_cues",
      "psychoeducation",
      "do_not_do"
    ],
    "life_topics": [
      "work",
      "relationships"
    ],
    "advice_section": [
      "work_habits"
    ],
    "audience": [],
    "risk_band": "high"
  },
  "index_text": "General — Risk Safety General — Nguy cơ An toàn possessives • Most will continue to have difficulty shared interests with others. or past tense verbs. using a knife to cut food, using • Most will need help following cooking appliances safely, using • Some may need support rules when playing simple games household products safely, and telling basic parts of a story or going out with friends. doing household chores. or asking “wh” questions (e.g. when, where, why, who). • Some will need support when changing routines and transitioning • Most will not learn complex between activities/places. conversation skills (i.e. expressing their ideas in an abstract manner or in more than one way). Neurodevelopmental disorders | Disorders of intellectual development Neurodevelopmental disorders 107 Table 6.3. contd Severity level Conceptual Social Practical Literacy • Some will need support in behaving • Most will not acquire an appropriately in accordance understanding of taking • Most will have reading and with social situations, and care of their health. writing skills that will be limited to knowing what to do in social approximately those expected of • Most will learn basic work skills situations involving strangers. someone who has attended 2 years but later than same-age peers of primary/elementary school. • Most individuals will not be able to share information with • Most may need support with others about their past day’s reading simple stories, writing events/activities, and will need simple sentences, and writing more support managing conflicts or than 20 words from memory. challenging social interactions • Most will be able to say the and recognizing/avoiding names of a few animals, fruits dangerous social situations. and foods prepared in the home. Severe • Most will be able independently • Some may need support • Most can learn to independently to make simple one-word demonstrating friend-seeking put on and take off clothing, requests, use first names of behaviour, or engaging in feed themselves with hand or familiar individuals and name reciprocal social interactions. a spoon, and use the toilet. at least 10 familiar objects. • Most will need help expressing • They will often continue to need • Some may need help following their emotions or showing empathy. support to attain independence instructions, and will not for putting shoes or other • Most will not know that they should be able to use pronouns, footwear on the correct feet, offer help to others without cues possessives or regular past buttoning and fastening clothing, or prompting, show appropriate tenses, or state their age. bathing and showering. emotions in social situations, • With help, some may be able engage in conversations or ask • Most individuals will not learn to ask “wh” questions (e.g. others about their interests. the rules and safe behaviours when, why, what, where), use at in the home and community, • Most will need support to least 100 recognizable words, doing household chores or play cooperatively. use negatives, and relate their checking for correct change experiences in simple sentences. • Most will need help with when purchasing items. transitions – changing from • Some will learn basic work skills Literacy one activity to another, or an but later than same-age peers. unexpected change in routine. • Most will have reading and writing skills that will be • With considerable help, some might limited to identifying some be able to start/end a conversation letters of the alphabet. appropriately, and say “please” and “thank you” when appropriate. • Most will be able to count up to 5. • Most will have difficulty following social rules, as well as rules associated with games such as turn-taking or sharing toys. Most will be unable to participate in social or other games with complex rules. Neurodevelopmental disorders | Disorders of intellectual development Possessives • most will continue to have difficulty shared interests with others. or past tense verbs."
}