{
  "id": "everyday#risk_safety_27161716",
  "title_en": "General — Risk Safety",
  "title_vi": "General — Nguy cơ An toàn",
  "text_en": "al. Drug treatment for panic anxiety disorders: a systematic review and meta- disorder with or without agoraphobia: systematic analysis of treatment effectiveness. Psychol review and network meta-analysis of randomised Med. 2023;53(2):567–79 (https://doi.org/10.1017/ controlled trials. BMJ. 2022;376:e066084 (https:// S0033291721001999). doi.org/10.1136/bmj-2021-066084). 41. Kim HS, Kim EJ. Effects of relaxation therapy on 34. Slee A, Nazareth I, Bondaronek P, Liu Y, Cheng anxiety disorders: a systematic review and meta- Z, Freemantle N. Pharmacological treatments analysis. Arch Psychiatr Nurs. 2018;32(2):278–84 for generalised anxiety disorder: a systematic (https://doi.org/10.1016/j.apnu.2017.11.015). review and network meta-analysis. Lancet. 42. Ramos-Sanchez CP, Schuch FB, Seedat S, Louw 2019;393(10173):768–77 (https://doi.org/10.1016/ QA, Stubbs B, Rosenbaum S et al. The anxiolytic S0140-6736(18)31793-8). effects of exercise for people with anxiety and 35. Parker EL, Banfield M, Fassnacht DB, Hatfield T, related disorders: an update of the available meta- Kyrios M. Contemporary treatment of anxiety analytic evidence. Psychiatry Res. 2021;302:114046 in primary care: a systematic review and meta- (https://doi.org/10.1016/j.psychres.2021.114046). analysis of outcomes in countries with universal 43. Vancampfort D, Sánchez CPR, Hallgren M, healthcare. BMC Fam Pract. 2021;22(1):92 (https:// Schuch F, Firth J, Rosenbaum S et al. Dropout doi.org/10.1186/s12875-021-01445-5). from exercise randomized controlled trials 36. Haller H, Breilmann P, Schröter M, Dobos G, among people with anxiety and stress-related Cramer H. A systematic review and meta- disorders: a meta-analysis and meta-regression. analysis of acceptance-and mindfulness-based J Affect Disord. 2021;282:996–1004 (https://doi. interventions for DSM-5 anxiety disorders. Sci Rep. org/10.1016/j.jad.2021.01.003). 2021;11(1):20385 (https://doi.org/10.1038/s41598- 44. Machado S, Telles G, Magalhaes F, Teixeira D, 021-99882-w). Amatriain-Fernández S, Budde H et al. Can 37. van Dis EAM, van Veen SC, Hagenaars MA, Batelaan regular physical exercise be a treatment for NM, Bockting CLH, van den Heuvel RM et al. panic disorder? A systematic review. Expert Rev Long-term outcomes of cognitive behavioral Neurother. 2022;22(1):53–64 (https://doi.org/10.10 therapy for anxiety-related disorders: a systematic 80/14737175.2021.2005581). review and meta-analysis. JAMA Psychiatry. 45. WHO guidelines on physical activity and sedentary 2020;77(3):265–73 (https://doi.org/10.1001/ behaviour. Geneva: World Health Organization; jamapsychiatry.2019.3986). 2020 (https://iris.who.int/handle/10665/336656). 38. Papola D, Purgato M, Gastaldon C, Bovo C, van 46. Breilmann J, Girlanda F, Guaiana G, Barbui C, Ommeren M, Barbui C et al. Psychological and Cipriani A, Castellazzi M et al. Benzodiazepines social interventions for the prevention of mental versus placebo for panic disorder in adults. disorders in people living in low- and middle- Cochrane Database Syst Rev. 2019;(3):CD010677. income countries affected by humanitarian crises. Cochrane Database Syst Rev. 2020;(9):CD012417. 47. Shinfuku M, Kishimoto T, Uchida H, Suzuki T, Mimura M, Kikuchi T. Effectiveness and safety 39. Barkowski S, Schwartze D, Strauss B, Burlingame of long-term benzodiazepine use in anxiety GM, Rosendahl J. Efficacy of group psychotherapy disorders: a systematic review and meta-analysis. for anxiety disorders: a systematic review and Int Clin Psychopharmacol. 2019;34(5):211–21 meta-analysis. Psychother Res. 2020;30(8):965–82 (https://doi.org/10.1097/YIC.0000000000000276). (https://doi.org/10.1080/10503307.2020.1729440). 117",
  "gloss_vi": "Al. drug treatment for panic lo âu disorders: a systematic review and meta- disorder with or without agoraphobia: systematic analysis of treatment effectiveness.",
  "source": "Everyday Essentials",
  "url": "",
  "lang": "en",
  "axes": {
    "type": [
      "clinical",
      "everyday"
    ],
    "condition": [
      "General"
    ],
    "clinical_section": [
      "risk_safety"
    ],
    "life_topics": [
      "stress",
      "work"
    ],
    "advice_section": [
      "coping_skill"
    ],
    "audience": [],
    "risk_band": "low"
  },
  "index_text": "General — Risk Safety General — Nguy cơ An toàn al. Drug treatment for panic anxiety disorders: a systematic review and meta- disorder with or without agoraphobia: systematic analysis of treatment effectiveness. Psychol review and network meta-analysis of randomised Med. 2023;53(2):567–79 (https://doi.org/10.1017/ controlled trials. BMJ. 2022;376:e066084 (https:// S0033291721001999). doi.org/10.1136/bmj-2021-066084). 41. Kim HS, Kim EJ. Effects of relaxation therapy on 34. Slee A, Nazareth I, Bondaronek P, Liu Y, Cheng anxiety disorders: a systematic review and meta- Z, Freemantle N. Pharmacological treatments analysis. Arch Psychiatr Nurs. 2018;32(2):278–84 for generalised anxiety disorder: a systematic (https://doi.org/10.1016/j.apnu.2017.11.015). review and network meta-analysis. Lancet. 42. Ramos-Sanchez CP, Schuch FB, Seedat S, Louw 2019;393(10173):768–77 (https://doi.org/10.1016/ QA, Stubbs B, Rosenbaum S et al. The anxiolytic S0140-6736(18)31793-8). effects of exercise for people with anxiety and 35. Parker EL, Banfield M, Fassnacht DB, Hatfield T, related disorders: an update of the available meta- Kyrios M. Contemporary treatment of anxiety analytic evidence. Psychiatry Res. 2021;302:114046 in primary care: a systematic review and meta- (https://doi.org/10.1016/j.psychres.2021.114046). analysis of outcomes in countries with universal 43. Vancampfort D, Sánchez CPR, Hallgren M, healthcare. BMC Fam Pract. 2021;22(1):92 (https:// Schuch F, Firth J, Rosenbaum S et al. Dropout doi.org/10.1186/s12875-021-01445-5). from exercise randomized controlled trials 36. Haller H, Breilmann P, Schröter M, Dobos G, among people with anxiety and stress-related Cramer H. A systematic review and meta- disorders: a meta-analysis and meta-regression. analysis of acceptance-and mindfulness-based J Affect Disord. 2021;282:996–1004 (https://doi. interventions for DSM-5 anxiety disorders. Sci Rep. org/10.1016/j.jad.2021.01.003). 2021;11(1):20385 (https://doi.org/10.1038/s41598- 44. Machado S, Telles G, Magalhaes F, Teixeira D, 021-99882-w). Amatriain-Fernández S, Budde H et al. Can 37. van Dis EAM, van Veen SC, Hagenaars MA, Batelaan regular physical exercise be a treatment for NM, Bockting CLH, van den Heuvel RM et al. panic disorder? A systematic review. Expert Rev Long-term outcomes of cognitive behavioral Neurother. 2022;22(1):53–64 (https://doi.org/10.10 therapy for anxiety-related disorders: a systematic 80/14737175.2021.2005581). review and meta-analysis. JAMA Psychiatry. 45. WHO guidelines on physical activity and sedentary 2020;77(3):265–73 (https://doi.org/10.1001/ behaviour. Geneva: World Health Organization; jamapsychiatry.2019.3986). 2020 (https://iris.who.int/handle/10665/336656). 38. Papola D, Purgato M, Gastaldon C, Bovo C, van 46. Breilmann J, Girlanda F, Guaiana G, Barbui C, Ommeren M, Barbui C et al. Psychological and Cipriani A, Castellazzi M et al. Benzodiazepines social interventions for the prevention of mental versus placebo for panic disorder in adults. disorders in people living in low- and middle- Cochrane Database Syst Rev. 2019;(3):CD010677. income countries affected by humanitarian crises. Cochrane Database Syst Rev. 2020;(9):CD012417. 47. Shinfuku M, Kishimoto T, Uchida H, Suzuki T, Mimura M, Kikuchi T. Effectiveness and safety 39. Barkowski S, Schwartze D, Strauss B, Burlingame of long-term benzodiazepine use in anxiety GM, Rosendahl J. Efficacy of group psychotherapy disorders: a systematic review and meta-analysis. for anxiety disorders: a systematic review and Int Clin Psychopharmacol. 2019;34(5):211–21 meta-analysis. Psychother Res. 2020;30(8):965–82 (https://doi.org/10.1097/YIC.0000000000000276). (https://doi.org/10.1080/10503307.2020.1729440). 117 Al. drug treatment for panic lo âu disorders: a systematic review and meta- disorder with or without agoraphobia: systematic analysis of treatment effectiveness."
}