{
  "id": "everyday#risk_safety_0b043c75",
  "title_en": "General — Risk Safety",
  "title_vi": "General — Nguy cơ An toàn",
  "text_en": "similar to those of a hypomanic episode but, unlike in a hypomanic episode, the mood disturbance in a mixed episode is sufficiently severe to result in significant impairment in personal, family, social, educational, occupational or other important areas of functioning or to require intensive treatment (e.g. hospitalization) to prevent harm to self or others, or is accompanied by delusions or hallucinations. Moreover, in a mixed episode several prominent manic symptoms occur simultaneously or alternate rapidly with several prominent depressive symptoms such as dysphoric mood, expressed beliefs of worthlessness, hopelessness or suicidal ideation, which are not characteristic of a hypomanic episode. Hypomanic episode Essential (required) features • Both of the following symptoms occur concurrently and persist for most of the day, nearly every day, for at least several days. • Persistent elevation of mood or increased irritability is observable or reported, and represents a significant change from the individual’s usual range of moods (e.g. the change would be apparent to people who know the individual well). This does not include periods of elevated or irritable mood that are contextually appropriate (e.g. elevated mood after graduating from school or related to falling in love). Rapid shifts among different mood states commonly occur (i.e. mood lability). • Increased activity or a subjective experience of increased energy is present, and represents a significant change from the individual’s typical level. • In addition, several of the following symptoms are present, representing a significant change from the individual’s usual behaviour (e.g. the change would be apparent to others who know the individual well) or subjective state: • increased talkativeness or pressured speech (a feeling of internal pressure to be more talkative); • flight of ideas or experience of rapid or racing thoughts (e.g. thoughts flow rapidly from one idea to the next; the person reports that their thoughts are rapid or even racing and has difficulty remaining on a topic); • increased self-esteem or grandiosity (e.g. the individual is more self-confident than usual); • decreased need for sleep (e.g. the person reports needing less sleep than usual and still feels well-rested), as distinct from insomnia, in which an individual wants to sleep but cannot; • distractibility (e.g. the person has difficulty staying on task, because attention is drawn to irrelevant or minor environmental stimuli, such as being overly distracted by outside noise during a conversation); Mood disorders | Hypomanic episode",
  "gloss_vi": "Similar to those of a hypomanic episode but, unlike in a hypomanic episode, the mood disturbance in a mixed episode is sufficiently severe to result in significant impairment in personal, family, social, educational, occ...",
  "source": "Everyday Essentials",
  "url": "",
  "lang": "en",
  "axes": {
    "type": [
      "clinical",
      "everyday"
    ],
    "condition": [
      "General"
    ],
    "clinical_section": [
      "risk_safety",
      "screening_cues",
      "psychoeducation"
    ],
    "life_topics": [
      "sleep",
      "relationships",
      "self_esteem"
    ],
    "advice_section": [
      "work_habits"
    ],
    "audience": [],
    "risk_band": "high"
  },
  "index_text": "General — Risk Safety General — Nguy cơ An toàn similar to those of a hypomanic episode but, unlike in a hypomanic episode, the mood disturbance in a mixed episode is sufficiently severe to result in significant impairment in personal, family, social, educational, occupational or other important areas of functioning or to require intensive treatment (e.g. hospitalization) to prevent harm to self or others, or is accompanied by delusions or hallucinations. Moreover, in a mixed episode several prominent manic symptoms occur simultaneously or alternate rapidly with several prominent depressive symptoms such as dysphoric mood, expressed beliefs of worthlessness, hopelessness or suicidal ideation, which are not characteristic of a hypomanic episode. Hypomanic episode Essential (required) features • Both of the following symptoms occur concurrently and persist for most of the day, nearly every day, for at least several days. • Persistent elevation of mood or increased irritability is observable or reported, and represents a significant change from the individual’s usual range of moods (e.g. the change would be apparent to people who know the individual well). This does not include periods of elevated or irritable mood that are contextually appropriate (e.g. elevated mood after graduating from school or related to falling in love). Rapid shifts among different mood states commonly occur (i.e. mood lability). • Increased activity or a subjective experience of increased energy is present, and represents a significant change from the individual’s typical level. • In addition, several of the following symptoms are present, representing a significant change from the individual’s usual behaviour (e.g. the change would be apparent to others who know the individual well) or subjective state: • increased talkativeness or pressured speech (a feeling of internal pressure to be more talkative); • flight of ideas or experience of rapid or racing thoughts (e.g. thoughts flow rapidly from one idea to the next; the person reports that their thoughts are rapid or even racing and has difficulty remaining on a topic); • increased self-esteem or grandiosity (e.g. the individual is more self-confident than usual); • decreased need for sleep (e.g. the person reports needing less sleep than usual and still feels well-rested), as distinct from insomnia, in which an individual wants to sleep but cannot; • distractibility (e.g. the person has difficulty staying on task, because attention is drawn to irrelevant or minor environmental stimuli, such as being overly distracted by outside noise during a conversation); Mood disorders | Hypomanic episode Similar to those of a hypomanic episode but, unlike in a hypomanic episode, the mood disturbance in a mixed episode is sufficiently severe to result in significant impairment in personal, family, social, educational, occ..."
}