{
  "id": "everyday#do_not_do_e5f619f9",
  "title_en": "General — Do Not Do",
  "title_vi": "General — Do Not Do",
  "text_en": "Notes 6D10.x F60.31 Emotionally unstable personality disorder, borderline The x in the left column type is a placeholder for AND the digit indicating the severity level of the personality disorder: 6D11.0 Negative affectivity 4-character code: F60.3 Emotionally unstable personality 6D11.3 Disinhibition disorder • 0 = Mild (6D10.x/6D11.0/6D11.3) • 1 = Moderate • 2 = Severe OR • Z = Severity 6D10.x unspecified. AND 6D11.5 Borderline pattern, with or without any other combination of prominent personality traits or patterns (6D10.x/6D11.5/…) 6D10.x F60.4 Histrionic personality disorder The x in the left column is a placeholder for AND the digit indicating the severity level of the personality disorder: 6D11.0 Negative affectivity 6D11.2 Dissociality • 0 = Mild • 1 = Moderate 6D11.3 Disinhibition • 2 = Severe ((6D10.x/6D11.0/6D11.2/6D11.3) • Z = Severity unspecified. 6D10.x F60.5 Anankastic personality disorder The x in the left column is a placeholder for AND the digit indicating the severity level of the personality disorder: 6D11.0 Negative affectivity 6D11.4 Anankastia • 0 = Mild (6D10.x/6D11.0/6D11.4) • 1 = Moderate • 2 = Severe • Z = Severity unspecified. 6D10.x F60.6 Anxious [avoidant] personality disorder The x in the left column is a placeholder for AND the digit indicating the severity level of the personality disorder: 6D11.0 Negative affectivity 6D11.1 Detachment • 0 = Mild (6D10.x/6D11.0/6D11.1) • 1 = Moderate • 2 = Severe • Z = Severity unspecified. 6D10.x F60.7 Dependent personality disorder The x in the left column is a placeholder for the digit indicating the severity level of the personality disorder: AND • 0 = Mild • 1 = Moderate 6D11.0 Negative affectivity • 2 = Severe (6D10.x/6D11.0) • Z = Severity unspecified.",
  "gloss_vi": "Notes 6d10.x f60.31 emotionally unstable personality disorder, borderline the x in the left column type is a placeholder for and the digit indicating the severity level of the personality disorder: 6d11.0 negative affect...",
  "source": "Everyday Essentials",
  "url": "",
  "lang": "en",
  "axes": {
    "type": [
      "clinical"
    ],
    "condition": [
      "General"
    ],
    "clinical_section": [
      "do_not_do"
    ],
    "life_topics": [],
    "advice_section": [],
    "audience": [],
    "risk_band": "low"
  },
  "index_text": "General — Do Not Do General — Do Not Do Notes 6D10.x F60.31 Emotionally unstable personality disorder, borderline The x in the left column type is a placeholder for AND the digit indicating the severity level of the personality disorder: 6D11.0 Negative affectivity 4-character code: F60.3 Emotionally unstable personality 6D11.3 Disinhibition disorder • 0 = Mild (6D10.x/6D11.0/6D11.3) • 1 = Moderate • 2 = Severe OR • Z = Severity 6D10.x unspecified. AND 6D11.5 Borderline pattern, with or without any other combination of prominent personality traits or patterns (6D10.x/6D11.5/…) 6D10.x F60.4 Histrionic personality disorder The x in the left column is a placeholder for AND the digit indicating the severity level of the personality disorder: 6D11.0 Negative affectivity 6D11.2 Dissociality • 0 = Mild • 1 = Moderate 6D11.3 Disinhibition • 2 = Severe ((6D10.x/6D11.0/6D11.2/6D11.3) • Z = Severity unspecified. 6D10.x F60.5 Anankastic personality disorder The x in the left column is a placeholder for AND the digit indicating the severity level of the personality disorder: 6D11.0 Negative affectivity 6D11.4 Anankastia • 0 = Mild (6D10.x/6D11.0/6D11.4) • 1 = Moderate • 2 = Severe • Z = Severity unspecified. 6D10.x F60.6 Anxious [avoidant] personality disorder The x in the left column is a placeholder for AND the digit indicating the severity level of the personality disorder: 6D11.0 Negative affectivity 6D11.1 Detachment • 0 = Mild (6D10.x/6D11.0/6D11.1) • 1 = Moderate • 2 = Severe • Z = Severity unspecified. 6D10.x F60.7 Dependent personality disorder The x in the left column is a placeholder for the digit indicating the severity level of the personality disorder: AND • 0 = Mild • 1 = Moderate 6D11.0 Negative affectivity • 2 = Severe (6D10.x/6D11.0) • Z = Severity unspecified. Notes 6d10.x f60.31 emotionally unstable personality disorder, borderline the x in the left column type is a placeholder for and the digit indicating the severity level of the personality disorder: 6d11.0 negative affect..."
}