{
  "id": "everyday#psychoeducation_f9a4b54d",
  "title_en": "General — Psychoeducation",
  "title_vi": "General — Giáo dục tâm lý",
  "text_en": "544 Clinical Descriptions and Diagnostic Requirements for ICD-11 Mental, Behavioural or Neurodevelopmental Disorders 6C91 Conduct-dissocial disorder Essential (required) features • A repetitive and persistent pattern of behaviour in which the basic rights of others or major age-appropriate social or cultural norms, rules or laws are violated is required for diagnosis. Typically, multiple behaviours are involved, including one or more of the following: • aggression towards people or animals, such as bullying, threatening or intimidating others, instigating physical fights, using weapons that can cause serious physical harm to others (such as a brick, broken bottle, knife or gun), physical cruelty to people, physical cruelty to animals, aggressive forms of stealing (e.g. mugging, purse snatching, extortion), or forcing someone into sexual activity; • destruction of property, such as deliberate fire setting with the intention of causing serious damage or deliberate destruction of others’ property (e.g. purposely breaking other children’s toys, breaking windows, scratching cars, slashing tires); • deceitfulness or theft, such as stealing items of value (e.g. shoplifting, forgery), lying to obtain goods or favours or to avoid obligations (e.g. “conning” others), or breaking into someone’s house, building or car; • serious violations of rules, such as children or adolescents repeatedly staying out all night despite parental prohibitions, repeatedly running away from home, or often skipping school or work without permission. • The pattern of behaviour must be persistent and recurrent, including multiple incidents of the types of behaviours described above over an extended period of time (e.g. at least 1 year). The mere commission of one or more delinquent acts is not sufficient for the diagnosis. • The behaviour pattern results in significant impairment in personal, family, social, educational, occupational or other important areas of functioning. Specifiers for age of onset Two subtypes related to age of onset can be specified in individuals who meet the diagnostic requirements for conduct-dissocial disorder. 6C91.0 Conduct-dissocial disorder, childhood onset • All diagnostic requirements for conduct-dissocial disorder are met. • One or more features of the disorder have clearly been present and persistent during childhood prior to adolescence (e.g. before 10 years of age). Disruptive behaviour",
  "gloss_vi": "544 clinical descriptions and diagnostic requirements for icd-11 mental, behavioural or neurodevelopmental disorders 6c91 conduct-dissocial disorder essential (required) features • a repetitive and persistent pattern of ...",
  "source": "Everyday Essentials",
  "url": "",
  "lang": "en",
  "axes": {
    "type": [
      "clinical",
      "everyday"
    ],
    "condition": [
      "General"
    ],
    "clinical_section": [
      "psychoeducation",
      "do_not_do"
    ],
    "life_topics": [
      "work",
      "relationships"
    ],
    "advice_section": [],
    "audience": [],
    "risk_band": "low"
  },
  "index_text": "General — Psychoeducation General — Giáo dục tâm lý 544 Clinical Descriptions and Diagnostic Requirements for ICD-11 Mental, Behavioural or Neurodevelopmental Disorders 6C91 Conduct-dissocial disorder Essential (required) features • A repetitive and persistent pattern of behaviour in which the basic rights of others or major age-appropriate social or cultural norms, rules or laws are violated is required for diagnosis. Typically, multiple behaviours are involved, including one or more of the following: • aggression towards people or animals, such as bullying, threatening or intimidating others, instigating physical fights, using weapons that can cause serious physical harm to others (such as a brick, broken bottle, knife or gun), physical cruelty to people, physical cruelty to animals, aggressive forms of stealing (e.g. mugging, purse snatching, extortion), or forcing someone into sexual activity; • destruction of property, such as deliberate fire setting with the intention of causing serious damage or deliberate destruction of others’ property (e.g. purposely breaking other children’s toys, breaking windows, scratching cars, slashing tires); • deceitfulness or theft, such as stealing items of value (e.g. shoplifting, forgery), lying to obtain goods or favours or to avoid obligations (e.g. “conning” others), or breaking into someone’s house, building or car; • serious violations of rules, such as children or adolescents repeatedly staying out all night despite parental prohibitions, repeatedly running away from home, or often skipping school or work without permission. • The pattern of behaviour must be persistent and recurrent, including multiple incidents of the types of behaviours described above over an extended period of time (e.g. at least 1 year). The mere commission of one or more delinquent acts is not sufficient for the diagnosis. • The behaviour pattern results in significant impairment in personal, family, social, educational, occupational or other important areas of functioning. Specifiers for age of onset Two subtypes related to age of onset can be specified in individuals who meet the diagnostic requirements for conduct-dissocial disorder. 6C91.0 Conduct-dissocial disorder, childhood onset • All diagnostic requirements for conduct-dissocial disorder are met. • One or more features of the disorder have clearly been present and persistent during childhood prior to adolescence (e.g. before 10 years of age). Disruptive behaviour 544 clinical descriptions and diagnostic requirements for icd-11 mental, behavioural or neurodevelopmental disorders 6c91 conduct-dissocial disorder essential (required) features • a repetitive and persistent pattern of ..."
}