{
  "id": "everyday#referral_35102519",
  "title_en": "General — Referral",
  "title_vi": "General — Chuyển tuyến",
  "text_en": "lipids due to selective eating of fatty foods) or impairment in psychosocial functioning (e.g. limited participation in social activities where preferred foods are not available). Distress on the part of parents or other caregivers related to selective eating in the absence of identifiable health consequences or impairment in the individual’s functioning is not a basis for assigning the diagnosis. Feeding and eating disorders | Avoidant-restrictive food intake disorder 412 Clinical Descriptions and Diagnostic Requirements for ICD-11 Mental, Behavioural or Neurodevelopmental Disorders • Avoidance of specific foods or limitation of food intake due to religious or other culturally sanctioned practices does not meet the diagnostic requirements of avoidant-restrictive food intake disorder unless the pattern of restricted food intake has negatively affected the physical health of the individual or resulted in significant impairment in personal, family, social, educational, occupational or other important areas of functioning. Course features • Avoidant-restrictive food intake disorder may be associated with delays in typical development (e.g. growth, learning), particularly if significant malnutrition is present. • Among individuals with avoidant-restrictive food intake disorder, avoidant and restrictive patterns of eating may persist into adulthood. • Individuals with avoidant-restrictive food intake disorder may develop certain features of anorexia nervosa over time (e.g. concerns about body weight or negative attitudes about fatness), but do not typically develop the body image distortion commonly seen in anorexia nervosa. Otherwise, evidence that avoidant-restrictive food intake disorder is associated with later diagnoses of other feeding and eating disorders is limited. Developmental presentations • Avoidant eating or feeding often starts in early childhood, but initial presentations in older children, adolescents and adults also occur. Culture-related features • Individuals who avoid specific foods because of widely accepted food choice practices, such as vegetarianism or veganism, or due to religious observances (e.g. fasting, purification or ritual proscription of foods), should not be diagnosed with the disorder unless the restricted eating behaviour exceeds the usual norms of the individual’s cultural or religious group, and is associated with health or functional consequences that warrant clinical attention. Sex- and/or gender-related features • The prevalence of avoidant-restrictive food intake disorder is similar among males and females. When avoidant-restrictive food intake disorder co-occurs with autism spectrum disorder, prevalence is higher among males. Feeding and eating disorders | Avoidant-restrictive food intake disorder",
  "gloss_vi": "Lipids due to selective eating of fatty foods) or impairment in psychosocial functioning (e.g. limited participation in social activities where preferred foods are not available).",
  "source": "Everyday Essentials",
  "url": "",
  "lang": "en",
  "axes": {
    "type": [
      "clinical",
      "everyday"
    ],
    "condition": [
      "General"
    ],
    "clinical_section": [
      "referral",
      "psychoeducation",
      "do_not_do"
    ],
    "life_topics": [
      "stress",
      "relationships"
    ],
    "advice_section": [
      "work_habits"
    ],
    "audience": [],
    "risk_band": "low"
  },
  "index_text": "General — Referral General — Chuyển tuyến lipids due to selective eating of fatty foods) or impairment in psychosocial functioning (e.g. limited participation in social activities where preferred foods are not available). Distress on the part of parents or other caregivers related to selective eating in the absence of identifiable health consequences or impairment in the individual’s functioning is not a basis for assigning the diagnosis. Feeding and eating disorders | Avoidant-restrictive food intake disorder 412 Clinical Descriptions and Diagnostic Requirements for ICD-11 Mental, Behavioural or Neurodevelopmental Disorders • Avoidance of specific foods or limitation of food intake due to religious or other culturally sanctioned practices does not meet the diagnostic requirements of avoidant-restrictive food intake disorder unless the pattern of restricted food intake has negatively affected the physical health of the individual or resulted in significant impairment in personal, family, social, educational, occupational or other important areas of functioning. Course features • Avoidant-restrictive food intake disorder may be associated with delays in typical development (e.g. growth, learning), particularly if significant malnutrition is present. • Among individuals with avoidant-restrictive food intake disorder, avoidant and restrictive patterns of eating may persist into adulthood. • Individuals with avoidant-restrictive food intake disorder may develop certain features of anorexia nervosa over time (e.g. concerns about body weight or negative attitudes about fatness), but do not typically develop the body image distortion commonly seen in anorexia nervosa. Otherwise, evidence that avoidant-restrictive food intake disorder is associated with later diagnoses of other feeding and eating disorders is limited. Developmental presentations • Avoidant eating or feeding often starts in early childhood, but initial presentations in older children, adolescents and adults also occur. Culture-related features • Individuals who avoid specific foods because of widely accepted food choice practices, such as vegetarianism or veganism, or due to religious observances (e.g. fasting, purification or ritual proscription of foods), should not be diagnosed with the disorder unless the restricted eating behaviour exceeds the usual norms of the individual’s cultural or religious group, and is associated with health or functional consequences that warrant clinical attention. Sex- and/or gender-related features • The prevalence of avoidant-restrictive food intake disorder is similar among males and females. When avoidant-restrictive food intake disorder co-occurs with autism spectrum disorder, prevalence is higher among males. Feeding and eating disorders | Avoidant-restrictive food intake disorder Lipids due to selective eating of fatty foods) or impairment in psychosocial functioning (e.g. limited participation in social activities where preferred foods are not available)."
}