{
  "id": "everyday#general_a45426b0",
  "title_en": "General — General",
  "title_vi": "General — General",
  "text_en": "822 Clinical Descriptions and Diagnostic Requirements for ICD-11 Mental, Behavioural or Neurodevelopmental Disorders Internet-based coding and case-controlled study Countries: Germany, Switzerland, United States Study sites: Department of Psychiatry, Medical Faculty, LVR-Klinikum Düsseldorf, Heinrich- Heine-University; WHO Collaborating Centre DEU-131 for Quality Assurance and Empowerment in Mental Health, LVR- Klinikum; LVR-Institute for Healthcare Research; Department of Psychosomatic Medicine, Rehabilitation Centre Seehof, Federal German Pension Agency, Berlin; Centre for Internal Medicine and Dermatology, Department of Psychosomatic Medicine, Charité – Universitätsmedizin Berlin, corporate member of Freie Universität Berlin, Humboldt-Universität zu Berlin, and Berlin Institute of Health; Department of Psychiatry and Psychotherapy, University Medical Centre Hamburg-Eppendorf; Institute for Sex Research, Sexual Medicine and Forensic Psychiatry, University Medical Centre Hamburg-Eppendorf; German Institute of Medical Documentation and Information, Cologne; Department of Psychiatry and Psychotherapy, University Hospital of Munich; Department of Information, Evidence and Research, WHO, Geneva; Department of Psychology, Virginia Commonwealth University, Richmond; Columbia University Department of Psychiatry and Research Foundation for Mental Hygiene, New York. Overall direction: Wolfgang Gaebel Site directors: Wolfgang Gaebel, Eva Meisenzahl-Lechner, Volker Köllner, Matthias Rose, Tobias Hofmann, Ingo Schäfer, Peer Briken, Jared W. Keeley, Ulrich Vögel, Peter Falkai, Nenad F.I. Kostanjsek Site coordinators: Johannes Stricker, Mathias Riesbeck, Jürgen Zielasek, Ariane Kerst, Annett Lotzin, Verena Klein, Franziska Brunner, Julia Brechbiel, Alkomiet Hasan Other contributors: Stefanie Weber, Maria Lange, Arno Deister, Julie Holzhausen, Gabriel Gerlinger, Sebastian Semler, Annette Pollex-Krüger, Holger Reinecke, Jürgen Stausberg, Thomas Pollmächer, Dietrich Munz, Tina Wessels, Sabine Bährer-Kohler, Christa Roth-Sackenheim Contributors 823",
  "gloss_vi": "822 clinical descriptions and diagnostic requirements for icd-11 mental, behavioural or neurodevelopmental disorders internet-based coding and case-controlled học tập countries: germany, switzerland, united states học tậ...",
  "source": "Everyday Essentials",
  "url": "",
  "lang": "en",
  "axes": {
    "type": [
      "everyday"
    ],
    "condition": [
      "General"
    ],
    "clinical_section": [],
    "life_topics": [
      "study"
    ],
    "advice_section": [],
    "audience": [],
    "risk_band": "low"
  },
  "index_text": "General — General General — General 822 Clinical Descriptions and Diagnostic Requirements for ICD-11 Mental, Behavioural or Neurodevelopmental Disorders Internet-based coding and case-controlled study Countries: Germany, Switzerland, United States Study sites: Department of Psychiatry, Medical Faculty, LVR-Klinikum Düsseldorf, Heinrich- Heine-University; WHO Collaborating Centre DEU-131 for Quality Assurance and Empowerment in Mental Health, LVR- Klinikum; LVR-Institute for Healthcare Research; Department of Psychosomatic Medicine, Rehabilitation Centre Seehof, Federal German Pension Agency, Berlin; Centre for Internal Medicine and Dermatology, Department of Psychosomatic Medicine, Charité – Universitätsmedizin Berlin, corporate member of Freie Universität Berlin, Humboldt-Universität zu Berlin, and Berlin Institute of Health; Department of Psychiatry and Psychotherapy, University Medical Centre Hamburg-Eppendorf; Institute for Sex Research, Sexual Medicine and Forensic Psychiatry, University Medical Centre Hamburg-Eppendorf; German Institute of Medical Documentation and Information, Cologne; Department of Psychiatry and Psychotherapy, University Hospital of Munich; Department of Information, Evidence and Research, WHO, Geneva; Department of Psychology, Virginia Commonwealth University, Richmond; Columbia University Department of Psychiatry and Research Foundation for Mental Hygiene, New York. Overall direction: Wolfgang Gaebel Site directors: Wolfgang Gaebel, Eva Meisenzahl-Lechner, Volker Köllner, Matthias Rose, Tobias Hofmann, Ingo Schäfer, Peer Briken, Jared W. Keeley, Ulrich Vögel, Peter Falkai, Nenad F.I. Kostanjsek Site coordinators: Johannes Stricker, Mathias Riesbeck, Jürgen Zielasek, Ariane Kerst, Annett Lotzin, Verena Klein, Franziska Brunner, Julia Brechbiel, Alkomiet Hasan Other contributors: Stefanie Weber, Maria Lange, Arno Deister, Julie Holzhausen, Gabriel Gerlinger, Sebastian Semler, Annette Pollex-Krüger, Holger Reinecke, Jürgen Stausberg, Thomas Pollmächer, Dietrich Munz, Tina Wessels, Sabine Bährer-Kohler, Christa Roth-Sackenheim Contributors 823 822 clinical descriptions and diagnostic requirements for icd-11 mental, behavioural or neurodevelopmental disorders internet-based coding and case-controlled học tập countries: germany, switzerland, united states học tậ..."
}