{
  "id": "everyday#referral_fc9e4a2f",
  "title_en": "General — Referral",
  "title_vi": "General — Chuyển tuyến",
  "text_en": "vi 6A73 Mixed depressive and anxiety disorder 258 6A7Y Other specified depressive disorder 260 6A7Z Depressive disorder, unspecified 261 Secondary-parented category in depressive disorders 261 GA34.41 Premenstrual dysphoric disorder 261 6A8Y Other specified mood disorder 263 6A8Z Mood disorder, unspecified 263 Anxiety and fear-related disorders 265 6B00 Generalized anxiety disorder 266 6B01 Panic disorder 271 6B02 Agoraphobia 275 6B03 Specific phobia 280 6B04 Social anxiety disorder 284 6B05 Separation anxiety disorder 289 6B06 Selective mutism 293 6B0Y Other specified anxiety or fear-related disorder 296 6B0Z Anxiety or fear-related disorder, unspecified 296 Obsessive-compulsive and related disorders 299 6B20 Obsessive-compulsive disorder 300 6B21 Body dysmorphic disorder 308 6B22 Olfactory reference disorder 314 6B23 Hypochondriasis (health anxiety disorder) 317 6B24 Hoarding disorder 322 6B25 Body-focused repetitive behaviour disorders 327 6B2Y Other specified obsessive-compulsive or related disorder 334 6B2Z Obsessive-compulsive or related disorder, unspecified 335 Secondary-parented category in obsessive-compulsive and related disorders 335 8A05.00 Tourette syndrome 335 Disorders specifically associated with stress 337 6B40 Post-traumatic stress disorder 339 6B41 Complex post-traumatic stress",
  "gloss_vi": "Vi 6a73 mixed depressive and lo âu disorder 258 6a7y other specified depressive disorder 260 6a7z depressive disorder, unspecified 261 secondary-parented category in depressive disorders 261 ga34.41 premenstrual dysphori...",
  "source": "Everyday Essentials",
  "url": "",
  "lang": "en",
  "axes": {
    "type": [
      "clinical",
      "everyday"
    ],
    "condition": [
      "General"
    ],
    "clinical_section": [
      "referral"
    ],
    "life_topics": [
      "stress",
      "study"
    ],
    "advice_section": [],
    "audience": [],
    "risk_band": "low"
  },
  "index_text": "General — Referral General — Chuyển tuyến vi 6A73 Mixed depressive and anxiety disorder 258 6A7Y Other specified depressive disorder 260 6A7Z Depressive disorder, unspecified 261 Secondary-parented category in depressive disorders 261 GA34.41 Premenstrual dysphoric disorder 261 6A8Y Other specified mood disorder 263 6A8Z Mood disorder, unspecified 263 Anxiety and fear-related disorders 265 6B00 Generalized anxiety disorder 266 6B01 Panic disorder 271 6B02 Agoraphobia 275 6B03 Specific phobia 280 6B04 Social anxiety disorder 284 6B05 Separation anxiety disorder 289 6B06 Selective mutism 293 6B0Y Other specified anxiety or fear-related disorder 296 6B0Z Anxiety or fear-related disorder, unspecified 296 Obsessive-compulsive and related disorders 299 6B20 Obsessive-compulsive disorder 300 6B21 Body dysmorphic disorder 308 6B22 Olfactory reference disorder 314 6B23 Hypochondriasis (health anxiety disorder) 317 6B24 Hoarding disorder 322 6B25 Body-focused repetitive behaviour disorders 327 6B2Y Other specified obsessive-compulsive or related disorder 334 6B2Z Obsessive-compulsive or related disorder, unspecified 335 Secondary-parented category in obsessive-compulsive and related disorders 335 8A05.00 Tourette syndrome 335 Disorders specifically associated with stress 337 6B40 Post-traumatic stress disorder 339 6B41 Complex post-traumatic stress Vi 6a73 mixed depressive and lo âu disorder 258 6a7y other specified depressive disorder 260 6a7z depressive disorder, unspecified 261 secondary-parented category in depressive disorders 261 ga34.41 premenstrual dysphori..."
}