{
  "id": "everyday#general_41fbfb6a",
  "title_en": "General — General",
  "title_vi": "General — General",
  "text_en": "60 Clinical Descriptions and Diagnostic Requirements for ICD-11 Mental, Behavioural or Neurodevelopmental Disorders Disorders of bodily distress or bodily experience 6C20 Bodily distress disorder Specify level of severity: 6C20.0 Mild bodily distress disorder 6C20.1 Moderate bodily distress disorder 6C20.2 Severe bodily distress disorder 6C20.Z Bodily distress disorder, unspecified 6C21 Body integrity dysphoria 6C2Y Other specified disorder of bodily distress or bodily experience 6C2Z Disorder of bodily distress or bodily experience, unspecified Disorders due to substance use and addictive behaviours Disorders due to substance use 6C41 6C40 Disorders due to use of alcohol 6C40.0 Episode of harmful use of alcohol 6C40.1 Harmful pattern of use of alcohol Specify pattern: 6C40.10 … episodic 6C40.11 … continuous 6C40.1Z … unspecified 6C40.2 Alcohol dependence Specify pattern of substance use or remission: 6C40.20 … current use, continuous 6C40.21 … current use, episodic 6C40.22 … early full remission 6C40.23 … sustained partial remission 6C40.24 … sustained full remission 6C40.2Z … unspecified List of categories 61 6C40.3 Alcohol intoxication Specify severity: 6C40.3&XS5W Alcohol intoxication, mild 6C40.3&XS0T Alcohol intoxication, moderate 6C40.3&XS25 Alcohol intoxication, severe 6C40.4 Alcohol withdrawal Specify",
  "gloss_vi": "60 clinical descriptions and diagnostic requirements for icd-11 mental, behavioural or neurodevelopmental disorders disorders of bodily distress or bodily experience 6c20 bodily distress disorder specify level of severit...",
  "source": "Everyday Essentials",
  "url": "",
  "lang": "en",
  "axes": {
    "type": [
      "everyday"
    ],
    "condition": [
      "General"
    ],
    "clinical_section": [],
    "life_topics": [
      "stress"
    ],
    "advice_section": [],
    "audience": [],
    "risk_band": "low"
  },
  "index_text": "General — General General — General 60 Clinical Descriptions and Diagnostic Requirements for ICD-11 Mental, Behavioural or Neurodevelopmental Disorders Disorders of bodily distress or bodily experience 6C20 Bodily distress disorder Specify level of severity: 6C20.0 Mild bodily distress disorder 6C20.1 Moderate bodily distress disorder 6C20.2 Severe bodily distress disorder 6C20.Z Bodily distress disorder, unspecified 6C21 Body integrity dysphoria 6C2Y Other specified disorder of bodily distress or bodily experience 6C2Z Disorder of bodily distress or bodily experience, unspecified Disorders due to substance use and addictive behaviours Disorders due to substance use 6C41 6C40 Disorders due to use of alcohol 6C40.0 Episode of harmful use of alcohol 6C40.1 Harmful pattern of use of alcohol Specify pattern: 6C40.10 … episodic 6C40.11 … continuous 6C40.1Z … unspecified 6C40.2 Alcohol dependence Specify pattern of substance use or remission: 6C40.20 … current use, continuous 6C40.21 … current use, episodic 6C40.22 … early full remission 6C40.23 … sustained partial remission 6C40.24 … sustained full remission 6C40.2Z … unspecified List of categories 61 6C40.3 Alcohol intoxication Specify severity: 6C40.3&XS5W Alcohol intoxication, mild 6C40.3&XS0T Alcohol intoxication, moderate 6C40.3&XS25 Alcohol intoxication, severe 6C40.4 Alcohol withdrawal Specify 60 clinical descriptions and diagnostic requirements for icd-11 mental, behavioural or neurodevelopmental disorders disorders of bodily distress or bodily experience 6c20 bodily distress disorder specify level of severit..."
}