{
  "id": "everyday#general_11ba03d1",
  "title_en": "General — General",
  "title_vi": "General — General",
  "text_en": "828 Clinical Descriptions and Diagnostic Requirements for ICD-11 Mental, Behavioural or Neurodevelopmental Disorders Disorders due to substance use or addictive behaviours International field testing Overall direction: Vladimir Poznyak Project coordination: Dzmitry Krupchanka Participants at the planning Mahmoud Al Abri, Sharifa Al Emadi, meeting for field testing of ICD-11 Hamad Al Ghaferi, Abdulla Omar Aljohi, Disorders Due to Substance Use Samya Almamary, Mohamed bin Ali Al Zahrani, or Addictive Behaviours hosted Adel Alzayed, Atul Ambekar, by National Rehabilitation Centre, Jamal Younes Anani, Sawitri Assanangkornchai, Abu Dhabi (Hamad Al Ghaferi, Linda Cottler, Hans Dharma, Ahmed El Kashef, Director-General): Tarek Abdel Gawad, Susumu Higuchi, Sang Kyu Lee, Min Zhao, Fareed Minhas, Neo Morojele, David Ndetei, Dzianis Padruchny, Marina Piazza, Afarin Rahimi-Movaghar, Hisham Ramy, Marcelo Ribeiro, Robin Room, John B. Saunders, Catherine Woodstock Striley, Sergey Utkin, Shamil Wanagratni, Abigail Zulich, Carolyn Edmonds, Phunnapa Kittirattanapaiboon, Zhong Na, Saito Satoko, Riaz Khan, Nenad Kostanjsek (WHO), Vladimir Poznyak (WHO). Collaborators at study sites Australia Site: Drug and Alcohol Services South Australia Site directors: Mike McDonough, Danica Liu Other contributors: Ann Roache, Michael Baigent, Adrian Dunlop, Jacquie Bowden, John Saunders, Michelle Spudic, Robert Ali Brazil Site: Botucatu Medical School, São Paulo State University Site director: José Manoel Bertolote Other contributors: Alberto Araújo, Arthur Guerra de Andrade, Alessandra Diehl, Ana Cecília Marques, Analice Gigliotti, Antonio Zuardi, Clarice Madruga, Daniel Spritzer, Flavio Pechanski, Guilherme Messas, Marcelo Cruz, Marcelo Ribeiro Mauricio Fiore, Pablo Kurlander, Renata Brasil, Sabrina Presman, Sérgio de Paula Ramos, Stella Regina Martins Contributors 829 China Site: Shanghai Mental Health Centre, WHO Collaborating Centre for Research",
  "gloss_vi": "828 clinical descriptions and diagnostic requirements for icd-11 mental, behavioural or neurodevelopmental disorders disorders due to substance use or addictive behaviours international field testing overall direction: v...",
  "source": "Everyday Essentials",
  "url": "",
  "lang": "en",
  "axes": {
    "type": [
      "everyday"
    ],
    "condition": [
      "General"
    ],
    "clinical_section": [],
    "life_topics": [
      "study"
    ],
    "advice_section": [],
    "audience": [],
    "risk_band": "low"
  },
  "index_text": "General — General General — General 828 Clinical Descriptions and Diagnostic Requirements for ICD-11 Mental, Behavioural or Neurodevelopmental Disorders Disorders due to substance use or addictive behaviours International field testing Overall direction: Vladimir Poznyak Project coordination: Dzmitry Krupchanka Participants at the planning Mahmoud Al Abri, Sharifa Al Emadi, meeting for field testing of ICD-11 Hamad Al Ghaferi, Abdulla Omar Aljohi, Disorders Due to Substance Use Samya Almamary, Mohamed bin Ali Al Zahrani, or Addictive Behaviours hosted Adel Alzayed, Atul Ambekar, by National Rehabilitation Centre, Jamal Younes Anani, Sawitri Assanangkornchai, Abu Dhabi (Hamad Al Ghaferi, Linda Cottler, Hans Dharma, Ahmed El Kashef, Director-General): Tarek Abdel Gawad, Susumu Higuchi, Sang Kyu Lee, Min Zhao, Fareed Minhas, Neo Morojele, David Ndetei, Dzianis Padruchny, Marina Piazza, Afarin Rahimi-Movaghar, Hisham Ramy, Marcelo Ribeiro, Robin Room, John B. Saunders, Catherine Woodstock Striley, Sergey Utkin, Shamil Wanagratni, Abigail Zulich, Carolyn Edmonds, Phunnapa Kittirattanapaiboon, Zhong Na, Saito Satoko, Riaz Khan, Nenad Kostanjsek (WHO), Vladimir Poznyak (WHO). Collaborators at study sites Australia Site: Drug and Alcohol Services South Australia Site directors: Mike McDonough, Danica Liu Other contributors: Ann Roache, Michael Baigent, Adrian Dunlop, Jacquie Bowden, John Saunders, Michelle Spudic, Robert Ali Brazil Site: Botucatu Medical School, São Paulo State University Site director: José Manoel Bertolote Other contributors: Alberto Araújo, Arthur Guerra de Andrade, Alessandra Diehl, Ana Cecília Marques, Analice Gigliotti, Antonio Zuardi, Clarice Madruga, Daniel Spritzer, Flavio Pechanski, Guilherme Messas, Marcelo Cruz, Marcelo Ribeiro Mauricio Fiore, Pablo Kurlander, Renata Brasil, Sabrina Presman, Sérgio de Paula Ramos, Stella Regina Martins Contributors 829 China Site: Shanghai Mental Health Centre, WHO Collaborating Centre for Research 828 clinical descriptions and diagnostic requirements for icd-11 mental, behavioural or neurodevelopmental disorders disorders due to substance use or addictive behaviours international field testing overall direction: v..."
}