{
  "id": "everyday#risk_safety_047755c7",
  "title_en": "General — Risk Safety",
  "title_vi": "General — Nguy cơ An toàn",
  "text_en": "Relationship problems and maltreatment 715 Boundary with normality (threshold) • Acts of physical aggression (e.g. grabbing a partner’s arm) that do not cause injury or significant fear are relatively common in intimate relationships. In contrast, the acts of physical violence and associated impacts characteristic of intimate partner physical abuse are not part of healthy functioning relationships. Course features • Intimate partner physical abuse may lessen and remit over time. However, for many affected relationships, intimate partner physical abuse reoccurs and sometimes increases in frequency or severity. • The risk of intimate partner physical abuse increases in the context of external stressors (e.g. job loss) or when the victim is disabled. Developmental presentations • In general, adolescents and young adults are at greater risk of being victims of intimate partner physical abuse because the rate of physically violent acts against intimate partners among perpetrators tends to decrease across the lifespan. Boundaries with other disorders and conditions (differential diagnosis) Boundary with relationship distress with spouse or partner Intimate partner physical abuse may be, but is not always, associated with relationship distress with spouse or partner. If all diagnostic requirements are met for both relationship distress with spouse or partner and maltreatment or history of spouse or partner violence, both may be assigned. Relationship problems and maltreatment | Relationship distress and current or past maltreatment by spouse or partner Relationship problems and maltreatment | Relationship distress and current or past maltreatment by spouse or partner 716 Clinical Descriptions and Diagnostic Requirements for ICD-11 Mental, Behavioural or Neurodevelopmental Disorders PJ21/ Sexual maltreatment, spouse or partner, or history of",
  "gloss_vi": "Relationship problems and maltreatment 715 ranh giới with normality (threshold) • acts of physical aggression (e.g. grabbing a partner’s arm) that do not cause injury or significant fear are relatively common in intimate...",
  "source": "Everyday Essentials",
  "url": "",
  "lang": "en",
  "axes": {
    "type": [
      "clinical",
      "everyday"
    ],
    "condition": [
      "General"
    ],
    "clinical_section": [
      "risk_safety",
      "do_not_do"
    ],
    "life_topics": [
      "stress",
      "relationships",
      "grief"
    ],
    "advice_section": [
      "communication_tips"
    ],
    "audience": [],
    "risk_band": "low"
  },
  "index_text": "General — Risk Safety General — Nguy cơ An toàn Relationship problems and maltreatment 715 Boundary with normality (threshold) • Acts of physical aggression (e.g. grabbing a partner’s arm) that do not cause injury or significant fear are relatively common in intimate relationships. In contrast, the acts of physical violence and associated impacts characteristic of intimate partner physical abuse are not part of healthy functioning relationships. Course features • Intimate partner physical abuse may lessen and remit over time. However, for many affected relationships, intimate partner physical abuse reoccurs and sometimes increases in frequency or severity. • The risk of intimate partner physical abuse increases in the context of external stressors (e.g. job loss) or when the victim is disabled. Developmental presentations • In general, adolescents and young adults are at greater risk of being victims of intimate partner physical abuse because the rate of physically violent acts against intimate partners among perpetrators tends to decrease across the lifespan. Boundaries with other disorders and conditions (differential diagnosis) Boundary with relationship distress with spouse or partner Intimate partner physical abuse may be, but is not always, associated with relationship distress with spouse or partner. If all diagnostic requirements are met for both relationship distress with spouse or partner and maltreatment or history of spouse or partner violence, both may be assigned. Relationship problems and maltreatment | Relationship distress and current or past maltreatment by spouse or partner Relationship problems and maltreatment | Relationship distress and current or past maltreatment by spouse or partner 716 Clinical Descriptions and Diagnostic Requirements for ICD-11 Mental, Behavioural or Neurodevelopmental Disorders PJ21/ Sexual maltreatment, spouse or partner, or history of Relationship problems and maltreatment 715 ranh giới with normality (threshold) • acts of physical aggression (e.g. grabbing a partner’s arm) that do not cause injury or significant fear are relatively common in intimate..."
}