{
  "id": "everyday#referral_a826d038",
  "title_en": "General — Referral",
  "title_vi": "General — Chuyển tuyến",
  "text_en": "698 Clinical Descriptions and Diagnostic Requirements for ICD-11 Mental, Behavioural or Neurodevelopmental Disorders MB27.20 Auditory hallucinations • Auditory hallucinations refer to hallucinations involving the perception of sound – most frequently of voices but sometimes of clicks or other noises – that are not restricted to the period of awakening or the onset of sleep. MB27.21 Gustatory hallucinations • Gustatory hallucinations refer to hallucinations of taste in the absence of an actual external stimulus. MB27.22 Hypnopompic hallucinations • Hypnopompic hallucinations refer to hallucinations that occur during the period of awakening – most commonly of the visual, tactile or auditory modality. MB27.23 Hypnagogic hallucinations • Hypnagogic hallucinations refer to hallucinations that occur at the onset of sleep – most commonly of the visual, tactile or auditory modality. MB27.24 Olfactory hallucinations • Olfactory hallucinations refer to hallucinations involving the perception of odour (e.g. of burning rubber, decaying fish, orange peel) in the absence of an actual external stimulus. MB27.25 Somatic hallucinations • Somatic hallucinations refer to hallucinations involving the perception of an unusual physical state or event within the body, such as an electrical impulse running down the individual’s arms or an object inside their chest. MB27.26 Tactile hallucinations • Tactile hallucinations refer to hallucinations involving the perception of being touched (e.g. feeling like bugs are crawling on the skin, pins being stuck into one’s finger) that are not restricted to the period of awakening or the onset of sleep. MB27.27 Visual hallucinations • Visual hallucinations refer to hallucinations involving sight in the absence of an actual visual stimulus that are not restricted to the period of awakening or the onset of sleep, which may involve formed images, such as of people, or unformed images, such as flashes of light.",
  "gloss_vi": "698 clinical descriptions and diagnostic requirements for icd-11 mental, behavioural or neurodevelopmental disorders mb27.20 auditory hallucinations • auditory hallucinations refer to hallucinations involving the percept...",
  "source": "Everyday Essentials",
  "url": "",
  "lang": "en",
  "axes": {
    "type": [
      "clinical",
      "everyday"
    ],
    "condition": [
      "General"
    ],
    "clinical_section": [
      "referral"
    ],
    "life_topics": [
      "sleep"
    ],
    "advice_section": [
      "work_habits"
    ],
    "audience": [],
    "risk_band": "low"
  },
  "index_text": "General — Referral General — Chuyển tuyến 698 Clinical Descriptions and Diagnostic Requirements for ICD-11 Mental, Behavioural or Neurodevelopmental Disorders MB27.20 Auditory hallucinations • Auditory hallucinations refer to hallucinations involving the perception of sound – most frequently of voices but sometimes of clicks or other noises – that are not restricted to the period of awakening or the onset of sleep. MB27.21 Gustatory hallucinations • Gustatory hallucinations refer to hallucinations of taste in the absence of an actual external stimulus. MB27.22 Hypnopompic hallucinations • Hypnopompic hallucinations refer to hallucinations that occur during the period of awakening – most commonly of the visual, tactile or auditory modality. MB27.23 Hypnagogic hallucinations • Hypnagogic hallucinations refer to hallucinations that occur at the onset of sleep – most commonly of the visual, tactile or auditory modality. MB27.24 Olfactory hallucinations • Olfactory hallucinations refer to hallucinations involving the perception of odour (e.g. of burning rubber, decaying fish, orange peel) in the absence of an actual external stimulus. MB27.25 Somatic hallucinations • Somatic hallucinations refer to hallucinations involving the perception of an unusual physical state or event within the body, such as an electrical impulse running down the individual’s arms or an object inside their chest. MB27.26 Tactile hallucinations • Tactile hallucinations refer to hallucinations involving the perception of being touched (e.g. feeling like bugs are crawling on the skin, pins being stuck into one’s finger) that are not restricted to the period of awakening or the onset of sleep. MB27.27 Visual hallucinations • Visual hallucinations refer to hallucinations involving sight in the absence of an actual visual stimulus that are not restricted to the period of awakening or the onset of sleep, which may involve formed images, such as of people, or unformed images, such as flashes of light. 698 clinical descriptions and diagnostic requirements for icd-11 mental, behavioural or neurodevelopmental disorders mb27.20 auditory hallucinations • auditory hallucinations refer to hallucinations involving the percept..."
}