{
  "id": "everyday#coping_skill_e73ef8da",
  "title_en": "General — Coping Skill",
  "title_vi": "General — Coping Skill",
  "text_en": "move your head from side to side. » E ncourage self-practice. Now place one hand on your belly and the other hand on your upper chest. I want you to imagine you have a balloon in your stomach and when you “Try on your own for one minute. This is something you can practice breathe in you are going to blow that balloon up, so your stomach will on your own.” expand. And when you breathe out, the air in the balloon will also go out, so your stomach will flatten. Watch me first. I am going to exhale first to get all the air out of my stomach.” Demonstrate breathing from the stomach – try to exaggerate the pushing out, and pulling in, of your stomach. OTHER SIGNIFICANT MENTAL HEALTH COMPLAINTS 149 150 OTHER SIGNIFICANT MENTAL HEALTH COMPLAINTS 150 OTHER SIGNIFICANT MENTAL HEALTH COMPLAINTS IMPLEMENTATION OF mhGAP-IG IMPLEMENTATION OF mhGAP-IG 151 152 IMP IMPLEMENTATION OF mhGAP-IG mhGAP-IG implementation process A number of actions are recommended to programme planners to implement this guide in non-specialized health care settings. This can be summarized in the following diagram which includes a number of essential actions and continuous activities. This module provides IMPLEMENTATION an overview of the mhGAP-IG implementation process. PLAN 3 3 4 ADAPTATION PROVISION OF 4 TREATMENT & CARE INTERSECTORAL COLLABORATION 1 ESTABLISH mhGAP-IG SITUATION 2 2 IMPLEMENTATION TEAM ANALYSIS ADVOCACY & AWARENESS RAISING 5 TRAINING & SUPERVISION 6 MONITORING & EVALUATION",
  "gloss_vi": "Move your head from side to side. » e ncourage self-practice.",
  "source": "Everyday Essentials",
  "url": "",
  "lang": "en",
  "axes": {
    "type": [
      "everyday"
    ],
    "condition": [
      "General"
    ],
    "clinical_section": [],
    "life_topics": [
      "stress"
    ],
    "advice_section": [
      "coping_skill"
    ],
    "audience": [],
    "risk_band": "low"
  },
  "index_text": "General — Coping Skill General — Coping Skill move your head from side to side. » E ncourage self-practice. Now place one hand on your belly and the other hand on your upper chest. I want you to imagine you have a balloon in your stomach and when you “Try on your own for one minute. This is something you can practice breathe in you are going to blow that balloon up, so your stomach will on your own.” expand. And when you breathe out, the air in the balloon will also go out, so your stomach will flatten. Watch me first. I am going to exhale first to get all the air out of my stomach.” Demonstrate breathing from the stomach – try to exaggerate the pushing out, and pulling in, of your stomach. OTHER SIGNIFICANT MENTAL HEALTH COMPLAINTS 149 150 OTHER SIGNIFICANT MENTAL HEALTH COMPLAINTS 150 OTHER SIGNIFICANT MENTAL HEALTH COMPLAINTS IMPLEMENTATION OF mhGAP-IG IMPLEMENTATION OF mhGAP-IG 151 152 IMP IMPLEMENTATION OF mhGAP-IG mhGAP-IG implementation process A number of actions are recommended to programme planners to implement this guide in non-specialized health care settings. This can be summarized in the following diagram which includes a number of essential actions and continuous activities. This module provides IMPLEMENTATION an overview of the mhGAP-IG implementation process. PLAN 3 3 4 ADAPTATION PROVISION OF 4 TREATMENT & CARE INTERSECTORAL COLLABORATION 1 ESTABLISH mhGAP-IG SITUATION 2 2 IMPLEMENTATION TEAM ANALYSIS ADVOCACY & AWARENESS RAISING 5 TRAINING & SUPERVISION 6 MONITORING & EVALUATION Move your head from side to side. » e ncourage self-practice."
}