{
  "id": "everyday#risk_safety_180476a7",
  "title_en": "General — Risk Safety",
  "title_vi": "General — Nguy cơ An toàn",
  "text_en": "516 Clinical Descriptions and Diagnostic Requirements for ICD-11 Mental, Behavioural or Neurodevelopmental Disorders Secondary-parented categories in disorders due to addictive behaviours Hazardous gambling or betting and hazardous gaming These categories are not considered to be mental disorders; instead, they are included in the grouping of problems associated with health behaviours in Chapter 24 on factors influencing health status or contact with health services. QE21 Hazardous gambling or betting Hazardous gambling or betting refers to a pattern of gambling or betting that appreciably increases the risk of harmful physical or mental health consequences to the individual or to others around the individual. The increased risk may be from the frequency of gambling or betting, the amount of time spent on these activities, the context of gambling or betting, the neglect of other activities and priorities, risky behaviours associated with gambling or betting or its context, the adverse consequences of gambling or betting, or a combination of these factors. The pattern of gambling or betting often persists in spite of awareness of increased risk of harm to the individual or to others. This category may be used when the pattern",
  "gloss_vi": "516 clinical descriptions and diagnostic requirements for icd-11 mental, behavioural or neurodevelopmental disorders secondary-parented categories in disorders due to addictive behaviours hazardous gambling or betting an...",
  "source": "Everyday Essentials",
  "url": "",
  "lang": "en",
  "axes": {
    "type": [
      "clinical"
    ],
    "condition": [
      "General"
    ],
    "clinical_section": [
      "risk_safety",
      "referral"
    ],
    "life_topics": [],
    "advice_section": [],
    "audience": [],
    "risk_band": "low"
  },
  "index_text": "General — Risk Safety General — Nguy cơ An toàn 516 Clinical Descriptions and Diagnostic Requirements for ICD-11 Mental, Behavioural or Neurodevelopmental Disorders Secondary-parented categories in disorders due to addictive behaviours Hazardous gambling or betting and hazardous gaming These categories are not considered to be mental disorders; instead, they are included in the grouping of problems associated with health behaviours in Chapter 24 on factors influencing health status or contact with health services. QE21 Hazardous gambling or betting Hazardous gambling or betting refers to a pattern of gambling or betting that appreciably increases the risk of harmful physical or mental health consequences to the individual or to others around the individual. The increased risk may be from the frequency of gambling or betting, the amount of time spent on these activities, the context of gambling or betting, the neglect of other activities and priorities, risky behaviours associated with gambling or betting or its context, the adverse consequences of gambling or betting, or a combination of these factors. The pattern of gambling or betting often persists in spite of awareness of increased risk of harm to the individual or to others. This category may be used when the pattern 516 clinical descriptions and diagnostic requirements for icd-11 mental, behavioural or neurodevelopmental disorders secondary-parented categories in disorders due to addictive behaviours hazardous gambling or betting an..."
}