{
  "id": "everyday#risk_safety_37517cef",
  "title_en": "General — Risk Safety",
  "title_vi": "General — Nguy cơ An toàn",
  "text_en": "supportive environment; health facility. » if possible, offer a separate, quiet room while Consult a mental health specialist, if available. » DO NOT leave the person alone. waiting for treatment. » Maintain regular contact and Follow-Up. » » Medically treat injury or poisoning. DO NOT leave the person alone. If there is acute pesticide intoxication, follow » Supervise and assign a named staff or family “Management of pesticide intoxication”. (2.1) member to ensure person’s safety at all times. » If hospitalization is needed, continue to » Attend to mental state and emotional distress. monitor the person closely to prevent suicide. » » Provide psychoeducation to the person and Care for the person with self-harm. (2.2) their carers. (2.5) » Offer and activate psychosocial support. » Offer and activate psychosocial support. (2.3) (2.3) » Offer carers support. (2.4) » Offer carers support. (2.4) » Consult a mental health specialist, » Consult a mental health specialist, if available. if available. » » Maintain regular contact and Follow-Up. Maintain regular contact and Follow-Up.",
  "gloss_vi": "Supportive environment; health facility. » if possible, offer a separate, quiet room while consult a mental health specialist, if available.",
  "source": "Everyday Essentials",
  "url": "",
  "lang": "en",
  "axes": {
    "type": [
      "clinical",
      "everyday"
    ],
    "condition": [
      "General"
    ],
    "clinical_section": [
      "risk_safety",
      "referral",
      "psychoeducation",
      "do_not_do"
    ],
    "life_topics": [
      "stress",
      "relationships"
    ],
    "advice_section": [],
    "audience": [],
    "risk_band": "high"
  },
  "index_text": "General — Risk Safety General — Nguy cơ An toàn supportive environment; health facility. » if possible, offer a separate, quiet room while Consult a mental health specialist, if available. » DO NOT leave the person alone. waiting for treatment. » Maintain regular contact and Follow-Up. » » Medically treat injury or poisoning. DO NOT leave the person alone. If there is acute pesticide intoxication, follow » Supervise and assign a named staff or family “Management of pesticide intoxication”. (2.1) member to ensure person’s safety at all times. » If hospitalization is needed, continue to » Attend to mental state and emotional distress. monitor the person closely to prevent suicide. » » Provide psychoeducation to the person and Care for the person with self-harm. (2.2) their carers. (2.5) » Offer and activate psychosocial support. » Offer and activate psychosocial support. (2.3) (2.3) » Offer carers support. (2.4) » Offer carers support. (2.4) » Consult a mental health specialist, » Consult a mental health specialist, if available. if available. » » Maintain regular contact and Follow-Up. Maintain regular contact and Follow-Up. Supportive environment; health facility. » if possible, offer a separate, quiet room while consult a mental health specialist, if available."
}