{
  "id": "everyday#risk_safety_20c805a8",
  "title_en": "General — Risk Safety",
  "title_vi": "General — Nguy cơ An toàn",
  "text_en": "66 EPI 2 EPILEPSY Management TABLE 1: Antiepileptic medications (cont.) MEDICATION ORAL DOSING SIDE EFFECTS CONTRAINDICATIONS / CAUTIONS PHENOBARBITAL Adults: Common: Sedation, hyperactivity in children, ataxia, Contraindicated in patients with acute intermittent porphyria. Start 60 mg daily in 1-2 divided doses. nystagmus, sexual dysfunction, depression. Increase weekly by 2.5-5 mg (maximum 180 mg daily). Lower doses for patients with kidney or liver disease. Serious: Liver failure (hypersensitivity reaction), decreased Children: bone mineral density. Start 2-3 mg/kg daily in 2 divided doses. Increase weekly by 1-2 mg/kg daily depending on tolerance (maximum 6mg daily). PHENYTOIN Adults: Common: Sedation, confusion, dizziness, tremor, motor Lower doses for patients with kidney or liver disease. Start 150-200 mg daily in two divided doses. twitching, ataxia, double vision, nystagmus, slurred Increase by 50 mg daily every 3-4 weeks speech, nausea, vomiting, constipation. (max 400 mg daily). Serious: Hematologic abnormalities, hepatitis, Children: polyneuropathy, gum hypertrophy, acne, lymphadeno- Start 3-4 mg/kg daily in 2 divided doses. pathy, increase in suicidal ideation. Increase by 5 mg/kg daily every 3-4 weeks (maximum 300 mg per day). Women who are pregnant or breastfeeding: Avoid Older adults: Use lower doses SODIUM VALPROATE Adults: Common: Sedation, headache, tremor, ataxia, nausea, Use with caution if underlying or suspected hepatic disease. Start 400 mg daily in 2 divided doses. vomiting, diarrhea,",
  "gloss_vi": "66 epi 2 epilepsy management table 1: antiepileptic medications (cont.) medication oral dosing side effects contraindications / cautions phenobarbital adults: common: sedation, hyperactivity in children, ataxia, contrain...",
  "source": "Everyday Essentials",
  "url": "",
  "lang": "en",
  "axes": {
    "type": [
      "clinical"
    ],
    "condition": [
      "General"
    ],
    "clinical_section": [
      "risk_safety",
      "do_not_do"
    ],
    "life_topics": [],
    "advice_section": [],
    "audience": [],
    "risk_band": "high"
  },
  "index_text": "General — Risk Safety General — Nguy cơ An toàn 66 EPI 2 EPILEPSY Management TABLE 1: Antiepileptic medications (cont.) MEDICATION ORAL DOSING SIDE EFFECTS CONTRAINDICATIONS / CAUTIONS PHENOBARBITAL Adults: Common: Sedation, hyperactivity in children, ataxia, Contraindicated in patients with acute intermittent porphyria. Start 60 mg daily in 1-2 divided doses. nystagmus, sexual dysfunction, depression. Increase weekly by 2.5-5 mg (maximum 180 mg daily). Lower doses for patients with kidney or liver disease. Serious: Liver failure (hypersensitivity reaction), decreased Children: bone mineral density. Start 2-3 mg/kg daily in 2 divided doses. Increase weekly by 1-2 mg/kg daily depending on tolerance (maximum 6mg daily). PHENYTOIN Adults: Common: Sedation, confusion, dizziness, tremor, motor Lower doses for patients with kidney or liver disease. Start 150-200 mg daily in two divided doses. twitching, ataxia, double vision, nystagmus, slurred Increase by 50 mg daily every 3-4 weeks speech, nausea, vomiting, constipation. (max 400 mg daily). Serious: Hematologic abnormalities, hepatitis, Children: polyneuropathy, gum hypertrophy, acne, lymphadeno- Start 3-4 mg/kg daily in 2 divided doses. pathy, increase in suicidal ideation. Increase by 5 mg/kg daily every 3-4 weeks (maximum 300 mg per day). Women who are pregnant or breastfeeding: Avoid Older adults: Use lower doses SODIUM VALPROATE Adults: Common: Sedation, headache, tremor, ataxia, nausea, Use with caution if underlying or suspected hepatic disease. Start 400 mg daily in 2 divided doses. vomiting, diarrhea, 66 epi 2 epilepsy management table 1: antiepileptic medications (cont.) medication oral dosing side effects contraindications / cautions phenobarbital adults: common: sedation, hyperactivity in children, ataxia, contrain..."
}