{
  "id": "everyday#risk_safety_10c3bffa",
  "title_en": "General — Risk Safety",
  "title_vi": "General — Nguy cơ An toàn",
  "text_en": "Mental Health Gap Action Programme (mhGAP) guideline for mental, neurological and substance use disorders EPI3. For adults and children with epilepsy, which antiseizure medicines are effective and safe? Recommendation (update): 3.1 Generalized onset seizures: Monotherapy with lamotrigine or levetiracetam, or valproic acid (sodium valproate), should be offered as first-line treatment for generalized onset seizures in men/boys and women/girls who are not of childbearing potential. In women and girls of childbearing potential with generalized onset seizures, lamotrigine or levetiracetam should be offered as first-line monotherapy. If the first monotherapy is not successful for generalized onset seizures, an alternative first-line monotherapy should be tried. Valproic acid (sodium valproate) is not recommended in women and girls of childbearing potential owing to the high risk of birth defects and neurodevelopmental disorders in children exposed to valproic acid (sodium valproate) in the womb. If lamotrigine, levetiracetam and valproic acid (sodium valproate) are not available for generalized onset seizures, monotherapy with either phenytoin or phenobarbital can be considered. Strength of recommendation: Strong Certainty of evidence: High 3.2 Focal onset seizures: Monotherapy with lamotrigine or levetiracetam should be offered as first-line treatment for focal onset seizures in children and adults with epilepsy. If neither lamotrigine nor levetiracetam are available, then carbamazepine should be used as an alternate first-line treatment for focal onset seizures in children and adults with epilepsy. If the first monotherapy is not successful for focal onset seizures, an alternative first-line monotherapy should be tried. Lacosamide should be offered as a second-line monotherapy for focal onset seizures if none of the first-line medicines are effective. If antiseizure medicine monotherapy is unsuccessful in people with generalized onset seizures or focal onset seizures, prompt referral should be made to a specialist for consideration of other treatment options. Strength of recommendation: Strong Certainty of evidence: High 80 3. Recommendations Justification y All ASMs considered (carbamazepine, lamotrigine, y Evidence was extracted from one systematic review oxcarbazepine, topiramate, gabapentin, sodium and NMA: Nevitt et al., 2022 (89 trials) (183). valproate, levetiracetam, lacosamide, zonisamide, phenytoin, phenobarbital) are effective in y For generalized onset seizures there is high-certainty controlling seizures. evidence to suggest that there is no statistically significant difference in time-to-seizure remission y Lamotrigine, topiramate, sodium valproate, by ASM treatment (carbamazepine, lacosamide, levetiracetam, lacosamide, zonisamide and lamotrigine, levetiracetam, phenobarbital, phenytoin are considered broad-spectrum phenytoin, sodium valproate, topiramate). ASMs effective against multiple seizure types. Carbamazepine and oxcarbazepine are ASMs mainly y For generalized onset seizures there is high- utilized for focal onset seizures. Carbamazepine and certainty evidence to suggest that levetiracetam oxcarbazepine can be effective against generalized and lamotrigine perform significantly better than tonic-clonic seizures in people with generalized carbamazepine in terms of adverse events (HR = onset epilepsy, although they may exacerbate",
  "gloss_vi": "Mental health gap action programme (mhgap) guideline for mental, neurological and substance use disorders epi3. for adults and children with epilepsy, which antiseizure medicines are effective and safe?",
  "source": "Everyday Essentials",
  "url": "",
  "lang": "en",
  "axes": {
    "type": [
      "clinical"
    ],
    "condition": [
      "General"
    ],
    "clinical_section": [
      "risk_safety",
      "referral",
      "do_not_do"
    ],
    "life_topics": [],
    "advice_section": [],
    "audience": [],
    "risk_band": "low"
  },
  "index_text": "General — Risk Safety General — Nguy cơ An toàn Mental Health Gap Action Programme (mhGAP) guideline for mental, neurological and substance use disorders EPI3. For adults and children with epilepsy, which antiseizure medicines are effective and safe? Recommendation (update): 3.1 Generalized onset seizures: Monotherapy with lamotrigine or levetiracetam, or valproic acid (sodium valproate), should be offered as first-line treatment for generalized onset seizures in men/boys and women/girls who are not of childbearing potential. In women and girls of childbearing potential with generalized onset seizures, lamotrigine or levetiracetam should be offered as first-line monotherapy. If the first monotherapy is not successful for generalized onset seizures, an alternative first-line monotherapy should be tried. Valproic acid (sodium valproate) is not recommended in women and girls of childbearing potential owing to the high risk of birth defects and neurodevelopmental disorders in children exposed to valproic acid (sodium valproate) in the womb. If lamotrigine, levetiracetam and valproic acid (sodium valproate) are not available for generalized onset seizures, monotherapy with either phenytoin or phenobarbital can be considered. Strength of recommendation: Strong Certainty of evidence: High 3.2 Focal onset seizures: Monotherapy with lamotrigine or levetiracetam should be offered as first-line treatment for focal onset seizures in children and adults with epilepsy. If neither lamotrigine nor levetiracetam are available, then carbamazepine should be used as an alternate first-line treatment for focal onset seizures in children and adults with epilepsy. If the first monotherapy is not successful for focal onset seizures, an alternative first-line monotherapy should be tried. Lacosamide should be offered as a second-line monotherapy for focal onset seizures if none of the first-line medicines are effective. If antiseizure medicine monotherapy is unsuccessful in people with generalized onset seizures or focal onset seizures, prompt referral should be made to a specialist for consideration of other treatment options. Strength of recommendation: Strong Certainty of evidence: High 80 3. Recommendations Justification y All ASMs considered (carbamazepine, lamotrigine, y Evidence was extracted from one systematic review oxcarbazepine, topiramate, gabapentin, sodium and NMA: Nevitt et al., 2022 (89 trials) (183). valproate, levetiracetam, lacosamide, zonisamide, phenytoin, phenobarbital) are effective in y For generalized onset seizures there is high-certainty controlling seizures. evidence to suggest that there is no statistically significant difference in time-to-seizure remission y Lamotrigine, topiramate, sodium valproate, by ASM treatment (carbamazepine, lacosamide, levetiracetam, lacosamide, zonisamide and lamotrigine, levetiracetam, phenobarbital, phenytoin are considered broad-spectrum phenytoin, sodium valproate, topiramate). ASMs effective against multiple seizure types. Carbamazepine and oxcarbazepine are ASMs mainly y For generalized onset seizures there is high- utilized for focal onset seizures. Carbamazepine and certainty evidence to suggest that levetiracetam oxcarbazepine can be effective against generalized and lamotrigine perform significantly better than tonic-clonic seizures in people with generalized carbamazepine in terms of adverse events (HR = onset epilepsy, although they may exacerbate Mental health gap action programme (mhgap) guideline for mental, neurological and substance use disorders epi3. for adults and children with epilepsy, which antiseizure medicines are effective and safe?"
}