{
  "id": "everyday#do_not_do_3c552717",
  "title_en": "General — Do Not Do",
  "title_vi": "General — Do Not Do",
  "text_en": "disorders The occurrence or a history of behaviours involving sexual touching or rubbing against non- consenting individuals is not sufficient to establish a diagnosis of frotteuristic disorder. Rather, these behaviours must reflect a sustained, focused and intense pattern of sexual arousal. When this is not the case, other causes of the behaviour need to be considered. For example, inappropriate touching or rubbing against others that does not reflect an underlying, persistent pattern of sexual arousal may occur in the context of some mental disorders, such as bipolar type I disorder during manic or mixed episodes, or dementia. Boundary with sexual crimes that do not involve a paraphilic disorder Sexual crimes involving frotteuristic behaviour may consist of actions or behaviours that are not associated with a sustained underlying paraphilic arousal pattern. Rather, these behaviours may be transient and occur impulsively or opportunistically. The diagnosis of frotteuristic disorder requires sexual touching or rubbing behaviours to be a manifestation of a sustained, focused and intense pattern of sexual arousal. 6D35 Other paraphilic disorder involving non-consenting individuals Essential (required) features • A sustained, focused and intense pattern of atypical sexual arousal – as manifested in sexual thoughts, fantasies, urges or behaviours – in which the focus of the arousal pattern involves others who are unwilling or unable to consent is required for diagnosis. • The arousal pattern is not specifically described by any of the other named paraphilic disorders categories (e.g. arousal patterns involving corpses or animals). • The presentation does not fulfil the diagnostic requirements of coercive sexual sadism disorder, paedophilic disorder, voyeuristic disorder, exhibitionistic disorder or frotteuristic disorder. • The individual must have acted on these thoughts, fantasies or urges, or be markedly distressed by them. Additional clinical features • Other paraphilic disorder involving non-consenting individuals should not be diagnosed among children, and should be diagnosed only with the utmost caution among adolescents. Sexual experimentation is typical during adolescence, and sexual acts may occur impulsively or opportunistically rather than representing a recurrent pattern of sexual arousal. Paraphilic disorders | Other paraphilic disorder involving non-consenting individuals",
  "gloss_vi": "Disorders the occurrence or a history of behaviours involving sexual touching or rubbing against non- consenting individuals is not sufficient to establish a diagnosis of frotteuristic disorder. rather, these behaviours ...",
  "source": "Everyday Essentials",
  "url": "",
  "lang": "en",
  "axes": {
    "type": [
      "clinical",
      "everyday"
    ],
    "condition": [
      "General"
    ],
    "clinical_section": [
      "do_not_do"
    ],
    "life_topics": [
      "stress",
      "study",
      "relationships"
    ],
    "advice_section": [
      "communication_tips"
    ],
    "audience": [],
    "risk_band": "low"
  },
  "index_text": "General — Do Not Do General — Do Not Do disorders The occurrence or a history of behaviours involving sexual touching or rubbing against non- consenting individuals is not sufficient to establish a diagnosis of frotteuristic disorder. Rather, these behaviours must reflect a sustained, focused and intense pattern of sexual arousal. When this is not the case, other causes of the behaviour need to be considered. For example, inappropriate touching or rubbing against others that does not reflect an underlying, persistent pattern of sexual arousal may occur in the context of some mental disorders, such as bipolar type I disorder during manic or mixed episodes, or dementia. Boundary with sexual crimes that do not involve a paraphilic disorder Sexual crimes involving frotteuristic behaviour may consist of actions or behaviours that are not associated with a sustained underlying paraphilic arousal pattern. Rather, these behaviours may be transient and occur impulsively or opportunistically. The diagnosis of frotteuristic disorder requires sexual touching or rubbing behaviours to be a manifestation of a sustained, focused and intense pattern of sexual arousal. 6D35 Other paraphilic disorder involving non-consenting individuals Essential (required) features • A sustained, focused and intense pattern of atypical sexual arousal – as manifested in sexual thoughts, fantasies, urges or behaviours – in which the focus of the arousal pattern involves others who are unwilling or unable to consent is required for diagnosis. • The arousal pattern is not specifically described by any of the other named paraphilic disorders categories (e.g. arousal patterns involving corpses or animals). • The presentation does not fulfil the diagnostic requirements of coercive sexual sadism disorder, paedophilic disorder, voyeuristic disorder, exhibitionistic disorder or frotteuristic disorder. • The individual must have acted on these thoughts, fantasies or urges, or be markedly distressed by them. Additional clinical features • Other paraphilic disorder involving non-consenting individuals should not be diagnosed among children, and should be diagnosed only with the utmost caution among adolescents. Sexual experimentation is typical during adolescence, and sexual acts may occur impulsively or opportunistically rather than representing a recurrent pattern of sexual arousal. Paraphilic disorders | Other paraphilic disorder involving non-consenting individuals Disorders the occurrence or a history of behaviours involving sexual touching or rubbing against non- consenting individuals is not sufficient to establish a diagnosis of frotteuristic disorder. rather, these behaviours ..."
}