{
  "id": "everyday#referral_b8492a38",
  "title_en": "General — Referral",
  "title_vi": "General — Chuyển tuyến",
  "text_en": "Feeding and eating disorders 411 • The pattern of eating behaviour is not motivated by preoccupation with body weight or shape. • Restricted food intake and consequent weight loss (or failure to gain weight), or other impacts on physical health or related functional impairment, are not due to unavailability of food; are not a manifestation of another medical condition (e.g. food allergies, hyperthyroidism) or mental disorder; and are not due to the effects of a substance or medication, including withdrawal effects. Additional clinical features • A variety of reasons may be given for restriction of food intake, such as lack of interest in eating, avoidance of foods with certain sensory characteristics (e.g. smell, taste, appearance, texture, colour, temperature) or concern about perceived aversive consequences of eating (e.g. choking, vomiting, health problems), which in some cases is related to a history of aversive food-related experience such as choking or vomiting after eating a particular type of food. In many cases, however, there is no identifiable event that preceded the onset of the disorder. • Some individuals with avoidant-restrictive food intake disorder present with a longstanding lack of interest in food or eating, chronically low appetite or poor ability to recognize hunger. In other cases, restriction of food intake may be more variable and significantly affected by emotional or psychological factors. This latter pattern may be associated with high levels of distractibility or with high levels of emotional arousal and extreme resistance in situations in which eating is expected. Individuals with this pattern, especially children, often require significant prompting and encouragement to eat. • Individuals with avoidant-restrictive food intake disorder generally do not experience any difficulties eating foods within their preferred range, and may therefore not be underweight. • Avoidant-restrictive food intake disorder can negatively affect family functioning, such that mealtimes may be associated with increased distress (e.g. infants may be more irritable during feeding, children may try to negotiate what food is present or how much they need to consume at mealtimes). Boundary with normality (threshold) • People with unusual patterns of eating behaviour or who are exceptionally “picky eaters” should not be diagnosed with avoidant-restrictive food intake disorder in the absence of significant weight loss or other health consequences (e.g. clinically significant nutritional deficiencies, increases in blood",
  "gloss_vi": "Feeding and eating disorders 411 • the pattern of eating behaviour is not motivated by preoccupation with body weight or shape. • restricted food intake and consequent weight loss (or failure to gain weight), or other im...",
  "source": "Everyday Essentials",
  "url": "",
  "lang": "en",
  "axes": {
    "type": [
      "clinical",
      "everyday"
    ],
    "condition": [
      "General"
    ],
    "clinical_section": [
      "referral",
      "do_not_do"
    ],
    "life_topics": [
      "stress",
      "relationships",
      "grief"
    ],
    "advice_section": [
      "communication_tips",
      "work_habits"
    ],
    "audience": [],
    "risk_band": "low"
  },
  "index_text": "General — Referral General — Chuyển tuyến Feeding and eating disorders 411 • The pattern of eating behaviour is not motivated by preoccupation with body weight or shape. • Restricted food intake and consequent weight loss (or failure to gain weight), or other impacts on physical health or related functional impairment, are not due to unavailability of food; are not a manifestation of another medical condition (e.g. food allergies, hyperthyroidism) or mental disorder; and are not due to the effects of a substance or medication, including withdrawal effects. Additional clinical features • A variety of reasons may be given for restriction of food intake, such as lack of interest in eating, avoidance of foods with certain sensory characteristics (e.g. smell, taste, appearance, texture, colour, temperature) or concern about perceived aversive consequences of eating (e.g. choking, vomiting, health problems), which in some cases is related to a history of aversive food-related experience such as choking or vomiting after eating a particular type of food. In many cases, however, there is no identifiable event that preceded the onset of the disorder. • Some individuals with avoidant-restrictive food intake disorder present with a longstanding lack of interest in food or eating, chronically low appetite or poor ability to recognize hunger. In other cases, restriction of food intake may be more variable and significantly affected by emotional or psychological factors. This latter pattern may be associated with high levels of distractibility or with high levels of emotional arousal and extreme resistance in situations in which eating is expected. Individuals with this pattern, especially children, often require significant prompting and encouragement to eat. • Individuals with avoidant-restrictive food intake disorder generally do not experience any difficulties eating foods within their preferred range, and may therefore not be underweight. • Avoidant-restrictive food intake disorder can negatively affect family functioning, such that mealtimes may be associated with increased distress (e.g. infants may be more irritable during feeding, children may try to negotiate what food is present or how much they need to consume at mealtimes). Boundary with normality (threshold) • People with unusual patterns of eating behaviour or who are exceptionally “picky eaters” should not be diagnosed with avoidant-restrictive food intake disorder in the absence of significant weight loss or other health consequences (e.g. clinically significant nutritional deficiencies, increases in blood Feeding and eating disorders 411 • the pattern of eating behaviour is not motivated by preoccupation with body weight or shape. • restricted food intake and consequent weight loss (or failure to gain weight), or other im..."
}