{
  "id": "everyday#general_442a0d6e",
  "title_en": "General — General",
  "title_vi": "General — General",
  "text_en": "xiii Relationship distress and current or past maltreatment by spouse or partner 712 QE51.0 Relationship distress with spouse or partner 712 PJ20 Physical maltreatment, spouse or partner, or QE51.10 History of spouse or partner violence, physical 714 PJ21 Sexual maltreatment, spouse or partner, or QE51.12 History of spouse or partner violence, sexual 716 PJ22 Psychological maltreatment, spouse or partner, or QE51.11 History of spouse or partner violence, psychological 717 PF1B Assault by neglect or QE51.13 History of spouse or partner violence, neglect 719 Problems in relationship between child and current or former caregiver and current or past child maltreatment 720 QE52.0 Caregiver–child relationship problem 721 PJ20 Physical maltreatment of child or QE82.0 Personal history of physical abuse as a child 723 PJ21 Sexual maltreatment of child or QE82.1 Personal history of sexual abuse as child 725 PJ22 Psychological maltreatment of child or QE82.2 Personal history of psychological abuse as child 727 PF1B Assault by neglect or QE82.3 Personal history of neglect as a child 729",
  "gloss_vi": "Xiii relationship distress and current or past maltreatment by spouse or partner 712 qe51.0 relationship distress with spouse or partner 712 pj20 physical maltreatment, spouse or partner, or qe51.10 history of spouse or ...",
  "source": "Everyday Essentials",
  "url": "",
  "lang": "en",
  "axes": {
    "type": [
      "everyday"
    ],
    "condition": [
      "General"
    ],
    "clinical_section": [],
    "life_topics": [
      "stress",
      "relationships"
    ],
    "advice_section": [],
    "audience": [],
    "risk_band": "low"
  },
  "index_text": "General — General General — General xiii Relationship distress and current or past maltreatment by spouse or partner 712 QE51.0 Relationship distress with spouse or partner 712 PJ20 Physical maltreatment, spouse or partner, or QE51.10 History of spouse or partner violence, physical 714 PJ21 Sexual maltreatment, spouse or partner, or QE51.12 History of spouse or partner violence, sexual 716 PJ22 Psychological maltreatment, spouse or partner, or QE51.11 History of spouse or partner violence, psychological 717 PF1B Assault by neglect or QE51.13 History of spouse or partner violence, neglect 719 Problems in relationship between child and current or former caregiver and current or past child maltreatment 720 QE52.0 Caregiver–child relationship problem 721 PJ20 Physical maltreatment of child or QE82.0 Personal history of physical abuse as a child 723 PJ21 Sexual maltreatment of child or QE82.1 Personal history of sexual abuse as child 725 PJ22 Psychological maltreatment of child or QE82.2 Personal history of psychological abuse as child 727 PF1B Assault by neglect or QE82.3 Personal history of neglect as a child 729 Xiii relationship distress and current or past maltreatment by spouse or partner 712 qe51.0 relationship distress with spouse or partner 712 pj20 physical maltreatment, spouse or partner, or qe51.10 history of spouse or ..."
}