{
  "id": "everyday#risk_safety_1bb89f5c",
  "title_en": "General — Risk Safety",
  "title_vi": "General — Nguy cơ An toàn",
  "text_en": "(new): Selective serotonin reuptake inhibitors (SSRIs) should be considered for adults with panic disorder. If SSRIs are not available, consider offering tricyclic antidepressants (TCAs). SSRIs should be considered for adults with generalized anxiety disorder (GAD). Strength of recommendation: Conditional Certainty of evidence: Low Justification based on limited data and should be interpreted y Evidence was included from two meta-analyses: with caution. Chawla et al., 2022 (87 RCTs on pharmacological y TCAs for panic disorder examined included interventions for panic disorder) (33); and Slee et al., imipramine and clomipramine. 2019 (89 RCTs on pharmacological interventions for y SSRIs for GAD examined included citalopram, GAD) (34). escitalopram, fluoxetine, paroxetine and sertraline. y Low-quality evidence suggested reduced levels of Paroxetine was the only SSRI that demonstrated anxiety symptoms in adults with GAD and panic increased risk of adverse events (dropout) relative to disorder using antidepressants (TCAs or SSRIs). Very placebo. low-quality evidence suggested reduced levels of y Evidence on the use of TCAs (imipramine) for GAD anxiety symptoms in adults with anxiety disorders was limited and indicated they did not demonstrate (GAD or panic disorder) using either psychological a significant effect relative to placebo. interventions or antidepressant medicines and y TCAs are generally less well tolerated than SSRIs no consistent difference between the two in and therefore are recommended for consideration in direct comparisons. cases where SSRIs are not available for adults with y See recommendation ANX2 for further detail on panic disorder. psychological interventions. y Antidepressants should only be offered in those contexts where health workers are competent (e.g. Remarks qualified, trained and supervised) to prescribe y SSRIs for panic disorder examined included: psychotropic medicines. citalopram, escitalopram, fluoxetine, fluvoxamine, y Psychological interventions should be offered only paroxetine and sertraline. Individual analyses in contexts where individuals are competent (e.g. indicated sertraline and escitalopram may be the qualified, trained and supervised) to provide them most efficacious with lowest risk of adverse effects. and demonstrate necessary competencies to do so. Fluvoxamine, paroxetine and fluoxetine indicated y In resource-constrained settings, antidepressants favourable efficacy but higher risk of adverse events. (SSRIs for GAD; SSRIs as first-line treatment and then Citalopram indicated minimal efficacy and high risk TCAs as second-line treatment for panic disorder) of adverse events. However, individual analyses are that are accessible should be favoured, as evidence 18",
  "gloss_vi": "(new): selective serotonin reuptake inhibitors (ssris) should be considered for adults with panic disorder. if ssris are not available, consider offering tricyclic antidepressants (tcas).",
  "source": "Everyday Essentials",
  "url": "",
  "lang": "en",
  "axes": {
    "type": [
      "clinical",
      "everyday"
    ],
    "condition": [
      "General"
    ],
    "clinical_section": [
      "risk_safety",
      "screening_cues"
    ],
    "life_topics": [
      "study",
      "work"
    ],
    "advice_section": [],
    "audience": [],
    "risk_band": "low"
  },
  "index_text": "General — Risk Safety General — Nguy cơ An toàn (new): Selective serotonin reuptake inhibitors (SSRIs) should be considered for adults with panic disorder. If SSRIs are not available, consider offering tricyclic antidepressants (TCAs). SSRIs should be considered for adults with generalized anxiety disorder (GAD). Strength of recommendation: Conditional Certainty of evidence: Low Justification based on limited data and should be interpreted y Evidence was included from two meta-analyses: with caution. Chawla et al., 2022 (87 RCTs on pharmacological y TCAs for panic disorder examined included interventions for panic disorder) (33); and Slee et al., imipramine and clomipramine. 2019 (89 RCTs on pharmacological interventions for y SSRIs for GAD examined included citalopram, GAD) (34). escitalopram, fluoxetine, paroxetine and sertraline. y Low-quality evidence suggested reduced levels of Paroxetine was the only SSRI that demonstrated anxiety symptoms in adults with GAD and panic increased risk of adverse events (dropout) relative to disorder using antidepressants (TCAs or SSRIs). Very placebo. low-quality evidence suggested reduced levels of y Evidence on the use of TCAs (imipramine) for GAD anxiety symptoms in adults with anxiety disorders was limited and indicated they did not demonstrate (GAD or panic disorder) using either psychological a significant effect relative to placebo. interventions or antidepressant medicines and y TCAs are generally less well tolerated than SSRIs no consistent difference between the two in and therefore are recommended for consideration in direct comparisons. cases where SSRIs are not available for adults with y See recommendation ANX2 for further detail on panic disorder. psychological interventions. y Antidepressants should only be offered in those contexts where health workers are competent (e.g. Remarks qualified, trained and supervised) to prescribe y SSRIs for panic disorder examined included: psychotropic medicines. citalopram, escitalopram, fluoxetine, fluvoxamine, y Psychological interventions should be offered only paroxetine and sertraline. Individual analyses in contexts where individuals are competent (e.g. indicated sertraline and escitalopram may be the qualified, trained and supervised) to provide them most efficacious with lowest risk of adverse effects. and demonstrate necessary competencies to do so. Fluvoxamine, paroxetine and fluoxetine indicated y In resource-constrained settings, antidepressants favourable efficacy but higher risk of adverse events. (SSRIs for GAD; SSRIs as first-line treatment and then Citalopram indicated minimal efficacy and high risk TCAs as second-line treatment for panic disorder) of adverse events. However, individual analyses are that are accessible should be favoured, as evidence 18 (new): selective serotonin reuptake inhibitors (ssris) should be considered for adults with panic disorder. if ssris are not available, consider offering tricyclic antidepressants (tcas)."
}