{
  "id": "everyday#risk_safety_0f112f8a",
  "title_en": "General — Risk Safety",
  "title_vi": "General — Nguy cơ An toàn",
  "text_en": "A, Bergman B, 178. Penzenstadler L, Soares C, Anci E, Molodynski A, Hoeppner B et al. Lived experience in new models Khazaal Y. Effect of assertive community treatment of care for substance use disorder: a systematic for patients with substance use disorder: a review of peer recovery support services and systematic review. Eur Addict Res. 2019;25(2):56– recovery coaching. Front Psychol. 2019;10:1052 67 (https://doi.org/10.1159/000496742). (https://doi.org/10.3389/fpsyg.2019.01052). 179. Beaulieu M, Tremblay J, Baudry C, Pearson J, 171. Reif S, Braude L, Lyman DR, Dougherty RH, Bertrand K. A systematic review and meta-analysis Daniels AS, Ghose SS et al. Peer recovery support of the efficacy of the long-term treatment and for individuals with substance use disorders: support of substance use disorders. Soc Sci Med. assessing the evidence. Psychiatr Serv. 2021;285:114289 (https://doi.org/10.1016/j. 2014;65(7):853–61 (https://doi.org/10.1176/appi. socscimed.2021.114289). ps.201400047). 180. Austin AE, Shiue KY, Naumann RB, Figgatt MC, Gest 172. Tracy K, Wallace SP. Benefits of peer support C, Shanahan ME. Associations of housing stress groups in the treatment of addiction. Subst Abuse with later substance use outcomes: a systematic Rehabil. 2016;7:143–54 (https://doi.org/10.2147/ review. Addict Behav. 2021;123:107076 (https:// SAR.S81535). doi.org/10.1016/j.addbeh.2021.107076). 173. Gormley MA, Pericot-Valverde I, Diaz L, Coleman 181. Reif S, George P, Braude L, Dougherty RH, Daniels A, Lancaster J, Ortiz E et al. Effectiveness of AS, Ghose SS et al. Recovery housing: assessing peer recovery support services on stages of the evidence. Psychiatr Serv. 2014;65(3):295–300 the opioid use disorder treatment cascade: (https://doi.org/10.1176/appi.ps.201300243). a systematic review. Drug Alcohol Depend. 182. du Plessis C, Whitaker L, Hurley J. Peer support 2021;229(Pt B):109123 (https://doi.org/10.1016/j. workers in substance abuse treatment services: drugalcdep.2021.109123). a systematic review of the literature. J Subst Use. 174. Orock AN, Nicette G. A review of literature of peer- 2020;25(3):225-30 (https://doi.org/10.1080/146598 based recovery support in substance abuse and 91.2019.1677794). the implications for effective implementation in 183. Nevitt SJ, Sudell M, Cividini S, Marson AG, Seychelles. J Substance Use. 2022;27(2):115–21 Smith CT. Antiepileptic drug monotherapy for (https://doi.org/10.1080/14659891.2021.1912201). epilepsy: a network meta-analysis of individual 175. Bassuk EL, Hanson J, Greene RN, Richard M, participant data. Cochrane Database Syst Rev. Laudet A. Peer-delivered recovery support services 2022;(4):CD011412. for addictions in the United States: a systematic 184. Veroniki AA, Cogo E, Rios P, Straus SE, Finkelstein review. J Subst Abuse Treat. 2016;63:1–9 (https:// Y, Kealey R et al. Comparative safety of anti- doi.org/10.1016/j.jsat.2016.01.003). epileptic drugs during pregnancy: a systematic 176. Beck AK, Forbes E, Baker AL, Kelly PJ, Deane review and network meta-analysis of congenital FP, Shakeshaft A et al. Systematic review of malformations and prenatal outcomes. BMC Med. SMART recovery: outcomes, process variables, 2017;15(1):95 (https://doi.org/10.1186/s12916-017- and implications for research. Psychol Addict 0845-1). Behav. 2017;31(1):1–20 (https://doi.org/10.1037/ 185. Fact sheet: Family planning/contraception adb0000237). methods. In: World Health Organization [website]. 177. de Andrade D, Elphinston RA, Quinn C, Allan Geneva: World Health Organization; 2023 J, Hides L. The effectiveness of residential (https://www.who.int/news-room/fact-sheets/ treatment services for individuals with substance detail/family-planning-contraception, accessed use disorders: a systematic review. Drug 16 October 2023). Alcohol Depend. 2019;201:227–35 (https://doi. org/10.1016/j.drugalcdep.2019.03.031). 126",
  "gloss_vi": "A, bergman b, 178. penzenstadler l, soares c, anci e, molodynski a, hoeppner b et al.",
  "source": "Everyday Essentials",
  "url": "",
  "lang": "en",
  "axes": {
    "type": [
      "clinical",
      "everyday"
    ],
    "condition": [
      "General"
    ],
    "clinical_section": [
      "risk_safety",
      "psychoeducation"
    ],
    "life_topics": [
      "stress",
      "work",
      "relationships"
    ],
    "advice_section": [
      "communication_tips"
    ],
    "audience": [],
    "risk_band": "low"
  },
  "index_text": "General — Risk Safety General — Nguy cơ An toàn A, Bergman B, 178. Penzenstadler L, Soares C, Anci E, Molodynski A, Hoeppner B et al. Lived experience in new models Khazaal Y. Effect of assertive community treatment of care for substance use disorder: a systematic for patients with substance use disorder: a review of peer recovery support services and systematic review. Eur Addict Res. 2019;25(2):56– recovery coaching. Front Psychol. 2019;10:1052 67 (https://doi.org/10.1159/000496742). (https://doi.org/10.3389/fpsyg.2019.01052). 179. Beaulieu M, Tremblay J, Baudry C, Pearson J, 171. Reif S, Braude L, Lyman DR, Dougherty RH, Bertrand K. A systematic review and meta-analysis Daniels AS, Ghose SS et al. Peer recovery support of the efficacy of the long-term treatment and for individuals with substance use disorders: support of substance use disorders. Soc Sci Med. assessing the evidence. Psychiatr Serv. 2021;285:114289 (https://doi.org/10.1016/j. 2014;65(7):853–61 (https://doi.org/10.1176/appi. socscimed.2021.114289). ps.201400047). 180. Austin AE, Shiue KY, Naumann RB, Figgatt MC, Gest 172. Tracy K, Wallace SP. Benefits of peer support C, Shanahan ME. Associations of housing stress groups in the treatment of addiction. Subst Abuse with later substance use outcomes: a systematic Rehabil. 2016;7:143–54 (https://doi.org/10.2147/ review. Addict Behav. 2021;123:107076 (https:// SAR.S81535). doi.org/10.1016/j.addbeh.2021.107076). 173. Gormley MA, Pericot-Valverde I, Diaz L, Coleman 181. Reif S, George P, Braude L, Dougherty RH, Daniels A, Lancaster J, Ortiz E et al. Effectiveness of AS, Ghose SS et al. Recovery housing: assessing peer recovery support services on stages of the evidence. Psychiatr Serv. 2014;65(3):295–300 the opioid use disorder treatment cascade: (https://doi.org/10.1176/appi.ps.201300243). a systematic review. Drug Alcohol Depend. 182. du Plessis C, Whitaker L, Hurley J. Peer support 2021;229(Pt B):109123 (https://doi.org/10.1016/j. workers in substance abuse treatment services: drugalcdep.2021.109123). a systematic review of the literature. J Subst Use. 174. Orock AN, Nicette G. A review of literature of peer- 2020;25(3):225-30 (https://doi.org/10.1080/146598 based recovery support in substance abuse and 91.2019.1677794). the implications for effective implementation in 183. Nevitt SJ, Sudell M, Cividini S, Marson AG, Seychelles. J Substance Use. 2022;27(2):115–21 Smith CT. Antiepileptic drug monotherapy for (https://doi.org/10.1080/14659891.2021.1912201). epilepsy: a network meta-analysis of individual 175. Bassuk EL, Hanson J, Greene RN, Richard M, participant data. Cochrane Database Syst Rev. Laudet A. Peer-delivered recovery support services 2022;(4):CD011412. for addictions in the United States: a systematic 184. Veroniki AA, Cogo E, Rios P, Straus SE, Finkelstein review. J Subst Abuse Treat. 2016;63:1–9 (https:// Y, Kealey R et al. Comparative safety of anti- doi.org/10.1016/j.jsat.2016.01.003). epileptic drugs during pregnancy: a systematic 176. Beck AK, Forbes E, Baker AL, Kelly PJ, Deane review and network meta-analysis of congenital FP, Shakeshaft A et al. Systematic review of malformations and prenatal outcomes. BMC Med. SMART recovery: outcomes, process variables, 2017;15(1):95 (https://doi.org/10.1186/s12916-017- and implications for research. Psychol Addict 0845-1). Behav. 2017;31(1):1–20 (https://doi.org/10.1037/ 185. Fact sheet: Family planning/contraception adb0000237). methods. In: World Health Organization [website]. 177. de Andrade D, Elphinston RA, Quinn C, Allan Geneva: World Health Organization; 2023 J, Hides L. The effectiveness of residential (https://www.who.int/news-room/fact-sheets/ treatment services for individuals with substance detail/family-planning-contraception, accessed use disorders: a systematic review. Drug 16 October 2023). Alcohol Depend. 2019;201:227–35 (https://doi. org/10.1016/j.drugalcdep.2019.03.031). 126 A, bergman b, 178. penzenstadler l, soares c, anci e, molodynski a, hoeppner b et al."
}