{
  "id": "everyday#psychoeducation_9fce8209",
  "title_en": "General — Psychoeducation",
  "title_vi": "General — Giáo dục tâm lý",
  "text_en": "Mental Health Gap Action Programme (mhGAP) guideline for mental, neurological and substance use disorders ANX2. Is brief, structured psychological treatment (e.g. cognitive behavioural therapy [CBT], problem-solving therapy [PST]) better than treatment as usual in people with anxiety disorders (excluding social anxiety disorder and specific phobias)? Recommendation (new): Brief, structured psychological interventions based on principles of cognitive behavioural therapy (CBT) should be offered for adults with generalized anxiety disorder (GAD) and/or panic disorder Strength of recommendation: Strong Certainty of evidence: Moderate Justification increased accessibility of mental health services y Evidence was extracted from four systematic for people in need of care, opportunities for reviews: Parker et al., 2021 (19 RCTs on psychological reducing the stigma of mental health problems and interventions for adults with anxiety disorders in reduced costs. non-specialized care settings) (35); Haller et al., Research gaps 2021 (23 RCTs on psychological interventions for y The majority of studies were conducted in HICs. adults with anxiety disorders) (36); van Dis et al., Further research is needed in LMICs. 2020 (69 RCTs on long-term outcomes following psychological interventions for adults with anxiety y There were limited data on psychological disorders) (37); and Papola et al., 2020 (136 RCTs on interventions other than those based on principles psychological interventions for adults with panic of CBT. Further research is needed to understand if disorder) (38). other therapies (e.g. PST) could offer similar benefit. y Moderate-certainty evidence suggests reduced Implementation considerations levels of anxiety in adults with anxiety disorders y Brief psychological interventions can be delivered (GAD or panic disorder) when engaging in brief, effectively in non-specialized health-care settings structured psychological interventions based on as well as in other settings, including specialized CBT principles. The undesirable effects were judged mental health care and social care. to be trivial. y Most psychological interventions may be delivered Remarks by a wide range of professional staff: counsellors, y Provision of psychological interventions should psychologists, nurses, lay health counsellors and be based on appropriate diagnosis and need for health volunteers. This increases the feasibility of care. Many individuals suffering transient anxiety the implementation of psychosocial interventions. may improve with less intensive psychosocial y Task sharing has been found to be an effective interventions (e.g. stress management) or basic approach to delivering brief psychological support and problem solving. interventions. y Face-to-face brief psychological interventions y See recommendation ANX3 for discussion of delivered by service providers is human resource- recommended delivery formats for brief, structured intensive as it requires substantial provider time, psychological interventions. training and supervision. y Country adaptation and translation of training y Integrating the provision of brief psychological materials and tools for the provision of interventions into",
  "gloss_vi": "Mental health gap action programme (mhgap) guideline for mental, neurological and substance use disorders anx2. is brief, structured psychological treatment (e.g.",
  "source": "Everyday Essentials",
  "url": "",
  "lang": "en",
  "axes": {
    "type": [
      "clinical",
      "everyday"
    ],
    "condition": [
      "General"
    ],
    "clinical_section": [
      "psychoeducation"
    ],
    "life_topics": [
      "stress"
    ],
    "advice_section": [],
    "audience": [],
    "risk_band": "low"
  },
  "index_text": "General — Psychoeducation General — Giáo dục tâm lý Mental Health Gap Action Programme (mhGAP) guideline for mental, neurological and substance use disorders ANX2. Is brief, structured psychological treatment (e.g. cognitive behavioural therapy [CBT], problem-solving therapy [PST]) better than treatment as usual in people with anxiety disorders (excluding social anxiety disorder and specific phobias)? Recommendation (new): Brief, structured psychological interventions based on principles of cognitive behavioural therapy (CBT) should be offered for adults with generalized anxiety disorder (GAD) and/or panic disorder Strength of recommendation: Strong Certainty of evidence: Moderate Justification increased accessibility of mental health services y Evidence was extracted from four systematic for people in need of care, opportunities for reviews: Parker et al., 2021 (19 RCTs on psychological reducing the stigma of mental health problems and interventions for adults with anxiety disorders in reduced costs. non-specialized care settings) (35); Haller et al., Research gaps 2021 (23 RCTs on psychological interventions for y The majority of studies were conducted in HICs. adults with anxiety disorders) (36); van Dis et al., Further research is needed in LMICs. 2020 (69 RCTs on long-term outcomes following psychological interventions for adults with anxiety y There were limited data on psychological disorders) (37); and Papola et al., 2020 (136 RCTs on interventions other than those based on principles psychological interventions for adults with panic of CBT. Further research is needed to understand if disorder) (38). other therapies (e.g. PST) could offer similar benefit. y Moderate-certainty evidence suggests reduced Implementation considerations levels of anxiety in adults with anxiety disorders y Brief psychological interventions can be delivered (GAD or panic disorder) when engaging in brief, effectively in non-specialized health-care settings structured psychological interventions based on as well as in other settings, including specialized CBT principles. The undesirable effects were judged mental health care and social care. to be trivial. y Most psychological interventions may be delivered Remarks by a wide range of professional staff: counsellors, y Provision of psychological interventions should psychologists, nurses, lay health counsellors and be based on appropriate diagnosis and need for health volunteers. This increases the feasibility of care. Many individuals suffering transient anxiety the implementation of psychosocial interventions. may improve with less intensive psychosocial y Task sharing has been found to be an effective interventions (e.g. stress management) or basic approach to delivering brief psychological support and problem solving. interventions. y Face-to-face brief psychological interventions y See recommendation ANX3 for discussion of delivered by service providers is human resource- recommended delivery formats for brief, structured intensive as it requires substantial provider time, psychological interventions. training and supervision. y Country adaptation and translation of training y Integrating the provision of brief psychological materials and tools for the provision of interventions into Mental health gap action programme (mhgap) guideline for mental, neurological and substance use disorders anx2. is brief, structured psychological treatment (e.g."
}