{
  "id": "everyday#risk_safety_37ace162",
  "title_en": "General — Risk Safety",
  "title_vi": "General — Nguy cơ An toàn",
  "text_en": "and interventions in spite of negative or inconclusive findings. • The person presented as ill, injured or impaired would in many cases be considered to be a victim of physical or psychological maltreatment (i.e. abuse), which should be classified Factitious disorders | Factitious disorder imposed on another Factitious disorders | Factitious disorder, unspecified Factitious disorders 597 separately using the appropriate code from Chapter 23 on external causes of morbidity or mortality. • There is evidence that a significant proportion of perpetrators of factitious disorder imposed on another have a history of factitious disorder imposed on self. Boundary with normality (threshold) • Some individuals whose loved ones have medical conditions may exaggerate the reports of symptoms to medical professionals in order to get their loved one’s care prioritized, or to access additional treatments they perceive as necessary or potentially beneficial. Factitious disorder imposed on another should only be considered if there is evidence that the person is feigning, falsifying or intentionally inducing or aggravating the symptoms of the other person. Sex- and/or gender-related features • The most common presentation of factitious disorder imposed on another is a mother who fabricates symptoms in one or more of her children. Boundaries with other disorders and conditions (differential diagnosis) Boundary with motivated deception related to physical abuse Caregivers who lie about the cause of abuse injuries in their dependents (e.g. claiming that an injury was the result of an “accident” rather than child or elder abuse) solely in order to avoid criminal prosecution or the intervention of child protective services should not be diagnosed with factitious disorder imposed on another. The diagnosis of factitious disorder imposed on another requires a clinical judgement that there are additional motivations for the deceptive behaviour, such as obtaining the attention and admiration of health-care providers. Boundary with mental disorders with psychotic symptoms Individuals with other mental disorders (e.g. schizophrenia and other primary psychotic disorders, mood disorders) may sometimes harm others, including their children, in response to a command hallucination or a delusion, or as part of a suicide attempt. In such cases, there is typically no evidence of deception associated with the harmful behaviour other than to avoid criminal prosecution for child abuse or other intervention (e.g. removal of a child by protective services). 6D5Z Factitious disorder, unspecified Factitious disorders | Factitious disorder imposed on another Factitious disorders | Factitious disorder, unspecified",
  "gloss_vi": "And interventions in spite of negative or inconclusive findings. • the person presented as ill, injured or impaired would in many cases be considered to be a victim of physical or psychological maltreatment (i.e.",
  "source": "Everyday Essentials",
  "url": "",
  "lang": "en",
  "axes": {
    "type": [
      "clinical",
      "everyday"
    ],
    "condition": [
      "General"
    ],
    "clinical_section": [
      "risk_safety",
      "screening_cues",
      "do_not_do"
    ],
    "life_topics": [
      "relationships"
    ],
    "advice_section": [
      "communication_tips",
      "work_habits"
    ],
    "audience": [],
    "risk_band": "high"
  },
  "index_text": "General — Risk Safety General — Nguy cơ An toàn and interventions in spite of negative or inconclusive findings. • The person presented as ill, injured or impaired would in many cases be considered to be a victim of physical or psychological maltreatment (i.e. abuse), which should be classified Factitious disorders | Factitious disorder imposed on another Factitious disorders | Factitious disorder, unspecified Factitious disorders 597 separately using the appropriate code from Chapter 23 on external causes of morbidity or mortality. • There is evidence that a significant proportion of perpetrators of factitious disorder imposed on another have a history of factitious disorder imposed on self. Boundary with normality (threshold) • Some individuals whose loved ones have medical conditions may exaggerate the reports of symptoms to medical professionals in order to get their loved one’s care prioritized, or to access additional treatments they perceive as necessary or potentially beneficial. Factitious disorder imposed on another should only be considered if there is evidence that the person is feigning, falsifying or intentionally inducing or aggravating the symptoms of the other person. Sex- and/or gender-related features • The most common presentation of factitious disorder imposed on another is a mother who fabricates symptoms in one or more of her children. Boundaries with other disorders and conditions (differential diagnosis) Boundary with motivated deception related to physical abuse Caregivers who lie about the cause of abuse injuries in their dependents (e.g. claiming that an injury was the result of an “accident” rather than child or elder abuse) solely in order to avoid criminal prosecution or the intervention of child protective services should not be diagnosed with factitious disorder imposed on another. The diagnosis of factitious disorder imposed on another requires a clinical judgement that there are additional motivations for the deceptive behaviour, such as obtaining the attention and admiration of health-care providers. Boundary with mental disorders with psychotic symptoms Individuals with other mental disorders (e.g. schizophrenia and other primary psychotic disorders, mood disorders) may sometimes harm others, including their children, in response to a command hallucination or a delusion, or as part of a suicide attempt. In such cases, there is typically no evidence of deception associated with the harmful behaviour other than to avoid criminal prosecution for child abuse or other intervention (e.g. removal of a child by protective services). 6D5Z Factitious disorder, unspecified Factitious disorders | Factitious disorder imposed on another Factitious disorders | Factitious disorder, unspecified And interventions in spite of negative or inconclusive findings. • the person presented as ill, injured or impaired would in many cases be considered to be a victim of physical or psychological maltreatment (i.e."
}