{
  "id": "everyday#risk_safety_2378350b",
  "title_en": "General — Risk Safety",
  "title_vi": "General — Nguy cơ An toàn",
  "text_en": "690 Clinical Descriptions and Diagnostic Requirements for ICD-11 Mental, Behavioural or Neurodevelopmental Disorders MB24.9 Euphoria • Euphoria refers to an exaggerated feeling of physical and emotional well-being and vitality. MB24.A Fear • Fear refers to an emotional response to perceived imminent threat or danger associated with urges to flee or fight. MB24.B Feelings of guilt • Feelings of guilt refer to remorse related to past events or one’s past actions (or inaction), thoughts or desires. MB24.C Irritability • Irritability refers to a mood state characterized by being easily annoyed and provoked to anger, out of proportion to the circumstances. MB24.D Leaden paralysis • Leaden paralysis refers to a feeling that one’s arms or legs are as heavy as lead, associated with a form of depression that also commonly includes overeating and oversleeping. MB24.E Mental rumination • Mental rumination refers to mental preoccupation with negative events, personal characteristics or failures. MB24.F Restlessness • Restlessness refers to a feeling of being unable to keep still. MB24.G Tantrum • Tantrum refers to an emotional outburst – usually among children or those in emotional distress – that is typically characterized by stubbornness, crying, screaming, defiance, anger, a resistance to attempts at pacification, and in some cases hitting or other violent behaviour. Mental or behavioural symptoms, signs or clinical findings | Symptoms or signs involving mood or affect Mental or behavioural symptoms, signs or clinical findings | Symptoms or signs involving form of thought Mental or behavioural symptoms, signs or clinical findings 691 MB24.H Worry • Worry",
  "gloss_vi": "690 clinical descriptions and diagnostic requirements for icd-11 mental, behavioural or neurodevelopmental disorders mb24.9 euphoria • euphoria refers to an exaggerated feeling of physical and emotional well-being and vi...",
  "source": "Everyday Essentials",
  "url": "",
  "lang": "en",
  "axes": {
    "type": [
      "clinical",
      "everyday"
    ],
    "condition": [
      "General"
    ],
    "clinical_section": [
      "risk_safety",
      "screening_cues",
      "referral"
    ],
    "life_topics": [
      "sleep",
      "stress"
    ],
    "advice_section": [
      "work_habits"
    ],
    "audience": [],
    "risk_band": "high"
  },
  "index_text": "General — Risk Safety General — Nguy cơ An toàn 690 Clinical Descriptions and Diagnostic Requirements for ICD-11 Mental, Behavioural or Neurodevelopmental Disorders MB24.9 Euphoria • Euphoria refers to an exaggerated feeling of physical and emotional well-being and vitality. MB24.A Fear • Fear refers to an emotional response to perceived imminent threat or danger associated with urges to flee or fight. MB24.B Feelings of guilt • Feelings of guilt refer to remorse related to past events or one’s past actions (or inaction), thoughts or desires. MB24.C Irritability • Irritability refers to a mood state characterized by being easily annoyed and provoked to anger, out of proportion to the circumstances. MB24.D Leaden paralysis • Leaden paralysis refers to a feeling that one’s arms or legs are as heavy as lead, associated with a form of depression that also commonly includes overeating and oversleeping. MB24.E Mental rumination • Mental rumination refers to mental preoccupation with negative events, personal characteristics or failures. MB24.F Restlessness • Restlessness refers to a feeling of being unable to keep still. MB24.G Tantrum • Tantrum refers to an emotional outburst – usually among children or those in emotional distress – that is typically characterized by stubbornness, crying, screaming, defiance, anger, a resistance to attempts at pacification, and in some cases hitting or other violent behaviour. Mental or behavioural symptoms, signs or clinical findings | Symptoms or signs involving mood or affect Mental or behavioural symptoms, signs or clinical findings | Symptoms or signs involving form of thought Mental or behavioural symptoms, signs or clinical findings 691 MB24.H Worry • Worry 690 clinical descriptions and diagnostic requirements for icd-11 mental, behavioural or neurodevelopmental disorders mb24.9 euphoria • euphoria refers to an exaggerated feeling of physical and emotional well-being and vi..."
}