{
  "id": "everyday#referral_2aa12526",
  "title_en": "General — Referral",
  "title_vi": "General — Chuyển tuyến",
  "text_en": "Paraphilic disorders 581 Additional clinical features • Coercive sexual sadism disorder should not be diagnosed among children, and should be diagnosed only with the utmost caution among adolescents. Sexual acts may occur impulsively or opportunistically during adolescence rather than representing a recurrent pattern of sexual arousal. • The diagnosis of coercive sexual sadism disorder is generally not adequately supported when the evidence indicating a sustained, focused and intense pattern of sexual arousal consists solely of a single or very limited number of instances of coercive sadistic sexual behaviour, as there may be other explanations for specific occurrences (e.g. intoxication, opportunity). In the absence of a report of the individual’s sexual thoughts, fantasies or urges, examples of other forms of evidence supporting the presence of a coercive sadistic arousal pattern include a preference for specific types of pornography; preference over other forms of sexual behaviour; planning and repeatedly seeking out opportunities to engage in coercive sadistic sexual behaviour; or laboratory measures of relative viewing time (based on the finding that preferred sexual stimuli are gazed at longer than non- preferred sexual stimuli) and/or penile plethysmography. Boundary with normality (threshold) • By definition, coercive sexual sadism disorder specifically excludes consensual sexual sadism and consensual masochism. Course features • Individuals with coercive sexual sadism disorder often report the onset of coercive sadistic sexual interest during adolescence. • Coercive sexual sadism disorder is relatively stable after young adulthood, but sexual thoughts, fantasies, urges and behaviours may change over time, such that an individual who was assigned a diagnosis of coercive sexual sadism disorder no longer meets the diagnostic requirements. Developmental presentations • Advancing age may be associated with decreasing paraphilic sexual arousal and decreasing behavioural manifestations of coercive sexual sadism disorder due to increased impulse control and decreased sexual drive. Paraphilic disorders | Coercive sexual sadism disorder 582 Clinical Descriptions and Diagnostic Requirements for ICD-11 Mental, Behavioural or Neurodevelopmental Disorders Sex- and/or gender-related features • Coercive sexual sadism disorder is much more prevalent among men. Boundaries with other disorders and conditions (differential diagnosis) Boundary with compulsive sexual behaviour disorder Both coercive sexual sadism disorder and compulsive sexual behaviour disorder may involve repetitive sexual impulses, urges or behaviours that result in marked distress or",
  "gloss_vi": "Paraphilic disorders 581 additional clinical features • coercive sexual sadism disorder should not be diagnosed among children, and should be diagnosed only with the utmost caution among adolescents. sexual acts may occu...",
  "source": "Everyday Essentials",
  "url": "",
  "lang": "en",
  "axes": {
    "type": [
      "clinical",
      "everyday"
    ],
    "condition": [
      "General"
    ],
    "clinical_section": [
      "referral",
      "psychoeducation"
    ],
    "life_topics": [
      "stress",
      "study",
      "relationships"
    ],
    "advice_section": [
      "communication_tips",
      "work_habits"
    ],
    "audience": [],
    "risk_band": "low"
  },
  "index_text": "General — Referral General — Chuyển tuyến Paraphilic disorders 581 Additional clinical features • Coercive sexual sadism disorder should not be diagnosed among children, and should be diagnosed only with the utmost caution among adolescents. Sexual acts may occur impulsively or opportunistically during adolescence rather than representing a recurrent pattern of sexual arousal. • The diagnosis of coercive sexual sadism disorder is generally not adequately supported when the evidence indicating a sustained, focused and intense pattern of sexual arousal consists solely of a single or very limited number of instances of coercive sadistic sexual behaviour, as there may be other explanations for specific occurrences (e.g. intoxication, opportunity). In the absence of a report of the individual’s sexual thoughts, fantasies or urges, examples of other forms of evidence supporting the presence of a coercive sadistic arousal pattern include a preference for specific types of pornography; preference over other forms of sexual behaviour; planning and repeatedly seeking out opportunities to engage in coercive sadistic sexual behaviour; or laboratory measures of relative viewing time (based on the finding that preferred sexual stimuli are gazed at longer than non- preferred sexual stimuli) and/or penile plethysmography. Boundary with normality (threshold) • By definition, coercive sexual sadism disorder specifically excludes consensual sexual sadism and consensual masochism. Course features • Individuals with coercive sexual sadism disorder often report the onset of coercive sadistic sexual interest during adolescence. • Coercive sexual sadism disorder is relatively stable after young adulthood, but sexual thoughts, fantasies, urges and behaviours may change over time, such that an individual who was assigned a diagnosis of coercive sexual sadism disorder no longer meets the diagnostic requirements. Developmental presentations • Advancing age may be associated with decreasing paraphilic sexual arousal and decreasing behavioural manifestations of coercive sexual sadism disorder due to increased impulse control and decreased sexual drive. Paraphilic disorders | Coercive sexual sadism disorder 582 Clinical Descriptions and Diagnostic Requirements for ICD-11 Mental, Behavioural or Neurodevelopmental Disorders Sex- and/or gender-related features • Coercive sexual sadism disorder is much more prevalent among men. Boundaries with other disorders and conditions (differential diagnosis) Boundary with compulsive sexual behaviour disorder Both coercive sexual sadism disorder and compulsive sexual behaviour disorder may involve repetitive sexual impulses, urges or behaviours that result in marked distress or Paraphilic disorders 581 additional clinical features • coercive sexual sadism disorder should not be diagnosed among children, and should be diagnosed only with the utmost caution among adolescents. sexual acts may occu..."
}