{
  "id": "everyday#risk_safety_21857b96",
  "title_en": "General — Risk Safety",
  "title_vi": "General — Nguy cơ An toàn",
  "text_en": "88 CMH 2 CHILD & ADOLESCENT MENTAL & BEHAVIOURAL DISORDERS Management 2.4 Psychoeducation for Persons with developmental disorders may often have Make predictable routines in the morning and at bedtime. developmental delay/disorder associated behavioural problems that are difficult for the carer Promote regular sleep habits. Schedule the day with regular to manage. See guidance for improving behaviours. (2.3) times for eating, playing, learning, and sleeping. ENCOURAGE THE CARER TO: Promote and protect the human rights of the person For excessive and unrealistic fears: and family and be vigilant about maintaining human Learn what the child’s strengths and weaknesses are and – Praise the child/adolescent or give small rewards when rights and dignity. how they learn best, what is stressful to the child and what they try new things or act bravely. makes him/her happy, and what causes problem behaviours – Educate carers to avoid institutionalization. – Help the child practice facing the difficult situation one and what prevents them. – Promote access to health information and services. small step at a time (e.g. if the child is afraid of separating – Promote access to schooling and other forms of education. from the carer, help the child gradually increase the Learn how the child communicates and responds (using – Promote access to occupations. amount of time he/she plays alone while the carer is words, gestures, non-verbal expression, and behaviours). – Promote participation in family and community life. nearby). Help the child develop by engaging with her/him in everyday – Acknowledge the child’s feelings and worries and activities and play. encourage them to confront their fears. 2.5 Psychoeducation for emotional – Help the child/adolescent create a plan to help them cope Children learn best during activities that are fun and positive. problems/disorders including in case a feared situation occurs. Involve them in everyday life, starting with simple tasks, one depression in adolescents at a time. Break complex activities down into simple steps so Explain that emotional disorders are common and can that the child can learn and be rewarded one step at a time. happen to anybody. The occurrence of emotional disorders Address any stressful situation in the family environment does not mean that the person is weak or lazy. Make predictable daily routines by scheduling regular times such as parental discord or a parent’s mental disorder. With for eating, playing, learning, and sleeping. the help of teachers explore possible adverse circumstances Emotional disorders can cause unjustified thoughts of in the school environment. hopelessness and worthlessness. Explain that these views Keep their environment stimulating: avoid leaving the child are likely to improve once the emotional disorders improve. alone for hours without someone to talk to and limit time Provide opportunities for quality time with the carer and spent watching TV and playing electronic games. the family. Make the person aware that if they notice thoughts of self-harm or suicide, they should tell a trusted person and Keep them",
  "gloss_vi": "88 cmh 2 child & adolescent mental & behavioural disorders management 2.4 giáo dục tâm lý for persons with developmental disorders may often have make predictable routines in the morning and at bedtime. developmental del...",
  "source": "Everyday Essentials",
  "url": "",
  "lang": "en",
  "axes": {
    "type": [
      "clinical",
      "everyday"
    ],
    "condition": [
      "General"
    ],
    "clinical_section": [
      "risk_safety",
      "psychoeducation",
      "do_not_do"
    ],
    "life_topics": [
      "sleep",
      "stress",
      "relationships"
    ],
    "advice_section": [],
    "audience": [],
    "risk_band": "high"
  },
  "index_text": "General — Risk Safety General — Nguy cơ An toàn 88 CMH 2 CHILD & ADOLESCENT MENTAL & BEHAVIOURAL DISORDERS Management 2.4 Psychoeducation for Persons with developmental disorders may often have Make predictable routines in the morning and at bedtime. developmental delay/disorder associated behavioural problems that are difficult for the carer Promote regular sleep habits. Schedule the day with regular to manage. See guidance for improving behaviours. (2.3) times for eating, playing, learning, and sleeping. ENCOURAGE THE CARER TO: Promote and protect the human rights of the person For excessive and unrealistic fears: and family and be vigilant about maintaining human Learn what the child’s strengths and weaknesses are and – Praise the child/adolescent or give small rewards when rights and dignity. how they learn best, what is stressful to the child and what they try new things or act bravely. makes him/her happy, and what causes problem behaviours – Educate carers to avoid institutionalization. – Help the child practice facing the difficult situation one and what prevents them. – Promote access to health information and services. small step at a time (e.g. if the child is afraid of separating – Promote access to schooling and other forms of education. from the carer, help the child gradually increase the Learn how the child communicates and responds (using – Promote access to occupations. amount of time he/she plays alone while the carer is words, gestures, non-verbal expression, and behaviours). – Promote participation in family and community life. nearby). Help the child develop by engaging with her/him in everyday – Acknowledge the child’s feelings and worries and activities and play. encourage them to confront their fears. 2.5 Psychoeducation for emotional – Help the child/adolescent create a plan to help them cope Children learn best during activities that are fun and positive. problems/disorders including in case a feared situation occurs. Involve them in everyday life, starting with simple tasks, one depression in adolescents at a time. Break complex activities down into simple steps so Explain that emotional disorders are common and can that the child can learn and be rewarded one step at a time. happen to anybody. The occurrence of emotional disorders Address any stressful situation in the family environment does not mean that the person is weak or lazy. Make predictable daily routines by scheduling regular times such as parental discord or a parent’s mental disorder. With for eating, playing, learning, and sleeping. the help of teachers explore possible adverse circumstances Emotional disorders can cause unjustified thoughts of in the school environment. hopelessness and worthlessness. Explain that these views Keep their environment stimulating: avoid leaving the child are likely to improve once the emotional disorders improve. alone for hours without someone to talk to and limit time Provide opportunities for quality time with the carer and spent watching TV and playing electronic games. the family. Make the person aware that if they notice thoughts of self-harm or suicide, they should tell a trusted person and Keep them 88 cmh 2 child & adolescent mental & behavioural disorders management 2.4 giáo dục tâm lý for persons with developmental disorders may often have make predictable routines in the morning and at bedtime. developmental del..."
}