{
  "id": "everyday#risk_safety_14edd95f",
  "title_en": "General — Risk Safety",
  "title_vi": "General — Nguy cơ An toàn",
  "text_en": "250 Clinical Descriptions and Diagnostic Requirements for ICD-11 Mental, Behavioural or Neurodevelopmental Disorders 6E20 Mental and behavioural disorders associated with pregnancy, childbirth or the puerperium, without psychotic symptoms • This additional diagnostic code should be used for mood episodes that arise during pregnancy or commence within about 6 weeks after delivery, and that do not include delusions, hallucinations or other psychotic symptoms. This designation should not be used to describe mild and transient depressive symptoms that do not meet the diagnostic requirements for a depressive episode, which may occur soon after delivery (so-called “postpartum blues” or “baby blues”). (See p. 640 for complete diagnostic requirements.) 6E21 Mental and behavioural disorders associated with pregnancy, childbirth or the puerperium, with psychotic symptoms • This additional diagnostic code should be used for mood episodes that arise during pregnancy or commence within about 6 weeks after delivery, and that include delusions, hallucinations or other psychotic symptoms. (See p. 642 for complete diagnostic requirements.) Note: for the following sections, see also material under depressive episode (p. 212), manic episode (p. 217), mixed episode (p. 220) and hypomanic episode (p. 222). Material on additional clinical features, boundary with normality (threshold), developmental presentations and boundaries with other disorders and conditions (differential diagnosis) that relates specifically to the mood episodes is contained in those sections, whereas material focusing on single episode depressive disorder and recurrent depressive disorder overall appears below. Additional clinical features for single episode depressive disorder and recurrent depressive disorder • Suicide risk is significantly higher among individuals diagnosed with single episode depressive disorder or recurrent depressive disorder than among the general population. • Recurrent panic attacks in single episode depressive disorder or recurrent depressive disorder may be indicative of greater severity, poorer response to treatment, and greater risk of suicide. • The presence of dementia or a disorder of intellectual development does not rule out the diagnosis of single episode depressive disorder or recurrent depressive disorder, but communication difficulties may make it necessary to rely more than usual on observations made by clinicians or knowledgeable collateral informants to make the diagnosis. Observable symptoms include psychomotor retardation, loss of appetite and weight, and sleep disturbance. • There is a greater risk of single episode depressive disorder or recurrent depressive disorder among individuals with a family history of single episode depressive disorder or recurrent depressive disorder. Mood disorders | Recurrent depressive disorder Mood disorders 251 • Co-occurrence with other mental, behavioural and neurodevelopmental disorders is common, including anxiety and fear-related disorders, bodily distress",
  "gloss_vi": "250 clinical descriptions and diagnostic requirements for icd-11 mental, behavioural or neurodevelopmental disorders 6e20 mental and behavioural disorders associated with pregnancy, childbirth or the puerperium, without ...",
  "source": "Everyday Essentials",
  "url": "",
  "lang": "en",
  "axes": {
    "type": [
      "clinical",
      "everyday"
    ],
    "condition": [
      "General"
    ],
    "clinical_section": [
      "risk_safety",
      "screening_cues",
      "do_not_do"
    ],
    "life_topics": [
      "sleep",
      "stress",
      "study",
      "relationships",
      "grief"
    ],
    "advice_section": [
      "communication_tips"
    ],
    "audience": [],
    "risk_band": "high"
  },
  "index_text": "General — Risk Safety General — Nguy cơ An toàn 250 Clinical Descriptions and Diagnostic Requirements for ICD-11 Mental, Behavioural or Neurodevelopmental Disorders 6E20 Mental and behavioural disorders associated with pregnancy, childbirth or the puerperium, without psychotic symptoms • This additional diagnostic code should be used for mood episodes that arise during pregnancy or commence within about 6 weeks after delivery, and that do not include delusions, hallucinations or other psychotic symptoms. This designation should not be used to describe mild and transient depressive symptoms that do not meet the diagnostic requirements for a depressive episode, which may occur soon after delivery (so-called “postpartum blues” or “baby blues”). (See p. 640 for complete diagnostic requirements.) 6E21 Mental and behavioural disorders associated with pregnancy, childbirth or the puerperium, with psychotic symptoms • This additional diagnostic code should be used for mood episodes that arise during pregnancy or commence within about 6 weeks after delivery, and that include delusions, hallucinations or other psychotic symptoms. (See p. 642 for complete diagnostic requirements.) Note: for the following sections, see also material under depressive episode (p. 212), manic episode (p. 217), mixed episode (p. 220) and hypomanic episode (p. 222). Material on additional clinical features, boundary with normality (threshold), developmental presentations and boundaries with other disorders and conditions (differential diagnosis) that relates specifically to the mood episodes is contained in those sections, whereas material focusing on single episode depressive disorder and recurrent depressive disorder overall appears below. Additional clinical features for single episode depressive disorder and recurrent depressive disorder • Suicide risk is significantly higher among individuals diagnosed with single episode depressive disorder or recurrent depressive disorder than among the general population. • Recurrent panic attacks in single episode depressive disorder or recurrent depressive disorder may be indicative of greater severity, poorer response to treatment, and greater risk of suicide. • The presence of dementia or a disorder of intellectual development does not rule out the diagnosis of single episode depressive disorder or recurrent depressive disorder, but communication difficulties may make it necessary to rely more than usual on observations made by clinicians or knowledgeable collateral informants to make the diagnosis. Observable symptoms include psychomotor retardation, loss of appetite and weight, and sleep disturbance. • There is a greater risk of single episode depressive disorder or recurrent depressive disorder among individuals with a family history of single episode depressive disorder or recurrent depressive disorder. Mood disorders | Recurrent depressive disorder Mood disorders 251 • Co-occurrence with other mental, behavioural and neurodevelopmental disorders is common, including anxiety and fear-related disorders, bodily distress 250 clinical descriptions and diagnostic requirements for icd-11 mental, behavioural or neurodevelopmental disorders 6e20 mental and behavioural disorders associated with pregnancy, childbirth or the puerperium, without ..."
}