{
  "id": "everyday#general_7fa53582",
  "title_en": "General — General",
  "title_vi": "General — General",
  "text_en": "Contributors 813 ICD-DSM Harmonization Group WHO representatives Steven E. Hyman Peter Tyrer Oye Gureje WHO Secretariat María Elena Medina-Mora Benedetto Saraceno Michael Rutter Shekhar Saxena Norman Sartorius Geoffrey M. Reed American Psychiatric Association/DSM-5 representatives David J. Kupfer Dilip V. Jeste Darrel A. Regier Wilson M. Compton William E. Narrow David Shaffer James H. Scully United States National Institute of Mental Health Representative Bruce N. Cuthbert International Advisory Group for Training and Implementation for ICD-11 Mental, Behavioural and Neurodevelopmental Disorders Min Zhao, Chair Maya Kulygina José L. Ayuso-Mateos Mario Maj Keith Denny María Elena Medina-Mora Michael B. First John Mitchell Wolfgang Gaebel Kathleen M. Pike Cécile Hanon Rebeca Robles Matías Irarrázaval Pratap Sharan Shigenobu Kanba Dan J. Stein Brigitte Khoury Ulrich Vögel Cary S. Kogan Additional contributors Chihiro Matsumoto Jingjing Huang Tahilia J. Rebello Zhen Wang 814 Clinical Descriptions and Diagnostic Requirements for ICD-11 Mental, Behavioural or Neurodevelopmental Disorders Working groups for ICD-11 mental, behavioural and neurodevelopmental disorders ICD-11 Working Group on the Classification of Disorders of Intellectual Development Luis Salvador-Carulla, Chair Satish Girimaji Colleen Adnams Gregorio Katz Marco Bertelli Henry Kwok Sally-Ann Cooper Ruth Luckasson Shoumitro Deb Rune Simeonsson Leyla Akoury Dirani Additional contributors Jake Burack Cary S. Kogan Sab Bhaumik Rafael Martínez-Leal Sherva Cooray Kerim Munir Santo F. DiNuovo Ashok Roy Maurizio Elia Per-Anders Rydelius Judith Hollenweger Peter Tyrer American Association of Intellectual and Developmental Disabilities Consultation Group Margaret A. Nygren Diane Morin Marc Tassé J. Gregory Olley Marty Ford Michael L. Wehmeyer George S. Jesien ICD-11 Working Group on the Classification of Mental and Behavioural Disorders in Children and Adolescents Michael Rutter, Chair (2010–2013) Malavika Kapur M. Elena Garralda, Chair (2013–2018) John E. Lochman Sue Bailey Olayinka Omigbodun Gillian Baird Daniel S. Pine Wenhong Cheng Per-Anders Rydelius Francisco R. de la Peña David Shaffer John Fayyad Tuula Tamminen Additional contributor Rudolf Uher American Psychiatric Association/DSM-5 representative David Shaffer",
  "gloss_vi": "Contributors 813 icd-dsm harmonization group who representatives steven e. hyman peter tyrer oye gureje who secretariat maría elena medina-mora benedetto saraceno michael rutter shekhar saxena norman sartorius geoffrey m...",
  "source": "Everyday Essentials",
  "url": "",
  "lang": "en",
  "axes": {
    "type": [
      "everyday"
    ],
    "condition": [
      "General"
    ],
    "clinical_section": [],
    "life_topics": [
      "work"
    ],
    "advice_section": [],
    "audience": [],
    "risk_band": "low"
  },
  "index_text": "General — General General — General Contributors 813 ICD-DSM Harmonization Group WHO representatives Steven E. Hyman Peter Tyrer Oye Gureje WHO Secretariat María Elena Medina-Mora Benedetto Saraceno Michael Rutter Shekhar Saxena Norman Sartorius Geoffrey M. Reed American Psychiatric Association/DSM-5 representatives David J. Kupfer Dilip V. Jeste Darrel A. Regier Wilson M. Compton William E. Narrow David Shaffer James H. Scully United States National Institute of Mental Health Representative Bruce N. Cuthbert International Advisory Group for Training and Implementation for ICD-11 Mental, Behavioural and Neurodevelopmental Disorders Min Zhao, Chair Maya Kulygina José L. Ayuso-Mateos Mario Maj Keith Denny María Elena Medina-Mora Michael B. First John Mitchell Wolfgang Gaebel Kathleen M. Pike Cécile Hanon Rebeca Robles Matías Irarrázaval Pratap Sharan Shigenobu Kanba Dan J. Stein Brigitte Khoury Ulrich Vögel Cary S. Kogan Additional contributors Chihiro Matsumoto Jingjing Huang Tahilia J. Rebello Zhen Wang 814 Clinical Descriptions and Diagnostic Requirements for ICD-11 Mental, Behavioural or Neurodevelopmental Disorders Working groups for ICD-11 mental, behavioural and neurodevelopmental disorders ICD-11 Working Group on the Classification of Disorders of Intellectual Development Luis Salvador-Carulla, Chair Satish Girimaji Colleen Adnams Gregorio Katz Marco Bertelli Henry Kwok Sally-Ann Cooper Ruth Luckasson Shoumitro Deb Rune Simeonsson Leyla Akoury Dirani Additional contributors Jake Burack Cary S. Kogan Sab Bhaumik Rafael Martínez-Leal Sherva Cooray Kerim Munir Santo F. DiNuovo Ashok Roy Maurizio Elia Per-Anders Rydelius Judith Hollenweger Peter Tyrer American Association of Intellectual and Developmental Disabilities Consultation Group Margaret A. Nygren Diane Morin Marc Tassé J. Gregory Olley Marty Ford Michael L. Wehmeyer George S. Jesien ICD-11 Working Group on the Classification of Mental and Behavioural Disorders in Children and Adolescents Michael Rutter, Chair (2010–2013) Malavika Kapur M. Elena Garralda, Chair (2013–2018) John E. Lochman Sue Bailey Olayinka Omigbodun Gillian Baird Daniel S. Pine Wenhong Cheng Per-Anders Rydelius Francisco R. de la Peña David Shaffer John Fayyad Tuula Tamminen Additional contributor Rudolf Uher American Psychiatric Association/DSM-5 representative David Shaffer Contributors 813 icd-dsm harmonization group who representatives steven e. hyman peter tyrer oye gureje who secretariat maría elena medina-mora benedetto saraceno michael rutter shekhar saxena norman sartorius geoffrey m..."
}