{
  "id": "everyday#referral_1c326191",
  "title_en": "General — Referral",
  "title_vi": "General — Chuyển tuyến",
  "text_en": "y For children who stutter, the direct instruction speech and language therapists in high-resource approach involved speech-language therapists settings; implications for adaptations in lower- working with parents to deliver a behaviour resource settings may be needed. 36 3. Recommendations Recommendation (new): 3.6 Psychosocial interventions using cognitive learning techniques to enhance communication and social competencies should be considered for children and adolescents with neurodevelopmental disabilities. Strength of recommendation: Conditional Certainty of evidence: Low Justification y Cognitive interventions can be delivered y Evidence was extracted from one meta-analysis: Ahn as components of broader comprehensive and Hwang, 2018 (6 RCTs) (66). interventions targeting adaptive and life skills. y Despite a promising finding (d = 0.64; 95% CI: 0.40 y Child participants included in the review by Ahn to 0.87) for adaptive behaviour (functioning), the and Hwang (2018) were younger children; in five of primary finding had a low certainty of evidence (66). six studies, children were under the age of 7 at the beginning of treatment. y This certainty of evidence was related to the small number of studies included in the meta-analytic Research gaps synthesis (six studies) with small sample sizes, y The review by Ahn and Hwang (2018) was the only concerns with blinding of outcome assessors, and systematic review taking a transdiagnostic approach heterogeneity. Results of the review are consistent that could be identified. More efforts are needed to with other meta-analyses and primary studies in synthesize evidence on interventions to optimize this area. outcomes in children and young people with Remarks neurodevelopmental disabilities taking a functional approach. y Everyday functioning is a target of many interventions for individuals with Implementation considerations neurodevelopmental disabilities and is thus a y These interventions have been largely implemented critical domain to examine. It refers to the ways in in home- and clinic-based settings, by clinicians and which individuals function in everyday aspects of life trained specialists. and includes communication skills, socialization and y Caregivers are often involved in treatment, either as daily living skills. participants or as individuals trained to deliver the y Cognitive interventions are a heterogeneous group intervention strategies in the absence of the primary of treatments to stimulate and optimize cognitive intervention agent. processes, such as working memory, attention, executive functions, communication and social competences, often in a simultaneous and broad manner via computerized and adaptive cognitive exercises. They can be adapted to the child’s cognitive profile. 37",
  "gloss_vi": "Y for children who stutter, the direct instruction speech and language therapists in high-resource approach involved speech-language therapists settings; implications for adaptations in lower- working with parents to del...",
  "source": "Everyday Essentials",
  "url": "",
  "lang": "en",
  "axes": {
    "type": [
      "clinical",
      "everyday"
    ],
    "condition": [
      "General"
    ],
    "clinical_section": [
      "referral"
    ],
    "life_topics": [
      "study",
      "work"
    ],
    "advice_section": [],
    "audience": [],
    "risk_band": "low"
  },
  "index_text": "General — Referral General — Chuyển tuyến y For children who stutter, the direct instruction speech and language therapists in high-resource approach involved speech-language therapists settings; implications for adaptations in lower- working with parents to deliver a behaviour resource settings may be needed. 36 3. Recommendations Recommendation (new): 3.6 Psychosocial interventions using cognitive learning techniques to enhance communication and social competencies should be considered for children and adolescents with neurodevelopmental disabilities. Strength of recommendation: Conditional Certainty of evidence: Low Justification y Cognitive interventions can be delivered y Evidence was extracted from one meta-analysis: Ahn as components of broader comprehensive and Hwang, 2018 (6 RCTs) (66). interventions targeting adaptive and life skills. y Despite a promising finding (d = 0.64; 95% CI: 0.40 y Child participants included in the review by Ahn to 0.87) for adaptive behaviour (functioning), the and Hwang (2018) were younger children; in five of primary finding had a low certainty of evidence (66). six studies, children were under the age of 7 at the beginning of treatment. y This certainty of evidence was related to the small number of studies included in the meta-analytic Research gaps synthesis (six studies) with small sample sizes, y The review by Ahn and Hwang (2018) was the only concerns with blinding of outcome assessors, and systematic review taking a transdiagnostic approach heterogeneity. Results of the review are consistent that could be identified. More efforts are needed to with other meta-analyses and primary studies in synthesize evidence on interventions to optimize this area. outcomes in children and young people with Remarks neurodevelopmental disabilities taking a functional approach. y Everyday functioning is a target of many interventions for individuals with Implementation considerations neurodevelopmental disabilities and is thus a y These interventions have been largely implemented critical domain to examine. It refers to the ways in in home- and clinic-based settings, by clinicians and which individuals function in everyday aspects of life trained specialists. and includes communication skills, socialization and y Caregivers are often involved in treatment, either as daily living skills. participants or as individuals trained to deliver the y Cognitive interventions are a heterogeneous group intervention strategies in the absence of the primary of treatments to stimulate and optimize cognitive intervention agent. processes, such as working memory, attention, executive functions, communication and social competences, often in a simultaneous and broad manner via computerized and adaptive cognitive exercises. They can be adapted to the child’s cognitive profile. 37 Y for children who stutter, the direct instruction speech and language therapists in high-resource approach involved speech-language therapists settings; implications for adaptations in lower- working with parents to del..."
}