{
  "id": "everyday#risk_safety_24d277eb",
  "title_en": "General — Risk Safety",
  "title_vi": "General — Nguy cơ An toàn",
  "text_en": "32 DEPRESSION PSYCHOSES The psychoses module covers management of two severe mental Bipolar disorder is characterized by episodes in which the person’s health conditions, psychosis and bipolar disorder. People with mood and activity levels are significantly disturbed. This disturbance psychosis or bipolar disorder are at high risk of exposure to stigma, consists on some occasions of an elevation of mood and increased discrimination and violation of their right to live with dignity. energy and activity (mania), and on others of a lowering of mood and decreased energy and activity (depression). Characteristically, Psychosis is characterised by distorted thoughts and perceptions, recovery is complete between episodes. People who experience only as well as disturbed emotions and behaviours. Incoherent or irrele- manic episodes are also classified as having bipolar disorder. vant speech may also be present. Symptoms such as hallucinations – hearing voices, or seeing things that are not there; delusions – fixed, false beliefs; severe abnormalities of behaviour – disorganised behaviour, agitation, excitement, inactivity, or hyperactivity; disturbances of emotion – marked apathy, or disconnect between reported emotion and observed affect, such as facial expression and body language, may also be detected. 33",
  "gloss_vi": "32 trầm cảm psychoses the psychoses module covers management of two severe mental bipolar disorder is characterized by episodes in which the person’s health conditions, psychosis and bipolar disorder. people with mood an...",
  "source": "Everyday Essentials",
  "url": "",
  "lang": "en",
  "axes": {
    "type": [
      "clinical"
    ],
    "condition": [
      "General"
    ],
    "clinical_section": [
      "risk_safety",
      "screening_cues"
    ],
    "life_topics": [],
    "advice_section": [],
    "audience": [],
    "risk_band": "low"
  },
  "index_text": "General — Risk Safety General — Nguy cơ An toàn 32 DEPRESSION PSYCHOSES The psychoses module covers management of two severe mental Bipolar disorder is characterized by episodes in which the person’s health conditions, psychosis and bipolar disorder. People with mood and activity levels are significantly disturbed. This disturbance psychosis or bipolar disorder are at high risk of exposure to stigma, consists on some occasions of an elevation of mood and increased discrimination and violation of their right to live with dignity. energy and activity (mania), and on others of a lowering of mood and decreased energy and activity (depression). Characteristically, Psychosis is characterised by distorted thoughts and perceptions, recovery is complete between episodes. People who experience only as well as disturbed emotions and behaviours. Incoherent or irrele- manic episodes are also classified as having bipolar disorder. vant speech may also be present. Symptoms such as hallucinations – hearing voices, or seeing things that are not there; delusions – fixed, false beliefs; severe abnormalities of behaviour – disorganised behaviour, agitation, excitement, inactivity, or hyperactivity; disturbances of emotion – marked apathy, or disconnect between reported emotion and observed affect, such as facial expression and body language, may also be detected. 33 32 trầm cảm psychoses the psychoses module covers management of two severe mental bipolar disorder is characterized by episodes in which the person’s health conditions, psychosis and bipolar disorder. people with mood an..."
}