{
  "id": "everyday#general_59b3f0ce",
  "title_en": "General — General",
  "title_vi": "General — General",
  "text_en": "206 Clinical Descriptions and Diagnostic Requirements for ICD-11 Mental, Behavioural or Neurodevelopmental Disorders Course features • The onset of secondary catatonia syndrome is related to the underlying medical condition, and duration is also determined by the underlying medical condition and its treatment. • In cases in which the underlying disease course is severe and progressive (e.g. Alzheimer disease), secondary catatonia syndrome due to a disease of the nervous system or other medical condition may be chronic (lasting for weeks or months) and may fail to resolve fully with treatment of the underlying medical condition. Potentially explanatory medical conditions The identified etiological medical condition should be diagnosed separately. Medical conditions that have been shown to be capable of producing catatonia syndromes include the following. Primary brain disorders (examples) • Neoplasms • Cerebrovascular lesions, including cortical venous thrombosis, subarachnoid haemorrhage, subdural haematoma, bacillar aneurysms • Anoxias, including stroke • Viral encephalitis, encephalitis lethargica • Brain stem, diencephalic and basal ganglia disorders, as well as frontal lobe or parietal lobe lesions • Epilepsy • Traumatic brain injury • Dystonia • Multiple sclerosis • Parkinson disease • Lewy body disease • Human prion diseases General medical conditions affecting the brain (examples) • Autoimmune conditions • Systemic lupus erythematosus • Hashimoto encephalopathy or autoimmune",
  "gloss_vi": "206 clinical descriptions and diagnostic requirements for icd-11 mental, behavioural or neurodevelopmental disorders course features • the onset of secondary catatonia syndrome is related to the underlying medical condit...",
  "source": "Everyday Essentials",
  "url": "",
  "lang": "en",
  "axes": {
    "type": [
      "everyday"
    ],
    "condition": [
      "General"
    ],
    "clinical_section": [],
    "life_topics": [
      "study"
    ],
    "advice_section": [],
    "audience": [],
    "risk_band": "low"
  },
  "index_text": "General — General General — General 206 Clinical Descriptions and Diagnostic Requirements for ICD-11 Mental, Behavioural or Neurodevelopmental Disorders Course features • The onset of secondary catatonia syndrome is related to the underlying medical condition, and duration is also determined by the underlying medical condition and its treatment. • In cases in which the underlying disease course is severe and progressive (e.g. Alzheimer disease), secondary catatonia syndrome due to a disease of the nervous system or other medical condition may be chronic (lasting for weeks or months) and may fail to resolve fully with treatment of the underlying medical condition. Potentially explanatory medical conditions The identified etiological medical condition should be diagnosed separately. Medical conditions that have been shown to be capable of producing catatonia syndromes include the following. Primary brain disorders (examples) • Neoplasms • Cerebrovascular lesions, including cortical venous thrombosis, subarachnoid haemorrhage, subdural haematoma, bacillar aneurysms • Anoxias, including stroke • Viral encephalitis, encephalitis lethargica • Brain stem, diencephalic and basal ganglia disorders, as well as frontal lobe or parietal lobe lesions • Epilepsy • Traumatic brain injury • Dystonia • Multiple sclerosis • Parkinson disease • Lewy body disease • Human prion diseases General medical conditions affecting the brain (examples) • Autoimmune conditions • Systemic lupus erythematosus • Hashimoto encephalopathy or autoimmune 206 clinical descriptions and diagnostic requirements for icd-11 mental, behavioural or neurodevelopmental disorders course features • the onset of secondary catatonia syndrome is related to the underlying medical condit..."
}