{
  "id": "everyday#risk_safety_0f63a2d1",
  "title_en": "General — Risk Safety",
  "title_vi": "General — Nguy cơ An toàn",
  "text_en": "Personality disorders and related traits 555 • The symptoms are not due to the direct effects of a medication or substance, including withdrawal effects, and are not better accounted for by another mental disorder, a disease of the nervous system or another medical condition. • The disturbance is associated with substantial distress or significant impairment in personal, family, social, educational, occupational or other important areas of functioning. • Personality disorder should not be diagnosed if the patterns of behaviour characterizing the personality disturbance are developmentally appropriate (e.g. problems related to establishing an independent self-identity during adolescence) or can be explained primarily by social or cultural factors, including sociopolitical conflict. Severity of personality disorder The areas of personality functioning shown in Box 6.2 should be considered in making a severity determination for individuals who meet the general diagnostic requirements for personality disorder. Box 6.2. Aspects of personality functioning that contribute to severity determination in personality disorder Degree and pervasiveness of disturbances in functioning of aspects of the self • Stability and coherence of one’s sense of identity (e.g. extent to which identity or sense of self is variable and inconsistent or overly rigid and fixed) • Ability to maintain an overall positive and stable sense of self-worth • Accuracy of one’s view of one’s characteristics, strengths, limitations • Capacity for self-direction (ability to plan, choose, and implement appropriate goals) Degree and pervasiveness of interpersonal dysfunction across various contexts and relationships (e.g. romantic relationships, school/work, parent-child, family, friendships, peer contexts) • Interest in engaging in relationships with others • Ability to understand and appreciate others’ perspectives • Ability to develop and maintain close and mutually satisfying relationships • Ability to manage conflict in relationships Pervasiveness, severity and chronicity of emotional, cognitive and behavioural manifestations of the personality dysfunction • Emotional manifestations • Range and appropriateness of emotional experience and expression • Tendency to be emotionally over- or underreactive • Ability to recognize and acknowledge emotions that are difficult or unwanted by the individual (e.g. anger, sadness) • Cognitive manifestations • Accuracy of situational and interpersonal appraisals, especially under stress • Ability to make appropriate decisions in situations of uncertainty • Appropriate stability and flexibility of belief systems • Behavioural manifestations • Flexibility in controlling impulses and modulating behaviour based on the situation and consideration of the consequences • Appropriateness of behavioural responses to intense emotions and stressful circumstances (e.g. propensity to self-harm or violence) The extent to which the dysfunctions in the above areas are associated with distress or impairment",
  "gloss_vi": "Personality disorders and related traits 555 • the symptoms are not due to the direct effects of a medication or substance, including withdrawal effects, and are not better accounted for by another mental disorder, a dis...",
  "source": "Everyday Essentials",
  "url": "",
  "lang": "en",
  "axes": {
    "type": [
      "clinical",
      "everyday"
    ],
    "condition": [
      "General"
    ],
    "clinical_section": [
      "risk_safety",
      "screening_cues",
      "psychoeducation"
    ],
    "life_topics": [
      "stress",
      "work",
      "relationships"
    ],
    "advice_section": [
      "work_habits"
    ],
    "audience": [],
    "risk_band": "high"
  },
  "index_text": "General — Risk Safety General — Nguy cơ An toàn Personality disorders and related traits 555 • The symptoms are not due to the direct effects of a medication or substance, including withdrawal effects, and are not better accounted for by another mental disorder, a disease of the nervous system or another medical condition. • The disturbance is associated with substantial distress or significant impairment in personal, family, social, educational, occupational or other important areas of functioning. • Personality disorder should not be diagnosed if the patterns of behaviour characterizing the personality disturbance are developmentally appropriate (e.g. problems related to establishing an independent self-identity during adolescence) or can be explained primarily by social or cultural factors, including sociopolitical conflict. Severity of personality disorder The areas of personality functioning shown in Box 6.2 should be considered in making a severity determination for individuals who meet the general diagnostic requirements for personality disorder. Box 6.2. Aspects of personality functioning that contribute to severity determination in personality disorder Degree and pervasiveness of disturbances in functioning of aspects of the self • Stability and coherence of one’s sense of identity (e.g. extent to which identity or sense of self is variable and inconsistent or overly rigid and fixed) • Ability to maintain an overall positive and stable sense of self-worth • Accuracy of one’s view of one’s characteristics, strengths, limitations • Capacity for self-direction (ability to plan, choose, and implement appropriate goals) Degree and pervasiveness of interpersonal dysfunction across various contexts and relationships (e.g. romantic relationships, school/work, parent-child, family, friendships, peer contexts) • Interest in engaging in relationships with others • Ability to understand and appreciate others’ perspectives • Ability to develop and maintain close and mutually satisfying relationships • Ability to manage conflict in relationships Pervasiveness, severity and chronicity of emotional, cognitive and behavioural manifestations of the personality dysfunction • Emotional manifestations • Range and appropriateness of emotional experience and expression • Tendency to be emotionally over- or underreactive • Ability to recognize and acknowledge emotions that are difficult or unwanted by the individual (e.g. anger, sadness) • Cognitive manifestations • Accuracy of situational and interpersonal appraisals, especially under stress • Ability to make appropriate decisions in situations of uncertainty • Appropriate stability and flexibility of belief systems • Behavioural manifestations • Flexibility in controlling impulses and modulating behaviour based on the situation and consideration of the consequences • Appropriateness of behavioural responses to intense emotions and stressful circumstances (e.g. propensity to self-harm or violence) The extent to which the dysfunctions in the above areas are associated with distress or impairment Personality disorders and related traits 555 • the symptoms are not due to the direct effects of a medication or substance, including withdrawal effects, and are not better accounted for by another mental disorder, a dis..."
}