{
  "id": "everyday#general_43dfaf0f",
  "title_en": "General — General",
  "title_vi": "General — General",
  "text_en": "Disorders due to substance use or addictive behaviours 459 Essential (required) features • A pattern of continuous, recurrent or sporadic use of a psychoactive substance that has caused clinically significant damage to a person’s physical health (e.g. bloodborne infection from intravenous self-administration) or mental health (e.g. substance-induced mood disorder), or has resulted in behaviour leading to harm to the health of others is required for diagnosis. • Harm to the health of the individual occurs due to one or more of the following: behaviour related to intoxication (see Table 6.15, p. 475); direct or secondary toxic effects on body organs and systems; or a harmful route of administration. • Harm to the health of others includes any form of physical harm, including trauma, or mental disorder that is directly attributable to behaviour related to substance intoxication on the part of the person to whom the diagnosis of harmful pattern of psychoactive substance use applies. • The pattern of use of the relevant substance is evident over a period of at least 12 months if substance use is episodic, or at least 1 month if use is continuous. • The harm to health is not better accounted for by another medical condition or another mental disorder, including another disorder due to substance use (e.g. substance withdrawal). Note: harm to the health of the person to whom the diagnosis applies includes injuries caused by behaviour related to intoxication (e.g. impulsive aggressive behaviour, psychomotor impairment leading to injury; see Table 6.15, p. 475); acute health problems resulting from substance use (e.g. overdose, acute gastritis, the effects of hypoxia or prolonged hyperactivity or inactivity), and exacerbation or decompensation of pre-existing chronic health problems (e.g. hypertension, liver disease, or peptic ulceration). Harm may also result from a harmful route of administration (e.g. injecting drug use causing bloodborne virus infections, cocaine use causing a perforated nasal septum). The relevant diagnostic codes from other ICD-11 chapters – including Chapter 22 on injury, poisoning or certain other consequences of external causes – should be used to describe the specific health consequences of the harmful substance use. Harm to the health of others includes any form of physical harm, including trauma (e.g. impaired driving causing a motor vehicle accident, assaultive behaviour leading to bodily harm to another person) or mental disorder (e.g. post-traumatic stress disorder arising from an assault by the intoxicated individual) that is directly attributable to behaviour due to substance intoxication on the part of the person to whom the diagnosis of harmful pattern of psychoactive substance use applies. Diagnostic requirements for",
  "gloss_vi": "Disorders due to substance use or addictive behaviours 459 essential (required) features • a pattern of continuous, recurrent or sporadic use of a psychoactive substance that has caused clinically significant damage to a...",
  "source": "Everyday Essentials",
  "url": "",
  "lang": "en",
  "axes": {
    "type": [
      "everyday"
    ],
    "condition": [
      "General"
    ],
    "clinical_section": [],
    "life_topics": [
      "stress"
    ],
    "advice_section": [],
    "audience": [],
    "risk_band": "low"
  },
  "index_text": "General — General General — General Disorders due to substance use or addictive behaviours 459 Essential (required) features • A pattern of continuous, recurrent or sporadic use of a psychoactive substance that has caused clinically significant damage to a person’s physical health (e.g. bloodborne infection from intravenous self-administration) or mental health (e.g. substance-induced mood disorder), or has resulted in behaviour leading to harm to the health of others is required for diagnosis. • Harm to the health of the individual occurs due to one or more of the following: behaviour related to intoxication (see Table 6.15, p. 475); direct or secondary toxic effects on body organs and systems; or a harmful route of administration. • Harm to the health of others includes any form of physical harm, including trauma, or mental disorder that is directly attributable to behaviour related to substance intoxication on the part of the person to whom the diagnosis of harmful pattern of psychoactive substance use applies. • The pattern of use of the relevant substance is evident over a period of at least 12 months if substance use is episodic, or at least 1 month if use is continuous. • The harm to health is not better accounted for by another medical condition or another mental disorder, including another disorder due to substance use (e.g. substance withdrawal). Note: harm to the health of the person to whom the diagnosis applies includes injuries caused by behaviour related to intoxication (e.g. impulsive aggressive behaviour, psychomotor impairment leading to injury; see Table 6.15, p. 475); acute health problems resulting from substance use (e.g. overdose, acute gastritis, the effects of hypoxia or prolonged hyperactivity or inactivity), and exacerbation or decompensation of pre-existing chronic health problems (e.g. hypertension, liver disease, or peptic ulceration). Harm may also result from a harmful route of administration (e.g. injecting drug use causing bloodborne virus infections, cocaine use causing a perforated nasal septum). The relevant diagnostic codes from other ICD-11 chapters – including Chapter 22 on injury, poisoning or certain other consequences of external causes – should be used to describe the specific health consequences of the harmful substance use. Harm to the health of others includes any form of physical harm, including trauma (e.g. impaired driving causing a motor vehicle accident, assaultive behaviour leading to bodily harm to another person) or mental disorder (e.g. post-traumatic stress disorder arising from an assault by the intoxicated individual) that is directly attributable to behaviour due to substance intoxication on the part of the person to whom the diagnosis of harmful pattern of psychoactive substance use applies. Diagnostic requirements for Disorders due to substance use or addictive behaviours 459 essential (required) features • a pattern of continuous, recurrent or sporadic use of a psychoactive substance that has caused clinically significant damage to a..."
}