{
  "id": "everyday#psychoeducation_a0f8f24a",
  "title_en": "General — Psychoeducation",
  "title_vi": "General — Giáo dục tâm lý",
  "text_en": "be assigned if warranted. Boundary with dysphonia Dysphonia is characterized by abnormal voice production or absences of vocal quality, pitch, loudness, resonance or duration. It can be caused by voice strain or overuse, by structural laryngeal anomalies, or by diseases of the nervous system. It may result in the distortion of speech sounds due to the abnormal voice quality. In contrast, developmental speech sound disorder involves the omission or substitution of speech sounds and also includes distortion of speech sounds (e.g. due to incorrect tongue placement) rather than abnormal voice quality characteristic of dysphonia. Boundary with dysarthria Dysarthria is a motor speech disorder directly attributable to a disease of the nervous system or to either congenital or acquired brain injury. Dysarthria is characterized by difficulties with the range, rate, force, coordination and sustainability of movements throughout the vocal tract (i.e. trunk, larynx, palate, tongue, lips, jaw and face) that are required for speech. These motor difficulties often also cause frank difficulties in eating, drinking, swallowing or saliva control. A diagnosis of developmental speech sound disorder should not be assigned in these cases. Rather, a diagnosis of secondary speech or language syndrome should be assigned in addition to the associated medical condition if the speech sound difficulties are a specific focus of clinical attention. Boundary with secondary speech or language syndrome The diagnosis of developmental speech sound disorder should not be assigned in the presence of a disease of the nervous system affecting the brain, peripheral nerves or neuromusculature (e.g. cerebral palsy, myasthenia gravis); sensory impairment (e.g. sensory neural deafness); or structural impairment (e.g. cleft palate), although speech sound production difficulties may be a presenting feature of any of these conditions. In these cases, a diagnosis of secondary speech or language syndrome should be assigned in addition to the associated medical condition if the speech sound difficulties are a specific focus of clinical attention. 6A01.1 Developmental speech fluency disorder Essential (required) features • Frequent or pervasive disruption of the normal rhythmic flow and rate of speech characterized by repetitions and prolongations in sounds, syllables, words and phrases, as well as blocking (inaudible or silent fixations or inability to initiate sounds) and word avoidance or substitutions, is required for diagnosis. • The speech dysfluency is persistent over time. • The onset of speech dysfluency occurs during the developmental period, and speech fluency is markedly below what would be expected based on age. • Speech dysfluency results in significant impairment in social communication or in personal, family, social, educational, occupational or other important areas of functioning. • The speech dysfluency is not better accounted for by a disorder of intellectual development, a disease of the nervous system, a sensory impairment or a structural abnormality. Neurodevelopmental disorders | Developmental speech and language disorders",
  "gloss_vi": "Be assigned if warranted. ranh giới with dysphonia dysphonia is characterized by abnormal voice production or absences of vocal quality, pitch, loudness, resonance or duration.",
  "source": "Everyday Essentials",
  "url": "",
  "lang": "en",
  "axes": {
    "type": [
      "clinical",
      "everyday"
    ],
    "condition": [
      "General"
    ],
    "clinical_section": [
      "psychoeducation",
      "do_not_do"
    ],
    "life_topics": [
      "study",
      "relationships"
    ],
    "advice_section": [
      "communication_tips"
    ],
    "audience": [],
    "risk_band": "low"
  },
  "index_text": "General — Psychoeducation General — Giáo dục tâm lý be assigned if warranted. Boundary with dysphonia Dysphonia is characterized by abnormal voice production or absences of vocal quality, pitch, loudness, resonance or duration. It can be caused by voice strain or overuse, by structural laryngeal anomalies, or by diseases of the nervous system. It may result in the distortion of speech sounds due to the abnormal voice quality. In contrast, developmental speech sound disorder involves the omission or substitution of speech sounds and also includes distortion of speech sounds (e.g. due to incorrect tongue placement) rather than abnormal voice quality characteristic of dysphonia. Boundary with dysarthria Dysarthria is a motor speech disorder directly attributable to a disease of the nervous system or to either congenital or acquired brain injury. Dysarthria is characterized by difficulties with the range, rate, force, coordination and sustainability of movements throughout the vocal tract (i.e. trunk, larynx, palate, tongue, lips, jaw and face) that are required for speech. These motor difficulties often also cause frank difficulties in eating, drinking, swallowing or saliva control. A diagnosis of developmental speech sound disorder should not be assigned in these cases. Rather, a diagnosis of secondary speech or language syndrome should be assigned in addition to the associated medical condition if the speech sound difficulties are a specific focus of clinical attention. Boundary with secondary speech or language syndrome The diagnosis of developmental speech sound disorder should not be assigned in the presence of a disease of the nervous system affecting the brain, peripheral nerves or neuromusculature (e.g. cerebral palsy, myasthenia gravis); sensory impairment (e.g. sensory neural deafness); or structural impairment (e.g. cleft palate), although speech sound production difficulties may be a presenting feature of any of these conditions. In these cases, a diagnosis of secondary speech or language syndrome should be assigned in addition to the associated medical condition if the speech sound difficulties are a specific focus of clinical attention. 6A01.1 Developmental speech fluency disorder Essential (required) features • Frequent or pervasive disruption of the normal rhythmic flow and rate of speech characterized by repetitions and prolongations in sounds, syllables, words and phrases, as well as blocking (inaudible or silent fixations or inability to initiate sounds) and word avoidance or substitutions, is required for diagnosis. • The speech dysfluency is persistent over time. • The onset of speech dysfluency occurs during the developmental period, and speech fluency is markedly below what would be expected based on age. • Speech dysfluency results in significant impairment in social communication or in personal, family, social, educational, occupational or other important areas of functioning. • The speech dysfluency is not better accounted for by a disorder of intellectual development, a disease of the nervous system, a sensory impairment or a structural abnormality. Neurodevelopmental disorders | Developmental speech and language disorders Be assigned if warranted. ranh giới with dysphonia dysphonia is characterized by abnormal voice production or absences of vocal quality, pitch, loudness, resonance or duration."
}