{
  "id": "everyday#psychoeducation_11948728",
  "title_en": "General — Psychoeducation",
  "title_vi": "General — Giáo dục tâm lý",
  "text_en": "3. Recommendations Recommendation (new): 3.8 Structured physical exercise should be considered to improve motor skills and functioning, including attention and executive functioning, and reduce anxiety and problem behaviours in children and adolescents with attention deficit hyperactivity disorder (ADHD). Strength of recommendation: Conditional Certainty of evidence: Very low Justification y More research is needed on digital- and virtual y Evidence was extracted from two meta-analyses: reality-based exercise programmes, particularly Sun et al., 2022 (15 RCTs) (69); and Cerrillo-Urbina et tailored low-cost app-based programmes for al., 2015 (8 RCTs) (70). promotion of physical exercise in this population. y There were large effects favouring treatment for y Research on low-intensity physical activity (e.g. developmental outcomes (motor skills; d = 0.67; movement breaks) would also help in understanding 95% CI: 0.22 to 1.12), health and well-being (anxiety; the extent to which these programmes d = 0.66; 95% CI: 0.13 to 1.18) and functional confer benefit. outcomes (attention and executive functioning; Implementation considerations d = 0.60; 95% CI: 0.11 to 1.10; and d = 1.22; 95% CI: y Both individual and group-based formats can be 0.61 to 1.82), respectively). Medium effect were considered, adjusted to the needs of the children found for problem behaviour (d = 0.24; 95% CI: 0.21 and adolescents. These may include greater use of to 0.69). written and visual information, more concrete and y Certainty of evidence was very low for all outcomes. structured approaches, providing for short breaks Remarks and involvement of a carer in treatment sessions. y Structured physical exercise included planned or y These approaches should be implemented in the purposeful sports games, aerobic exercise, cycling context of broader strategies focused on promoting and yoga. These suggested activities reflect those inclusive and enabling environments for all, reported in the literature. However, the examples including children and young people with ADHD. can be adapted to reflect those most relevant to y Make reasonable adjustments or adaptations and the local content, e.g. cycling or yoga may not be provide visual supports if useful. common activities in all settings. y Ensure that children and adolescents with ADHD y This could be completed individually or in pairs have full access to health- and social-care services, or groups. including mental health services. y Promote access to information about treatment Research gaps options suitable for the child or adolescents’ needs y Evidence was not identified in older adolescents or and developmental level, and promote supported young adults (age",
  "gloss_vi": "3. recommendations recommendation (new): 3.8 structured physical exercise should be considered to improve motor skills and functioning, including attention and executive functioning, and reduce lo âu and problem behaviou...",
  "source": "Everyday Essentials",
  "url": "",
  "lang": "en",
  "axes": {
    "type": [
      "clinical",
      "everyday"
    ],
    "condition": [
      "General"
    ],
    "clinical_section": [
      "psychoeducation"
    ],
    "life_topics": [
      "study"
    ],
    "advice_section": [
      "study_habits"
    ],
    "audience": [],
    "risk_band": "low"
  },
  "index_text": "General — Psychoeducation General — Giáo dục tâm lý 3. Recommendations Recommendation (new): 3.8 Structured physical exercise should be considered to improve motor skills and functioning, including attention and executive functioning, and reduce anxiety and problem behaviours in children and adolescents with attention deficit hyperactivity disorder (ADHD). Strength of recommendation: Conditional Certainty of evidence: Very low Justification y More research is needed on digital- and virtual y Evidence was extracted from two meta-analyses: reality-based exercise programmes, particularly Sun et al., 2022 (15 RCTs) (69); and Cerrillo-Urbina et tailored low-cost app-based programmes for al., 2015 (8 RCTs) (70). promotion of physical exercise in this population. y There were large effects favouring treatment for y Research on low-intensity physical activity (e.g. developmental outcomes (motor skills; d = 0.67; movement breaks) would also help in understanding 95% CI: 0.22 to 1.12), health and well-being (anxiety; the extent to which these programmes d = 0.66; 95% CI: 0.13 to 1.18) and functional confer benefit. outcomes (attention and executive functioning; Implementation considerations d = 0.60; 95% CI: 0.11 to 1.10; and d = 1.22; 95% CI: y Both individual and group-based formats can be 0.61 to 1.82), respectively). Medium effect were considered, adjusted to the needs of the children found for problem behaviour (d = 0.24; 95% CI: 0.21 and adolescents. These may include greater use of to 0.69). written and visual information, more concrete and y Certainty of evidence was very low for all outcomes. structured approaches, providing for short breaks Remarks and involvement of a carer in treatment sessions. y Structured physical exercise included planned or y These approaches should be implemented in the purposeful sports games, aerobic exercise, cycling context of broader strategies focused on promoting and yoga. These suggested activities reflect those inclusive and enabling environments for all, reported in the literature. However, the examples including children and young people with ADHD. can be adapted to reflect those most relevant to y Make reasonable adjustments or adaptations and the local content, e.g. cycling or yoga may not be provide visual supports if useful. common activities in all settings. y Ensure that children and adolescents with ADHD y This could be completed individually or in pairs have full access to health- and social-care services, or groups. including mental health services. y Promote access to information about treatment Research gaps options suitable for the child or adolescents’ needs y Evidence was not identified in older adolescents or and developmental level, and promote supported young adults (age 3. recommendations recommendation (new): 3.8 structured physical exercise should be considered to improve motor skills and functioning, including attention and executive functioning, and reduce lo âu and problem behaviou..."
}