{
  "id": "everyday#referral_b47fa439",
  "title_en": "General — Referral",
  "title_vi": "General — Chuyển tuyến",
  "text_en": "> 14). decision-making. y Interventions were 6–12 weeks in duration. The y Make arrangements to support children and longer-term effects of structured physical exercise adolescents and their family and carers during times are unknown. of increased need and transitions, such as puberty and starting or changing schools. 39 Mental Health Gap Action Programme (mhGAP) guideline for mental, neurological and substance use disorders Recommendation (new): 3.9 Specialized instructional techniques should be considered to improve academic performance, including writing skills, reading comprehension and maths, in children and adolescents with developmental learning disorders. Strength of recommendation: Conditional Certainty of evidence: Very low Justification y In the studies included in the meta-analyses, y Evidence was extracted from two meta-analyses: specialized instruction included many supplemental Ciullo et al., 2020 (42 studies; 24 RCTs and 18 other instructional techniques including increased group comparative designs) (71); and Jitendra et material structure and visual models, alternative or al., 2018 (19 experimental and quasi-experimental digital texts, peer-assisted learning strategies and studies) (72). other additional/supplemental materials. y There was a large effect favouring specialized Research gaps instructional techniques for functioning in academic y Limited evidence was available from LMICs. performance for writing skills (d = 0 .63; 95% CI: 0.00 y Evidence focused only on school settings and not to 1.26) and medium effects favouring treatment for on adolescents in occupational settings. Further functioning in academic performance for reading research is needed on adolescents not in education. comprehension (d = 0.33; 95% CI: 0.23 to 0.86) and mathematics (d = 0.37; 95% CI: 0.18 to 0.56). Implementation considerations y Quality of evidence was downgraded due to y Intervention sessions occurred in non-specialist inclusion of non-randomized studies in meta- school settings. Research supports delivery of analyses. specialized instruction in school settings by Remarks specialists (special education teachers/researchers) and possibly non-specialists (teacher assistants) y Participants in the primary studies included in under the supervision of specialists. the meta-analyses had a range of developmental y Instructional techniques can be used to modify learning disorders including impairment in reading, the existing curriculum or provide an alternative impairment in written expression and impairment in curriculum where appropriate. mathematics. y These approaches should be implemented in y Participants in the included studies were children the context of broader strategies focused on and adolescents who were attending primary or promoting inclusive and enabling environments secondary schools (i.e. 5- to 18-year-olds). for all, including children and young people with developmental learning disorders. 40",
  "gloss_vi": "> 14). decision-making.",
  "source": "Everyday Essentials",
  "url": "",
  "lang": "en",
  "axes": {
    "type": [
      "clinical",
      "everyday"
    ],
    "condition": [
      "General"
    ],
    "clinical_section": [
      "referral",
      "psychoeducation"
    ],
    "life_topics": [
      "study",
      "relationships"
    ],
    "advice_section": [],
    "audience": [],
    "risk_band": "low"
  },
  "index_text": "General — Referral General — Chuyển tuyến > 14). decision-making. y Interventions were 6–12 weeks in duration. The y Make arrangements to support children and longer-term effects of structured physical exercise adolescents and their family and carers during times are unknown. of increased need and transitions, such as puberty and starting or changing schools. 39 Mental Health Gap Action Programme (mhGAP) guideline for mental, neurological and substance use disorders Recommendation (new): 3.9 Specialized instructional techniques should be considered to improve academic performance, including writing skills, reading comprehension and maths, in children and adolescents with developmental learning disorders. Strength of recommendation: Conditional Certainty of evidence: Very low Justification y In the studies included in the meta-analyses, y Evidence was extracted from two meta-analyses: specialized instruction included many supplemental Ciullo et al., 2020 (42 studies; 24 RCTs and 18 other instructional techniques including increased group comparative designs) (71); and Jitendra et material structure and visual models, alternative or al., 2018 (19 experimental and quasi-experimental digital texts, peer-assisted learning strategies and studies) (72). other additional/supplemental materials. y There was a large effect favouring specialized Research gaps instructional techniques for functioning in academic y Limited evidence was available from LMICs. performance for writing skills (d = 0 .63; 95% CI: 0.00 y Evidence focused only on school settings and not to 1.26) and medium effects favouring treatment for on adolescents in occupational settings. Further functioning in academic performance for reading research is needed on adolescents not in education. comprehension (d = 0.33; 95% CI: 0.23 to 0.86) and mathematics (d = 0.37; 95% CI: 0.18 to 0.56). Implementation considerations y Quality of evidence was downgraded due to y Intervention sessions occurred in non-specialist inclusion of non-randomized studies in meta- school settings. Research supports delivery of analyses. specialized instruction in school settings by Remarks specialists (special education teachers/researchers) and possibly non-specialists (teacher assistants) y Participants in the primary studies included in under the supervision of specialists. the meta-analyses had a range of developmental y Instructional techniques can be used to modify learning disorders including impairment in reading, the existing curriculum or provide an alternative impairment in written expression and impairment in curriculum where appropriate. mathematics. y These approaches should be implemented in y Participants in the included studies were children the context of broader strategies focused on and adolescents who were attending primary or promoting inclusive and enabling environments secondary schools (i.e. 5- to 18-year-olds). for all, including children and young people with developmental learning disorders. 40 > 14). decision-making."
}