{
  "id": "everyday#do_not_do_8f284384",
  "title_en": "General — Do Not Do",
  "title_vi": "General — Do Not Do",
  "text_en": "List of categories 59 6B83 Avoidant-restrictive food intake disorder 6B84 Pica 6B85 Rumination-regurgitation disorder 6B8Y Other specified feeding or eating disorder 6B83 6B8Z Feeding or eating disorder, unspecified 6B84 Elimination disorders 6C00 Enuresis Specify night-time or daytime occurrence: 6C00.0 Nocturnal enuresis 6C00.1 Diurnal enuresis 6C00.2 Nocturnal and diurnal enuresis 6C00.Z Enuresis, unspecified 6C01 Encopresis Specify pattern of faecal soiling: 6C01.0 …with constipation and overflow incontinence 6C01.1 …without constipation and overflow incontinence 6C01.Z …unspecified 6B80 Elimination disorder, unspecified 60 Clinical Descriptions and Diagnostic Requirements for ICD-11 Mental, Behavioural or Neurodevelopmental Disorders Disorders of bodily distress or bodily experience 6C20 Bodily distress disorder Specify level of severity: 6C20.0 Mild bodily distress disorder 6C20.1 Moderate bodily distress disorder 6C20.2 Severe bodily distress disorder 6C20.Z Bodily distress disorder, unspecified 6C21 Body integrity dysphoria 6C2Y Other specified disorder of bodily distress or bodily experience 6C2Z Disorder of bodily distress or bodily experience, unspecified Disorders due to substance use and addictive behaviours Disorders due to substance use 6C41 6C40 Disorders due to use of alcohol 6C40.0 Episode of harmful use of alcohol 6C40.1 Harmful pattern of use of alcohol Specify pattern: 6C40.10 … episodic 6C40.11 … continuous 6C40.1Z … unspecified 6C40.2 Alcohol dependence Specify pattern of substance use or remission: 6C40.20 … current use, continuous 6C40.21 … current use, episodic 6C40.22 … early full remission 6C40.23 … sustained partial remission 6C40.24 … sustained full remission 6C40.2Z … unspecified",
  "gloss_vi": "List of categories 59 6b83 avoidant-restrictive food intake disorder 6b84 pica 6b85 rumination-regurgitation disorder 6b8y other specified feeding or eating disorder 6b83 6b8z feeding or eating disorder, unspecified 6b84...",
  "source": "Everyday Essentials",
  "url": "",
  "lang": "en",
  "axes": {
    "type": [
      "clinical",
      "everyday"
    ],
    "condition": [
      "General"
    ],
    "clinical_section": [
      "do_not_do"
    ],
    "life_topics": [
      "stress"
    ],
    "advice_section": [
      "work_habits"
    ],
    "audience": [],
    "risk_band": "low"
  },
  "index_text": "General — Do Not Do General — Do Not Do List of categories 59 6B83 Avoidant-restrictive food intake disorder 6B84 Pica 6B85 Rumination-regurgitation disorder 6B8Y Other specified feeding or eating disorder 6B83 6B8Z Feeding or eating disorder, unspecified 6B84 Elimination disorders 6C00 Enuresis Specify night-time or daytime occurrence: 6C00.0 Nocturnal enuresis 6C00.1 Diurnal enuresis 6C00.2 Nocturnal and diurnal enuresis 6C00.Z Enuresis, unspecified 6C01 Encopresis Specify pattern of faecal soiling: 6C01.0 …with constipation and overflow incontinence 6C01.1 …without constipation and overflow incontinence 6C01.Z …unspecified 6B80 Elimination disorder, unspecified 60 Clinical Descriptions and Diagnostic Requirements for ICD-11 Mental, Behavioural or Neurodevelopmental Disorders Disorders of bodily distress or bodily experience 6C20 Bodily distress disorder Specify level of severity: 6C20.0 Mild bodily distress disorder 6C20.1 Moderate bodily distress disorder 6C20.2 Severe bodily distress disorder 6C20.Z Bodily distress disorder, unspecified 6C21 Body integrity dysphoria 6C2Y Other specified disorder of bodily distress or bodily experience 6C2Z Disorder of bodily distress or bodily experience, unspecified Disorders due to substance use and addictive behaviours Disorders due to substance use 6C41 6C40 Disorders due to use of alcohol 6C40.0 Episode of harmful use of alcohol 6C40.1 Harmful pattern of use of alcohol Specify pattern: 6C40.10 … episodic 6C40.11 … continuous 6C40.1Z … unspecified 6C40.2 Alcohol dependence Specify pattern of substance use or remission: 6C40.20 … current use, continuous 6C40.21 … current use, episodic 6C40.22 … early full remission 6C40.23 … sustained partial remission 6C40.24 … sustained full remission 6C40.2Z … unspecified List of categories 59 6b83 avoidant-restrictive food intake disorder 6b84 pica 6b85 rumination-regurgitation disorder 6b8y other specified feeding or eating disorder 6b83 6b8z feeding or eating disorder, unspecified 6b84..."
}