{
  "id": "everyday#psychoeducation_4c1c5563",
  "title_en": "General — Psychoeducation",
  "title_vi": "General — Giáo dục tâm lý",
  "text_en": "rights at WHO, CRPD Committee and various universities. Professor Olayinka None No conflict of interest identified. Omigbodun 147 Mental Health Gap Action Programme (mhGAP) guideline for mental, neurological and substance use disorders Name and title Declaration of interest Conflict of interest and management Dr Palmira Fortunato None No conflict of interest identified. dos Santos Professor Afarin None No conflict of interest identified. Rahimi-Movaghar Professor Atif Rahman Employment at University of Liverpool, No conflict of interest identified. United Kingdom. Provided technical advice to the Human Development Research Foundation and Shifa Tameer-e- Millat University. Research funding from the National Institute of Health Research, United Kingdom; National Institute of Mental Health, USA; MRC, United Kingdom Professor Shekhar None No conflict of interest identified. Saxena Ms Charlene Sunkel None No conflict of interest identified. (member withdrew from GDG) Professor Sir Graham Board member, United for Global No conflict of interest identified. Thornicroft Mental Health. Board member, Mental Health and Human Rights (F-GIP). Board Chair, Implemental (formerly Maudsley International). Supported by the NIHR Applied Research Collaboration South London at King’s College London NHS Foundation Trust, and by the NIHR Asset Global Health Unit award. The views expressed are those of the author(s) and not necessarily those of the United Kingdom’s National Health Service (NHS), the NIHR or the Department of Health and Social Care. Supported by the Guy’s and St Thomas’ Charity for the On Trac project (EFT151101), and by the MRC in relation to the Emilia (MR/S001255/1) and Indigo Partnership (MR/R023697/1) awards. 148",
  "gloss_vi": "Rights at who, crpd committee and various universities. professor olayinka none no conflict of interest identified.",
  "source": "Everyday Essentials",
  "url": "",
  "lang": "en",
  "axes": {
    "type": [
      "clinical",
      "everyday"
    ],
    "condition": [
      "General"
    ],
    "clinical_section": [
      "psychoeducation"
    ],
    "life_topics": [
      "relationships"
    ],
    "advice_section": [
      "work_habits"
    ],
    "audience": [],
    "risk_band": "low"
  },
  "index_text": "General — Psychoeducation General — Giáo dục tâm lý rights at WHO, CRPD Committee and various universities. Professor Olayinka None No conflict of interest identified. Omigbodun 147 Mental Health Gap Action Programme (mhGAP) guideline for mental, neurological and substance use disorders Name and title Declaration of interest Conflict of interest and management Dr Palmira Fortunato None No conflict of interest identified. dos Santos Professor Afarin None No conflict of interest identified. Rahimi-Movaghar Professor Atif Rahman Employment at University of Liverpool, No conflict of interest identified. United Kingdom. Provided technical advice to the Human Development Research Foundation and Shifa Tameer-e- Millat University. Research funding from the National Institute of Health Research, United Kingdom; National Institute of Mental Health, USA; MRC, United Kingdom Professor Shekhar None No conflict of interest identified. Saxena Ms Charlene Sunkel None No conflict of interest identified. (member withdrew from GDG) Professor Sir Graham Board member, United for Global No conflict of interest identified. Thornicroft Mental Health. Board member, Mental Health and Human Rights (F-GIP). Board Chair, Implemental (formerly Maudsley International). Supported by the NIHR Applied Research Collaboration South London at King’s College London NHS Foundation Trust, and by the NIHR Asset Global Health Unit award. The views expressed are those of the author(s) and not necessarily those of the United Kingdom’s National Health Service (NHS), the NIHR or the Department of Health and Social Care. Supported by the Guy’s and St Thomas’ Charity for the On Trac project (EFT151101), and by the MRC in relation to the Emilia (MR/S001255/1) and Indigo Partnership (MR/R023697/1) awards. 148 Rights at who, crpd committee and various universities. professor olayinka none no conflict of interest identified."
}