{
  "id": "everyday#communication_tips_dda586ec",
  "title_en": "General — Communication Tips",
  "title_vi": "General — Communication Tips",
  "text_en": "by egregious acts or omissions that result in – or have significant potential to result in – negative impacts. A diagnosis of caregiver–child relationship problem is generally more appropriate for children of caregivers who are emotionally neglectful (e.g. not engaging in positive interactions with the child) but have not committed egregious acts or omissions that deprive the child or adolescent of age-appropriate care. Boundary with reactive attachment disorder and disinhibited social engagement disorder Both reactive attachment disorder and disinhibited social engagement disorder are considered to result from a history of grossly insufficient care in early childhood, including persistent disregard for the child’s basic emotional or physical needs. They can occur in the context of repeated changes of foster care or rearing in institutional settings that prevent the formation of stable selective attachments, as well as in dyadic caregiver relationships. The insufficient care would meet the diagnostic requirements for neglect and possibly also for other forms of maltreatment. Both reactive attachment disorder and disinhibited social engagement disorder are characterized by markedly abnormal attachment behaviours towards adult caregivers that are evident by the age of 5 years. In reactive attachment disorder, there is a persistent and pervasive pattern of inhibited, emotionally withdrawn behaviour, including minimal seeking of comfort when distressed and rare or minimal response to comfort when it is offered. In disinhibited social engagement disorder, there is a persistent and pervasive pattern of markedly abnormal social behaviours, in which the child displays reduced or absent reticence in approaching and interacting with unfamiliar adults. If the diagnostic requirements are met for reactive attachment disorder or disinhibited social engagement disorder, that diagnosis should be assigned. An additional diagnosis of assault by neglect or personal history of neglect may be assigned if it is relevant to the particular clinical situation. Problems in relationship between child and current former caregiver and current or past child maltreatment Problems in relationship between child and current former caregiver and current or past child maltreatment",
  "gloss_vi": "By egregious acts or omissions that result in – or have significant potential to result in – negative impacts. a diagnosis of caregiver–child relationship problem is generally more appropriate for children of caregivers ...",
  "source": "Everyday Essentials",
  "url": "",
  "lang": "en",
  "axes": {
    "type": [
      "everyday"
    ],
    "condition": [
      "General"
    ],
    "clinical_section": [],
    "life_topics": [
      "stress",
      "relationships"
    ],
    "advice_section": [
      "communication_tips"
    ],
    "audience": [],
    "risk_band": "low"
  },
  "index_text": "General — Communication Tips General — Communication Tips by egregious acts or omissions that result in – or have significant potential to result in – negative impacts. A diagnosis of caregiver–child relationship problem is generally more appropriate for children of caregivers who are emotionally neglectful (e.g. not engaging in positive interactions with the child) but have not committed egregious acts or omissions that deprive the child or adolescent of age-appropriate care. Boundary with reactive attachment disorder and disinhibited social engagement disorder Both reactive attachment disorder and disinhibited social engagement disorder are considered to result from a history of grossly insufficient care in early childhood, including persistent disregard for the child’s basic emotional or physical needs. They can occur in the context of repeated changes of foster care or rearing in institutional settings that prevent the formation of stable selective attachments, as well as in dyadic caregiver relationships. The insufficient care would meet the diagnostic requirements for neglect and possibly also for other forms of maltreatment. Both reactive attachment disorder and disinhibited social engagement disorder are characterized by markedly abnormal attachment behaviours towards adult caregivers that are evident by the age of 5 years. In reactive attachment disorder, there is a persistent and pervasive pattern of inhibited, emotionally withdrawn behaviour, including minimal seeking of comfort when distressed and rare or minimal response to comfort when it is offered. In disinhibited social engagement disorder, there is a persistent and pervasive pattern of markedly abnormal social behaviours, in which the child displays reduced or absent reticence in approaching and interacting with unfamiliar adults. If the diagnostic requirements are met for reactive attachment disorder or disinhibited social engagement disorder, that diagnosis should be assigned. An additional diagnosis of assault by neglect or personal history of neglect may be assigned if it is relevant to the particular clinical situation. Problems in relationship between child and current former caregiver and current or past child maltreatment Problems in relationship between child and current former caregiver and current or past child maltreatment By egregious acts or omissions that result in – or have significant potential to result in – negative impacts. a diagnosis of caregiver–child relationship problem is generally more appropriate for children of caregivers ..."
}