{
  "id": "everyday#risk_safety_21c325bb",
  "title_en": "General — Risk Safety",
  "title_vi": "General — Nguy cơ An toàn",
  "text_en": "72 CMH 1 CHILD & ADOLESCENT MENTAL & BEHAVIOURAL DISORDERS Assessment CMH 1 Assessment COMMON PRESENTATIONS OF CHILD & ADOLESCENT MENTAL & BEHAVIOURAL DISORDERS Child/adolescent being seen for physical complaints or a general health assessment who has: – Any of the typical presenting complaints of emotional, behavioural or developmental disorders (See Table 1) – Risk factors such as malnutrition, abuse and/or neglect, frequent illness, chronic diseases (e.g. HIV/AIDS or history of difficult birth) Carer with concerns about the child/adolescent’s: – Difficulty keeping up with peers or carrying out daily activities considered normal for age – Behaviour (e.g. too active, aggressive, having frequent and/or severe tantrums, wanting to be alone too much, refusing to do regular activities or go to school) Teacher with concerns about a child/adolescent – e.g. easily distracted, disruptive in class, often getting into trouble, difficulty completing school work Community health or social services worker with concerns about a child/adolescent – e.g. rule- or law-breaking behaviour, physical aggression at home or in the community CLINICAL TIP 1",
  "gloss_vi": "72 cmh 1 child & adolescent mental & behavioural disorders đánh giá cmh 1 đánh giá common presentations of child & adolescent mental & behavioural disorders child/adolescent being seen for physical complaints or a genera...",
  "source": "Everyday Essentials",
  "url": "",
  "lang": "en",
  "axes": {
    "type": [
      "clinical",
      "everyday"
    ],
    "condition": [
      "General"
    ],
    "clinical_section": [
      "risk_safety",
      "screening_cues"
    ],
    "life_topics": [
      "work"
    ],
    "advice_section": [],
    "audience": [],
    "risk_band": "low"
  },
  "index_text": "General — Risk Safety General — Nguy cơ An toàn 72 CMH 1 CHILD & ADOLESCENT MENTAL & BEHAVIOURAL DISORDERS Assessment CMH 1 Assessment COMMON PRESENTATIONS OF CHILD & ADOLESCENT MENTAL & BEHAVIOURAL DISORDERS Child/adolescent being seen for physical complaints or a general health assessment who has: – Any of the typical presenting complaints of emotional, behavioural or developmental disorders (See Table 1) – Risk factors such as malnutrition, abuse and/or neglect, frequent illness, chronic diseases (e.g. HIV/AIDS or history of difficult birth) Carer with concerns about the child/adolescent’s: – Difficulty keeping up with peers or carrying out daily activities considered normal for age – Behaviour (e.g. too active, aggressive, having frequent and/or severe tantrums, wanting to be alone too much, refusing to do regular activities or go to school) Teacher with concerns about a child/adolescent – e.g. easily distracted, disruptive in class, often getting into trouble, difficulty completing school work Community health or social services worker with concerns about a child/adolescent – e.g. rule- or law-breaking behaviour, physical aggression at home or in the community CLINICAL TIP 1 72 cmh 1 child & adolescent mental & behavioural disorders đánh giá cmh 1 đánh giá common presentations of child & adolescent mental & behavioural disorders child/adolescent being seen for physical complaints or a genera..."
}