{
  "id": "everyday#risk_safety_063d19a4",
  "title_en": "General — Risk Safety",
  "title_vi": "General — Nguy cơ An toàn",
  "text_en": "134 SUI 1 SELF HARM / SUICIDE Assessment 2 Is there an imminent risk of self-harm/suicide? Ask the person and carers if there are ANY of the following: – Current thoughts or plan of self-harm/suicide – History of thoughts or plan of self-harm in the past month or act of self-harm in the past year in a person who is now extremely agitated, violent, distressed or lacks communication IMMINENT RISK OF SELF-HARM/SUICIDE is likely G o to PROTOCOL 2, manage, and then continue to STEP 3 3 Is there a history of thoughts or plan of self-harm in the past month or act of self-harm in the past year? Imminent risk of self-harm/suicide is unlikely, but a risk may still persist. G o to PROTOCOL 3, manage, Risk of self-harm/suicide is unlikely. and then continue to STEP 33 3 Does the person have concurrent MNS conditions? – Depression – Child & adolescent mental – Psychoses – Disorders due to substance use and behavioral disorders – Epilepsy M anage the concurrent conditions. See relevant modules. 4 Does the person have chronic pain? M anage the pain and treat any relevant medical conditions. 5 Does the person have emotional symptoms severe enough to warrant clinical management? – Difficulty carrying out usual work, school, – Repeated self-medication for emotional – Marked distress or repeated help-seeking domestic or social activities distress, or unexplained physical symptoms Manage the emotional symptoms. Go to SUI 3 (Follow-up) Go to OTH SELF-HARM /SUICIDE 135",
  "gloss_vi": "134 sui 1 self harm / tự sát đánh giá 2 is there an imminent nguy cơ of tự hại/tự sát? ask the person and carers if there are any of the following: – current thoughts or plan of tự hại/tự sát – history of thoughts or pla...",
  "source": "Everyday Essentials",
  "url": "",
  "lang": "en",
  "axes": {
    "type": [
      "clinical",
      "everyday"
    ],
    "condition": [
      "General"
    ],
    "clinical_section": [
      "risk_safety",
      "screening_cues",
      "referral"
    ],
    "life_topics": [
      "stress",
      "work"
    ],
    "advice_section": [],
    "audience": [],
    "risk_band": "high"
  },
  "index_text": "General — Risk Safety General — Nguy cơ An toàn 134 SUI 1 SELF HARM / SUICIDE Assessment 2 Is there an imminent risk of self-harm/suicide? Ask the person and carers if there are ANY of the following: – Current thoughts or plan of self-harm/suicide – History of thoughts or plan of self-harm in the past month or act of self-harm in the past year in a person who is now extremely agitated, violent, distressed or lacks communication IMMINENT RISK OF SELF-HARM/SUICIDE is likely G o to PROTOCOL 2, manage, and then continue to STEP 3 3 Is there a history of thoughts or plan of self-harm in the past month or act of self-harm in the past year? Imminent risk of self-harm/suicide is unlikely, but a risk may still persist. G o to PROTOCOL 3, manage, Risk of self-harm/suicide is unlikely. and then continue to STEP 33 3 Does the person have concurrent MNS conditions? – Depression – Child & adolescent mental – Psychoses – Disorders due to substance use and behavioral disorders – Epilepsy M anage the concurrent conditions. See relevant modules. 4 Does the person have chronic pain? M anage the pain and treat any relevant medical conditions. 5 Does the person have emotional symptoms severe enough to warrant clinical management? – Difficulty carrying out usual work, school, – Repeated self-medication for emotional – Marked distress or repeated help-seeking domestic or social activities distress, or unexplained physical symptoms Manage the emotional symptoms. Go to SUI 3 (Follow-up) Go to OTH SELF-HARM /SUICIDE 135 134 sui 1 self harm / tự sát đánh giá 2 is there an imminent nguy cơ of tự hại/tự sát? ask the person and carers if there are any of the following: – current thoughts or plan of tự hại/tự sát – history of thoughts or pla..."
}