{
  "id": "everyday#communication_tips_a9285139",
  "title_en": "General — Communication Tips",
  "title_vi": "General — Communication Tips",
  "text_en": "disorder, mood disorders, impulse control disorders, and disruptive behaviour and dissocial disorders. Impulse control disorders | Pyromania Impulse control disorders 521 Boundary with normality (threshold) • Intentional fire setting can occur for a variety of reasons. Individuals may set fires for profit or to conceal a crime, as an act of revenge, to commit sabotage or make a political statement, or to attract recognition (e.g. deliberately setting a fire to then be the first one to discover it and put it out). Moreover, interest in fires is typical during early childhood, and young children may accidentally or intentionally set fires as a part of developmental experimentation (e.g. playing with matches, lighters, fire). A diagnosis of pyromania is not appropriate in such cases. Course features • Although the longitudinal course is unknown, pyromania appears to be chronic if untreated. • Among individuals with pyromania, fire-setting events tend to be episodic, to wax and wane over time, and progressively to become more frequent and intense. Developmental presentations • The typical age of onset has not yet been definitively established, but current evidence suggests that most fire-setting behaviour begins during adolescence or early adulthood. • Prevalence rates of pyromania, as distinct from fire setting and arson, suggest that the disorder is rare, particularly among children. In contrast, interest in fires among young children is common, and children may set fires accidentally (e.g. playing with matches) or purposefully without having the additional required diagnostic features of pyromania. A diagnosis of pyromania is not appropriate under these circumstances. However, fire- setting behaviour among children and adolescents is a significant problem, as nearly half of arson arrests are among young people below the age of 18 years. Lifetime prevalence of fire setting among adults is estimated at 1.13%, and is lowest among older adults. • Limited information about the presentation of pyromania in adolescents is available, making it difficult to determine whether it is similar to the adult presentation of the disorder. The rising tension and relief reported among adults has not been as clearly documented among young people. Impulse control disorders | Pyromania",
  "gloss_vi": "Disorder, mood disorders, impulse control disorders, and disruptive behaviour and dissocial disorders. impulse control disorders | pyromania impulse control disorders 521 ranh giới with normality (threshold) • intentiona...",
  "source": "Everyday Essentials",
  "url": "",
  "lang": "en",
  "axes": {
    "type": [
      "everyday"
    ],
    "condition": [
      "General"
    ],
    "clinical_section": [],
    "life_topics": [
      "stress",
      "relationships"
    ],
    "advice_section": [
      "communication_tips",
      "work_habits"
    ],
    "audience": [],
    "risk_band": "low"
  },
  "index_text": "General — Communication Tips General — Communication Tips disorder, mood disorders, impulse control disorders, and disruptive behaviour and dissocial disorders. Impulse control disorders | Pyromania Impulse control disorders 521 Boundary with normality (threshold) • Intentional fire setting can occur for a variety of reasons. Individuals may set fires for profit or to conceal a crime, as an act of revenge, to commit sabotage or make a political statement, or to attract recognition (e.g. deliberately setting a fire to then be the first one to discover it and put it out). Moreover, interest in fires is typical during early childhood, and young children may accidentally or intentionally set fires as a part of developmental experimentation (e.g. playing with matches, lighters, fire). A diagnosis of pyromania is not appropriate in such cases. Course features • Although the longitudinal course is unknown, pyromania appears to be chronic if untreated. • Among individuals with pyromania, fire-setting events tend to be episodic, to wax and wane over time, and progressively to become more frequent and intense. Developmental presentations • The typical age of onset has not yet been definitively established, but current evidence suggests that most fire-setting behaviour begins during adolescence or early adulthood. • Prevalence rates of pyromania, as distinct from fire setting and arson, suggest that the disorder is rare, particularly among children. In contrast, interest in fires among young children is common, and children may set fires accidentally (e.g. playing with matches) or purposefully without having the additional required diagnostic features of pyromania. A diagnosis of pyromania is not appropriate under these circumstances. However, fire- setting behaviour among children and adolescents is a significant problem, as nearly half of arson arrests are among young people below the age of 18 years. Lifetime prevalence of fire setting among adults is estimated at 1.13%, and is lowest among older adults. • Limited information about the presentation of pyromania in adolescents is available, making it difficult to determine whether it is similar to the adult presentation of the disorder. The rising tension and relief reported among adults has not been as clearly documented among young people. Impulse control disorders | Pyromania Disorder, mood disorders, impulse control disorders, and disruptive behaviour and dissocial disorders. impulse control disorders | pyromania impulse control disorders 521 ranh giới with normality (threshold) • intentiona..."
}