{
  "id": "everyday#psychoeducation_1eefde18",
  "title_en": "General — Psychoeducation",
  "title_vi": "General — Giáo dục tâm lý",
  "text_en": "QE51.10 History of spouse or partner violence, physical 714 PJ21 Sexual maltreatment, spouse or partner, or QE51.12 History of spouse or partner violence, sexual 716 PJ22 Psychological maltreatment, spouse or partner, or QE51.11 History of spouse or partner violence, psychological 717 PF1B Assault by neglect or QE51.13 History of spouse or partner violence, neglect 719 Problems in relationship between child and current or former caregiver and current or past child maltreatment 720 QE52.0 Caregiver–child relationship problem 721 PJ20 Physical maltreatment of child or QE82.0 Personal history of physical abuse as a child 723 PJ21 Sexual maltreatment of child or QE82.1 Personal history of sexual abuse as child 725 PJ22 Psychological maltreatment of child or QE82.2 Personal history of psychological abuse as child 727 PF1B Assault by neglect or QE82.3 Personal history of neglect as a child 729 Factors influencing health status or contact with health services particularly relevant to mental health services 733 Reasons for contact with mental health services 734 Problems associated with relationships 734 Problems associated with absence, loss or death of others 735 Problems related to primary support group, including family circumstances 736 Problems associated with upbringing 737 Problems associated with harmful or traumatic events 738 Problems associated with social or cultural environment 739 Problems associated with employment or unemployment 740 Problems associated with education 741 Other reasons for contact with mental health services 741 Problems associated with health behaviours 742 Contact with health services for counselling 745 Contact with health services for reasons associated with reproduction 747 Problems associated with social insurance or welfare 747",
  "gloss_vi": "Qe51.10 history of spouse or partner violence, physical 714 pj21 sexual maltreatment, spouse or partner, or qe51.12 history of spouse or partner violence, sexual 716 pj22 psychological maltreatment, spouse or partner, or...",
  "source": "Everyday Essentials",
  "url": "",
  "lang": "en",
  "axes": {
    "type": [
      "clinical",
      "everyday"
    ],
    "condition": [
      "General"
    ],
    "clinical_section": [
      "psychoeducation"
    ],
    "life_topics": [
      "relationships",
      "grief"
    ],
    "advice_section": [],
    "audience": [],
    "risk_band": "low"
  },
  "index_text": "General — Psychoeducation General — Giáo dục tâm lý QE51.10 History of spouse or partner violence, physical 714 PJ21 Sexual maltreatment, spouse or partner, or QE51.12 History of spouse or partner violence, sexual 716 PJ22 Psychological maltreatment, spouse or partner, or QE51.11 History of spouse or partner violence, psychological 717 PF1B Assault by neglect or QE51.13 History of spouse or partner violence, neglect 719 Problems in relationship between child and current or former caregiver and current or past child maltreatment 720 QE52.0 Caregiver–child relationship problem 721 PJ20 Physical maltreatment of child or QE82.0 Personal history of physical abuse as a child 723 PJ21 Sexual maltreatment of child or QE82.1 Personal history of sexual abuse as child 725 PJ22 Psychological maltreatment of child or QE82.2 Personal history of psychological abuse as child 727 PF1B Assault by neglect or QE82.3 Personal history of neglect as a child 729 Factors influencing health status or contact with health services particularly relevant to mental health services 733 Reasons for contact with mental health services 734 Problems associated with relationships 734 Problems associated with absence, loss or death of others 735 Problems related to primary support group, including family circumstances 736 Problems associated with upbringing 737 Problems associated with harmful or traumatic events 738 Problems associated with social or cultural environment 739 Problems associated with employment or unemployment 740 Problems associated with education 741 Other reasons for contact with mental health services 741 Problems associated with health behaviours 742 Contact with health services for counselling 745 Contact with health services for reasons associated with reproduction 747 Problems associated with social insurance or welfare 747 Qe51.10 history of spouse or partner violence, physical 714 pj21 sexual maltreatment, spouse or partner, or qe51.12 history of spouse or partner violence, sexual 716 pj22 psychological maltreatment, spouse or partner, or..."
}