{
  "id": "everyday#do_not_do_a96d8896",
  "title_en": "General — Do Not Do",
  "title_vi": "General — Do Not Do",
  "text_en": "Elimination disorders 425 Specifiers for the presence of constipation and overflow 6C01.0 Encopresis with constipation and overflow incontinence • Encopresis with constipation and overflow incontinence is the most common form of faecal soiling, and is characterized by retention and impaction of faeces. Stools are typically – but not always – poorly formed (loose or liquid), and leakage may range from occasional to continuous. • There is often a history of toilet avoidance leading to constipation. 6C01.1 Encopresis without constipation and overflow incontinence • Encopresis without constipation and overflow incontinence is not associated with retention and impaction of faeces but rather is characterized by reluctance, resistance or failure to conform to social norms in defecating in acceptable places in the context of normal physiological control over defecation. • Stools are typically of normal consistency, and inappropriate defecation is likely to be intermittent. 6C01.Z Encopresis, unspecified Additional clinical features • Encopresis is most often involuntary but, in some cases, may appear to be voluntary. The diagnosis can be assigned in either case. Involuntary passage of faeces is most often associated with encopresis with constipation and overflow incontinence. • Encopresis that is intentional may be associated with oppositional defiant disorder or conduct-dissocial disorder. • Stool withholding, or retentive behaviours, may be the result of avoidance of bowel movements, especially in those individuals with a history of difficulty or pain in passing stools. Individuals with chronic constipation and stool retention may go on to develop acquired megacolon. • Specific phobias or social anxiety disorder (e.g. fear of using public bathrooms) may also contribute to retentive behaviours. • Encopresis is common among individuals with disorders of intellectual development. The diagnosis should only be assigned if all diagnostic requirements are met, and",
  "gloss_vi": "Elimination disorders 425 specifiers for the presence of constipation and overflow 6c01.0 encopresis with constipation and overflow incontinence • encopresis with constipation and overflow incontinence is the most common...",
  "source": "Everyday Essentials",
  "url": "",
  "lang": "en",
  "axes": {
    "type": [
      "clinical"
    ],
    "condition": [
      "General"
    ],
    "clinical_section": [
      "do_not_do"
    ],
    "life_topics": [],
    "advice_section": [],
    "audience": [],
    "risk_band": "low"
  },
  "index_text": "General — Do Not Do General — Do Not Do Elimination disorders 425 Specifiers for the presence of constipation and overflow 6C01.0 Encopresis with constipation and overflow incontinence • Encopresis with constipation and overflow incontinence is the most common form of faecal soiling, and is characterized by retention and impaction of faeces. Stools are typically – but not always – poorly formed (loose or liquid), and leakage may range from occasional to continuous. • There is often a history of toilet avoidance leading to constipation. 6C01.1 Encopresis without constipation and overflow incontinence • Encopresis without constipation and overflow incontinence is not associated with retention and impaction of faeces but rather is characterized by reluctance, resistance or failure to conform to social norms in defecating in acceptable places in the context of normal physiological control over defecation. • Stools are typically of normal consistency, and inappropriate defecation is likely to be intermittent. 6C01.Z Encopresis, unspecified Additional clinical features • Encopresis is most often involuntary but, in some cases, may appear to be voluntary. The diagnosis can be assigned in either case. Involuntary passage of faeces is most often associated with encopresis with constipation and overflow incontinence. • Encopresis that is intentional may be associated with oppositional defiant disorder or conduct-dissocial disorder. • Stool withholding, or retentive behaviours, may be the result of avoidance of bowel movements, especially in those individuals with a history of difficulty or pain in passing stools. Individuals with chronic constipation and stool retention may go on to develop acquired megacolon. • Specific phobias or social anxiety disorder (e.g. fear of using public bathrooms) may also contribute to retentive behaviours. • Encopresis is common among individuals with disorders of intellectual development. The diagnosis should only be assigned if all diagnostic requirements are met, and Elimination disorders 425 specifiers for the presence of constipation and overflow 6c01.0 encopresis with constipation and overflow incontinence • encopresis with constipation and overflow incontinence is the most common..."
}