{
  "id": "everyday#referral_f4bbdbcd",
  "title_en": "General — Referral",
  "title_vi": "General — Chuyển tuyến",
  "text_en": "& ADOLESCENT MENTAL & BEHAVIOURAL DISORDERS Management PROTOCOL PROTOCOL PROTOCOL 4 5 6 Conduct Disorder Problems with Emotions Emotional Disorder or Depression » » » Provide guidance on child/adolescent well-being. (2.1) Provide guidance on child/adolescent well-being. (2.1) DO NOT consider pharmacological treatment » » as first line treatment. Provide psychoeducation to person and carers and Provide psychoeducation to the person and carers parenting advice. (2.2) and advice on parenting. (2.2) » DO NOT prescribe pharmacological treatment » » for children younger than 12 years. Provide guidance on improving behaviour. (2.3) Assess for and manage stressors, reduce stress and » strengthen social supports. Provide guidance on child/adolescent well-being. (2.1) » Assess for and manage stressors, and strengthen » » social supports. Liaise with teachers and other school staff. (2.7) Provide psychoeducation to the person and carers. » » (2.2 and 2.5) Provide carer support. (2.6) Link with other available resources in the » community. Provide carer support. (2.6) » Liaise with teachers and other school staff. (2.7) » Liaise with teachers and other school staff. (2.7) » Consider Parent Skills Training when available. (2.8) » Link with other available resources in the community. » Link with other available resources in the community. » Assess for and manage stressors, reduce stress and » Ensure appropriate follow-up every three months strengthen social supports. or more, if needed. » Consider Parent Skills Training when available. (2.8) » Consider behavioural interventions when available. (2.8) » Consider referral for behavioural intervention or » D O NOT offer pharmacological treatment. interpersonal therapy. » When psychological interventions prove ineffective, consult a specialist for Fluoxetine (no other SSRIs or » TCAs). Go to DEP for medication details. » Ensure appropriate follow-up once a month or more, if needed.",
  "gloss_vi": "& adolescent mental & behavioural disorders management protocol protocol protocol 4 5 6 conduct disorder problems with emotions emotional disorder or trầm cảm » » » provide guidance on child/adolescent well-being. (2.1) ...",
  "source": "Everyday Essentials",
  "url": "",
  "lang": "en",
  "axes": {
    "type": [
      "clinical",
      "everyday"
    ],
    "condition": [
      "General"
    ],
    "clinical_section": [
      "referral",
      "psychoeducation",
      "do_not_do"
    ],
    "life_topics": [
      "stress"
    ],
    "advice_section": [],
    "audience": [],
    "risk_band": "low"
  },
  "index_text": "General — Referral General — Chuyển tuyến & ADOLESCENT MENTAL & BEHAVIOURAL DISORDERS Management PROTOCOL PROTOCOL PROTOCOL 4 5 6 Conduct Disorder Problems with Emotions Emotional Disorder or Depression » » » Provide guidance on child/adolescent well-being. (2.1) Provide guidance on child/adolescent well-being. (2.1) DO NOT consider pharmacological treatment » » as first line treatment. Provide psychoeducation to person and carers and Provide psychoeducation to the person and carers parenting advice. (2.2) and advice on parenting. (2.2) » DO NOT prescribe pharmacological treatment » » for children younger than 12 years. Provide guidance on improving behaviour. (2.3) Assess for and manage stressors, reduce stress and » strengthen social supports. Provide guidance on child/adolescent well-being. (2.1) » Assess for and manage stressors, and strengthen » » social supports. Liaise with teachers and other school staff. (2.7) Provide psychoeducation to the person and carers. » » (2.2 and 2.5) Provide carer support. (2.6) Link with other available resources in the » community. Provide carer support. (2.6) » Liaise with teachers and other school staff. (2.7) » Liaise with teachers and other school staff. (2.7) » Consider Parent Skills Training when available. (2.8) » Link with other available resources in the community. » Link with other available resources in the community. » Assess for and manage stressors, reduce stress and » Ensure appropriate follow-up every three months strengthen social supports. or more, if needed. » Consider Parent Skills Training when available. (2.8) » Consider behavioural interventions when available. (2.8) » Consider referral for behavioural intervention or » D O NOT offer pharmacological treatment. interpersonal therapy. » When psychological interventions prove ineffective, consult a specialist for Fluoxetine (no other SSRIs or » TCAs). Go to DEP for medication details. » Ensure appropriate follow-up once a month or more, if needed. & adolescent mental & behavioural disorders management protocol protocol protocol 4 5 6 conduct disorder problems with emotions emotional disorder or trầm cảm » » » provide guidance on child/adolescent well-being. (2.1) ..."
}