{
  "id": "everyday#risk_safety_282665e6",
  "title_en": "General — Risk Safety",
  "title_vi": "General — Nguy cơ An toàn",
  "text_en": "16 Overview of Priority MNS Conditions 1. These common presentations indicate the need for assessment. 2. If people present with features of more than one condition, then all relevant conditions need to be assessed. 3. All conditions apply to all ages, unless otherwise specified. 4. For emergency presentations, please see the table on . COMMON PRESENTATION PRIORITY CONDITION Multiple persistent physical symptoms with no clear cause Low energy, fatigue, sleep problems DEPRESSION (DEP) Persistent sadness or depressed mood, anxiety Loss of interest or pleasure in activities that are normally pleasurable Marked behavioural changes; neglecting usual responsibilities related to work, school, domestic or social activities Agitated, aggressive behavior, decreased or increased activity PSYCHOSES (PSY) Fixed false beliefs not shared by others in the person’s culture Hearing voices or seeing things that are not there Lack of realization that one is having mental health problems Convulsive movement or fits/seizures During the convulsion: loss of consciousness or impaired consciousness, stiffness, EPILEPSY (EPI) rigidity, tongue bite, injury, incontinence of urine or faeces After the convulsion: fatigue, drowsiness, sleepiness, confusion, abnormal behaviour, headache, muscle aches, or weakness on one side of the body Child/adolescent being seen for physical complaints or Behaviour (e.g. too active, aggressive, having frequent a general health assessment who has: and/or severe tantrums, wanting to be alone too much, refusing to do regular activities or go to school) Problem with development, emotions or behaviour CHILD & ADOLESCENT (e.g. inattention, over-activity, or repeated defiant, Teacher with concerns about a child/adolescent disobedient and aggressive behaviour) MENTAL & BEHAVIOURAL e.g. easily distracted, disruptive in class, often getting Risk factors such as malnutrition, abuse and/or neglect, frequent into trouble, difficulty completing school work DISORDERS (CMH) illness, chronic diseases (e.g. HIV/AIDS or history of difficult birth) Community health or social services worker with Carer with concerns about the child/adolescent’s: concerns about a",
  "gloss_vi": "16 overview of priority mns conditions 1. these common presentations indicate the need for đánh giá.",
  "source": "Everyday Essentials",
  "url": "",
  "lang": "en",
  "axes": {
    "type": [
      "clinical",
      "everyday"
    ],
    "condition": [
      "General"
    ],
    "clinical_section": [
      "risk_safety",
      "screening_cues"
    ],
    "life_topics": [
      "sleep",
      "work",
      "grief"
    ],
    "advice_section": [
      "work_habits"
    ],
    "audience": [],
    "risk_band": "low"
  },
  "index_text": "General — Risk Safety General — Nguy cơ An toàn 16 Overview of Priority MNS Conditions 1. These common presentations indicate the need for assessment. 2. If people present with features of more than one condition, then all relevant conditions need to be assessed. 3. All conditions apply to all ages, unless otherwise specified. 4. For emergency presentations, please see the table on . COMMON PRESENTATION PRIORITY CONDITION Multiple persistent physical symptoms with no clear cause Low energy, fatigue, sleep problems DEPRESSION (DEP) Persistent sadness or depressed mood, anxiety Loss of interest or pleasure in activities that are normally pleasurable Marked behavioural changes; neglecting usual responsibilities related to work, school, domestic or social activities Agitated, aggressive behavior, decreased or increased activity PSYCHOSES (PSY) Fixed false beliefs not shared by others in the person’s culture Hearing voices or seeing things that are not there Lack of realization that one is having mental health problems Convulsive movement or fits/seizures During the convulsion: loss of consciousness or impaired consciousness, stiffness, EPILEPSY (EPI) rigidity, tongue bite, injury, incontinence of urine or faeces After the convulsion: fatigue, drowsiness, sleepiness, confusion, abnormal behaviour, headache, muscle aches, or weakness on one side of the body Child/adolescent being seen for physical complaints or Behaviour (e.g. too active, aggressive, having frequent a general health assessment who has: and/or severe tantrums, wanting to be alone too much, refusing to do regular activities or go to school) Problem with development, emotions or behaviour CHILD & ADOLESCENT (e.g. inattention, over-activity, or repeated defiant, Teacher with concerns about a child/adolescent disobedient and aggressive behaviour) MENTAL & BEHAVIOURAL e.g. easily distracted, disruptive in class, often getting Risk factors such as malnutrition, abuse and/or neglect, frequent into trouble, difficulty completing school work DISORDERS (CMH) illness, chronic diseases (e.g. HIV/AIDS or history of difficult birth) Community health or social services worker with Carer with concerns about the child/adolescent’s: concerns about a 16 overview of priority mns conditions 1. these common presentations indicate the need for đánh giá."
}