{
  "id": "everyday#communication_tips_a9e82e34",
  "title_en": "General — Communication Tips",
  "title_vi": "General — Communication Tips",
  "text_en": "consent of the individual involved. Paraphilic disorders | Frotteuristic disorder 584 Clinical Descriptions and Diagnostic Requirements for ICD-11 Mental, Behavioural or Neurodevelopmental Disorders Course features • Individuals with frotteuristic disorder often report the onset of frotteuristic sexual interest during adolescence. • Frotteuristic disorder is relatively stable after young adulthood, but sexual thoughts, fantasies, urges and behaviours may change over time, such that an individual who was assigned a diagnosis of frotteuristic disorder no longer meets the diagnostic requirements. Developmental presentations • Advancing age may be associated with decreasing paraphilic sexual arousal and decreasing behavioural manifestations of frotteuristic disorder due to increased impulse control and decreased sexual drive. Sex- and/or gender-related features • Frotteuristic disorder is much more prevalent among men. Boundaries with other disorders and conditions (differential diagnosis) Boundary with compulsive sexual behaviour disorder Both frotteuristic disorder and compulsive sexual behaviour disorder may involve repetitive sexual impulses, urges or behaviours that result in marked distress or impairment. Frotteuristic disorder is characterized by sexual impulses, urges or behaviours that are manifestations of a sustained, focused and intense pattern of sexual arousal that involves touching or rubbing against a non-consenting person. In contrast, compulsive sexual behaviour disorder is characterized by a persistent pattern of failure to control sexual impulses, urges or behaviours, regardless of the focus of sexual arousal. If an individual with frotteuristic disorder is able to exercise some degree of control over the behavioural expressions of the arousal pattern, an additional diagnosis of compulsive sexual behavioural disorder is generally not warranted. Boundary with disorders due to substance use Episodes of impulsive or disinhibited sexual behaviour, including frotteuristic behaviour, may occur during substance intoxication. Such episodes may not be a manifestation of a sustained, focused and intense sexual arousal pattern. At the same time, some individuals with frotteuristic Paraphilic disorders | Frotteuristic disorder",
  "gloss_vi": "Consent of the individual involved. paraphilic disorders | frotteuristic disorder 584 clinical descriptions and diagnostic requirements for icd-11 mental, behavioural or neurodevelopmental disorders course features • ind...",
  "source": "Everyday Essentials",
  "url": "",
  "lang": "en",
  "axes": {
    "type": [
      "everyday"
    ],
    "condition": [
      "General"
    ],
    "clinical_section": [],
    "life_topics": [
      "stress",
      "study",
      "relationships"
    ],
    "advice_section": [
      "communication_tips",
      "work_habits"
    ],
    "audience": [],
    "risk_band": "low"
  },
  "index_text": "General — Communication Tips General — Communication Tips consent of the individual involved. Paraphilic disorders | Frotteuristic disorder 584 Clinical Descriptions and Diagnostic Requirements for ICD-11 Mental, Behavioural or Neurodevelopmental Disorders Course features • Individuals with frotteuristic disorder often report the onset of frotteuristic sexual interest during adolescence. • Frotteuristic disorder is relatively stable after young adulthood, but sexual thoughts, fantasies, urges and behaviours may change over time, such that an individual who was assigned a diagnosis of frotteuristic disorder no longer meets the diagnostic requirements. Developmental presentations • Advancing age may be associated with decreasing paraphilic sexual arousal and decreasing behavioural manifestations of frotteuristic disorder due to increased impulse control and decreased sexual drive. Sex- and/or gender-related features • Frotteuristic disorder is much more prevalent among men. Boundaries with other disorders and conditions (differential diagnosis) Boundary with compulsive sexual behaviour disorder Both frotteuristic disorder and compulsive sexual behaviour disorder may involve repetitive sexual impulses, urges or behaviours that result in marked distress or impairment. Frotteuristic disorder is characterized by sexual impulses, urges or behaviours that are manifestations of a sustained, focused and intense pattern of sexual arousal that involves touching or rubbing against a non-consenting person. In contrast, compulsive sexual behaviour disorder is characterized by a persistent pattern of failure to control sexual impulses, urges or behaviours, regardless of the focus of sexual arousal. If an individual with frotteuristic disorder is able to exercise some degree of control over the behavioural expressions of the arousal pattern, an additional diagnosis of compulsive sexual behavioural disorder is generally not warranted. Boundary with disorders due to substance use Episodes of impulsive or disinhibited sexual behaviour, including frotteuristic behaviour, may occur during substance intoxication. Such episodes may not be a manifestation of a sustained, focused and intense sexual arousal pattern. At the same time, some individuals with frotteuristic Paraphilic disorders | Frotteuristic disorder Consent of the individual involved. paraphilic disorders | frotteuristic disorder 584 clinical descriptions and diagnostic requirements for icd-11 mental, behavioural or neurodevelopmental disorders course features • ind..."
}