{
  "id": "everyday#general_b6160927",
  "title_en": "General — General",
  "title_vi": "General — General",
  "text_en": "List of categories 55 6B25.Y Other specified body-focused repetitive behaviour disorder 6B25.Z Body-focused repetitive behaviour disorder, unspecified 6B2Y Other specified obsessive-compulsive or related disorder 6B2Z Obsessive-compulsive or related disorder, unspecified Secondary-parented categories From Chapter 8 on diseases of the nervous system: 8A05.00 Tourette syndrome From disorders due to substance use: Substance-induced obsessive-compulsive and related disorders Specify substance class: 6C45.72 Cocaine-induced obsessive-compulsive or related disorder 6C46.72 Stimulant-induced obsessive-compulsive or related disorder, including amfetamines, methamfetamine and methcathinone 6C47.72 Synthetic cathinone-induced obsessive-compulsive or related syndrome 6C4E.72 Obsessive-compulsive or related disorder induced by other specified psychoactive substance 6C4F.72 Obsessive-compulsive or related disorder induced by multiple specified psychoactive substances 6C4G.72 Obsessive-compulsive or related disorder induced by unknown or unspecified psychoactive substances From secondary mental or behavioural syndromes associated with disorders and diseases classified elsewhere: 6E64 Secondary obsessive-compulsive or related syndrome 56 Clinical Descriptions and Diagnostic Requirements for ICD-11 Mental, Behavioural or Neurodevelopmental Disorders Disorders specifically associated with stress 6B40 Post-traumatic stress disorder 6B41 Complex post-traumatic stress disorder 6B42 Prolonged grief disorder 6B43 Adjustment disorder 6B44 Reactive attachment disorder 6B45 Disinhibited social engagement disorder 6B4Y Other specified disorder specifically associated with stress 6B4Z Disorder specifically associated with stress, unspecified Secondary-parented category From Chapter 21 on factors influencing health status or contact with health services QE84 Acute stress reaction 6B64 6B65",
  "gloss_vi": "List of categories 55 6b25.y other specified body-focused repetitive behaviour disorder 6b25.z body-focused repetitive behaviour disorder, unspecified 6b2y other specified obsessive-compulsive or related disorder 6b2z ob...",
  "source": "Everyday Essentials",
  "url": "",
  "lang": "en",
  "axes": {
    "type": [
      "everyday"
    ],
    "condition": [
      "General"
    ],
    "clinical_section": [],
    "life_topics": [
      "stress",
      "study",
      "grief"
    ],
    "advice_section": [],
    "audience": [],
    "risk_band": "low"
  },
  "index_text": "General — General General — General List of categories 55 6B25.Y Other specified body-focused repetitive behaviour disorder 6B25.Z Body-focused repetitive behaviour disorder, unspecified 6B2Y Other specified obsessive-compulsive or related disorder 6B2Z Obsessive-compulsive or related disorder, unspecified Secondary-parented categories From Chapter 8 on diseases of the nervous system: 8A05.00 Tourette syndrome From disorders due to substance use: Substance-induced obsessive-compulsive and related disorders Specify substance class: 6C45.72 Cocaine-induced obsessive-compulsive or related disorder 6C46.72 Stimulant-induced obsessive-compulsive or related disorder, including amfetamines, methamfetamine and methcathinone 6C47.72 Synthetic cathinone-induced obsessive-compulsive or related syndrome 6C4E.72 Obsessive-compulsive or related disorder induced by other specified psychoactive substance 6C4F.72 Obsessive-compulsive or related disorder induced by multiple specified psychoactive substances 6C4G.72 Obsessive-compulsive or related disorder induced by unknown or unspecified psychoactive substances From secondary mental or behavioural syndromes associated with disorders and diseases classified elsewhere: 6E64 Secondary obsessive-compulsive or related syndrome 56 Clinical Descriptions and Diagnostic Requirements for ICD-11 Mental, Behavioural or Neurodevelopmental Disorders Disorders specifically associated with stress 6B40 Post-traumatic stress disorder 6B41 Complex post-traumatic stress disorder 6B42 Prolonged grief disorder 6B43 Adjustment disorder 6B44 Reactive attachment disorder 6B45 Disinhibited social engagement disorder 6B4Y Other specified disorder specifically associated with stress 6B4Z Disorder specifically associated with stress, unspecified Secondary-parented category From Chapter 21 on factors influencing health status or contact with health services QE84 Acute stress reaction 6B64 6B65 List of categories 55 6b25.y other specified body-focused repetitive behaviour disorder 6b25.z body-focused repetitive behaviour disorder, unspecified 6b2y other specified obsessive-compulsive or related disorder 6b2z ob..."
}