{
  "id": "everyday#do_not_do_c1b269f3",
  "title_en": "General — Do Not Do",
  "title_vi": "General — Do Not Do",
  "text_en": "Neurodevelopmental disorders 151 Boundary with normality (threshold) • Many young children show stereotyped behaviours (e.g. thumb sucking). In older children and adults, repetitive behaviours such as leg shaking, finger drumming/tapping or self- stimulatory behaviours (e.g. masturbation) may be seen in response to boredom. These behaviours are differentiated from stereotyped movement disorder because they do not result in significant interference with normal daily activities; nor do they result in self- inflicted bodily injury that is severe enough to be an independent focus of clinical attention. Course features • Among typically developing children, stereotyped movements remit over time (or become suppressed). Among individuals with a disorder of intellectual development and autism spectrum disorder with disorder of intellectual development, however, stereotyped (and self-injurious) behaviours may persist, though the presentation of these behaviours may change over time. Developmental presentations • Onset of stereotyped movement disorder occurs early in the developmental period, with stereotyped movements often emerging before 3 years of age; up to 80% of children who exhibit complex motor stereotyped movements display them before 2 years of age. • Stereotyped movements are common in typically developing children, and often resolve with time – particularly simple stereotyped movements (such as rocking). The development of complex stereotyped movements is estimated to occur in 3–4% of children. • Stereotyped movement disorder commonly co-occurs with disorders of intellectual development and autism spectrum disorder. Sex- and/or gender-related features • Preschool-aged boys with autism spectrum disorder and with a disorder of intellectual development tend to have higher rates of co-occurring stereotyped movement disorder. Neurodevelopmental disorders | Stereotyped movement disorder 152 Clinical Descriptions and Diagnostic Requirements for ICD-11 Mental, Behavioural or Neurodevelopmental Disorders Boundaries with other disorders and conditions (differential diagnosis) Boundary with autism spectrum disorder Repetitive and stereotyped motor movements such as whole-body movements (e.g. rocking), gait atypicalities (e.g. walking on tiptoes) and unusual hand or finger movements can be a characteristic feature of autism spectrum disorder, but are differentiated from stereotyped movement disorder by the presence of additional significant limitations in the capacity for reciprocal social interactions and social communication. Assignment of both diagnoses may be warranted if the stereotyped motor movements constitute a separate focus of clinical attention (e.g. due to self-injury). Boundary with",
  "gloss_vi": "Neurodevelopmental disorders 151 ranh giới with normality (threshold) • many young children show stereotyped behaviours (e.g. thumb sucking).",
  "source": "Everyday Essentials",
  "url": "",
  "lang": "en",
  "axes": {
    "type": [
      "clinical",
      "everyday"
    ],
    "condition": [
      "General"
    ],
    "clinical_section": [
      "do_not_do"
    ],
    "life_topics": [
      "study",
      "relationships"
    ],
    "advice_section": [
      "communication_tips"
    ],
    "audience": [],
    "risk_band": "low"
  },
  "index_text": "General — Do Not Do General — Do Not Do Neurodevelopmental disorders 151 Boundary with normality (threshold) • Many young children show stereotyped behaviours (e.g. thumb sucking). In older children and adults, repetitive behaviours such as leg shaking, finger drumming/tapping or self- stimulatory behaviours (e.g. masturbation) may be seen in response to boredom. These behaviours are differentiated from stereotyped movement disorder because they do not result in significant interference with normal daily activities; nor do they result in self- inflicted bodily injury that is severe enough to be an independent focus of clinical attention. Course features • Among typically developing children, stereotyped movements remit over time (or become suppressed). Among individuals with a disorder of intellectual development and autism spectrum disorder with disorder of intellectual development, however, stereotyped (and self-injurious) behaviours may persist, though the presentation of these behaviours may change over time. Developmental presentations • Onset of stereotyped movement disorder occurs early in the developmental period, with stereotyped movements often emerging before 3 years of age; up to 80% of children who exhibit complex motor stereotyped movements display them before 2 years of age. • Stereotyped movements are common in typically developing children, and often resolve with time – particularly simple stereotyped movements (such as rocking). The development of complex stereotyped movements is estimated to occur in 3–4% of children. • Stereotyped movement disorder commonly co-occurs with disorders of intellectual development and autism spectrum disorder. Sex- and/or gender-related features • Preschool-aged boys with autism spectrum disorder and with a disorder of intellectual development tend to have higher rates of co-occurring stereotyped movement disorder. Neurodevelopmental disorders | Stereotyped movement disorder 152 Clinical Descriptions and Diagnostic Requirements for ICD-11 Mental, Behavioural or Neurodevelopmental Disorders Boundaries with other disorders and conditions (differential diagnosis) Boundary with autism spectrum disorder Repetitive and stereotyped motor movements such as whole-body movements (e.g. rocking), gait atypicalities (e.g. walking on tiptoes) and unusual hand or finger movements can be a characteristic feature of autism spectrum disorder, but are differentiated from stereotyped movement disorder by the presence of additional significant limitations in the capacity for reciprocal social interactions and social communication. Assignment of both diagnoses may be warranted if the stereotyped motor movements constitute a separate focus of clinical attention (e.g. due to self-injury). Boundary with Neurodevelopmental disorders 151 ranh giới with normality (threshold) • many young children show stereotyped behaviours (e.g. thumb sucking)."
}