{
  "id": "everyday#risk_safety_2eaaf7bb",
  "title_en": "General — Risk Safety",
  "title_vi": "General — Nguy cơ An toàn",
  "text_en": "II. Conduct a MNS Assessment Conducting an assessment for MNS conditions involves the following steps. First, the presenting complaint is explored, then a history is obtained including asking about past MNS issues, general health problems, family MNS history, and psychosocial history. Observe the person (Mental Status Exam), establish a differential diagnosis, and identify the MNS condition. As part of the assessment, conduct a physical examination and obtain basic laboratory tests as needed. The assessment is conducted with informed consent of the person. HISTORY TAKING 1 Presenting Complaint 4 Family History of MNS Conditions Main symptom or reason that the person is seeking care. E xplore possible family history of MNS conditions and ask if anyone Ask when, why, and how it started. had similar symptoms or has received treatment for a MNS condition. It is important at this stage to gather as much information as possible about the person’s symptoms and their situation. 5 Psychosocial History A sk about current stressors, coping methods and social support. 2 Past MNS History A sk about current socio-occupational functioning (how the person is functioning at home, work and in relationships). Ask about similar problems in the past, any psychiatric hospitalizations or medications prescribed for MNS conditions, and any past suicide attempts. O btain basic information including where the person lives, level of education, work/employment history, marital status and number/ages Explore tobacco, alcohol and substance use. of children, income, and household structure/living conditions. 3 General Health History For children and adolescents, ask about whether they have a carer, Ask about physical health problems and medications. and the nature and quality of the relationship between them. Obtain a list of current medications. Ask about allergies to medications. ESSENTIAL CARE AND PRACTICE 9 10",
  "gloss_vi": "Ii. conduct a mns đánh giá conducting an đánh giá for mns conditions involves the following steps.",
  "source": "Everyday Essentials",
  "url": "",
  "lang": "en",
  "axes": {
    "type": [
      "clinical",
      "everyday"
    ],
    "condition": [
      "General"
    ],
    "clinical_section": [
      "risk_safety",
      "screening_cues",
      "psychoeducation"
    ],
    "life_topics": [
      "stress",
      "study",
      "work",
      "relationships"
    ],
    "advice_section": [],
    "audience": [],
    "risk_band": "high"
  },
  "index_text": "General — Risk Safety General — Nguy cơ An toàn II. Conduct a MNS Assessment Conducting an assessment for MNS conditions involves the following steps. First, the presenting complaint is explored, then a history is obtained including asking about past MNS issues, general health problems, family MNS history, and psychosocial history. Observe the person (Mental Status Exam), establish a differential diagnosis, and identify the MNS condition. As part of the assessment, conduct a physical examination and obtain basic laboratory tests as needed. The assessment is conducted with informed consent of the person. HISTORY TAKING 1 Presenting Complaint 4 Family History of MNS Conditions Main symptom or reason that the person is seeking care. E xplore possible family history of MNS conditions and ask if anyone Ask when, why, and how it started. had similar symptoms or has received treatment for a MNS condition. It is important at this stage to gather as much information as possible about the person’s symptoms and their situation. 5 Psychosocial History A sk about current stressors, coping methods and social support. 2 Past MNS History A sk about current socio-occupational functioning (how the person is functioning at home, work and in relationships). Ask about similar problems in the past, any psychiatric hospitalizations or medications prescribed for MNS conditions, and any past suicide attempts. O btain basic information including where the person lives, level of education, work/employment history, marital status and number/ages Explore tobacco, alcohol and substance use. of children, income, and household structure/living conditions. 3 General Health History For children and adolescents, ask about whether they have a carer, Ask about physical health problems and medications. and the nature and quality of the relationship between them. Obtain a list of current medications. Ask about allergies to medications. ESSENTIAL CARE AND PRACTICE 9 10 Ii. conduct a mns đánh giá conducting an đánh giá for mns conditions involves the following steps."
}