{
  "id": "everyday#risk_safety_2107da6c",
  "title_en": "General — Risk Safety",
  "title_vi": "General — Nguy cơ An toàn",
  "text_en": "at the time of evaluation – is considered to be the primary diagnosis. That is, one of these four diagnoses should be assigned when making a diagnosis of a disorder due to substance use. Disorders due to substance use or addictive behaviours | Substance classes Diagnostic categories that apply to the various classes of psychoactive substances 450 Clinical Descriptions and Diagnostic Requirements for ICD-11 Mental, Behavioural or Neurodevelopmental Disorders The remaining diagnoses reflect the impact of the substance use pattern, and are thus considered to be associated with one of the primary use pattern diagnoses. These diagnoses should therefore be assigned together with the relevant primary diagnosis. For example, 6C49.1/6C49.5 is harmful pattern of use of hallucinogens associated with hallucinogen-induced psychotic disorder, 6C43.2/6C43.70 is opioid dependence associated with opioid-induced mood disorder, and 6C4Z/6C40.3 is disorder due to substance use, unspecified, associated with alcohol intoxication (i.e. the pattern of use in this last case is unknown). Also listed in this section are categories related to hazardous substance use. These categories are not considered to be mental disorders, but may be used when the pattern of substance use appreciably increases the risk of harmful physical or mental health consequences, to the user or to others, to an extent that warrants attention and advice from health professionals, but no overt harm has yet occurred. Table 6.13. Applicable disorders due to substance use by substance class Episode Harmful pattern Substance Substance Substance of harmful of psychoactive dependenceb intoxication withdrawalc psychoactive substance usea substance use Alcohol 6C40.0 6C40.10 E 6C40.20 C 6C40.3 6C40.40 U 6C40.11 C 6C40.21 E 6C40.41 PD 6C40.22 EF 6C40.42 S 6C40.23 SP 6C40.43 PD&S 6C40.24 SF Cannabis 6C41.0 6C41.10 E 6C41.20 C 6C41.3 6C41.4 6C41.11 C 6C41.21 EF 6C41.22 SP 6C41.23 SF Synthetic 6C42.0 6C42.10 E 6C42.20 C 6C42.3 6C42.4 cannabinoids 6C42.11 C 6C42.21 EF 6C42.22 SP 6C42.23 SF Opioids 6C43.0 6C43.10 E 6C43.20 C 6C43.3 6C43.4 6C43.11 C 6C43.21 EF 6C43.22 SP 6C43.23 SF Diagnostic categories that apply to the various classes of psychoactive substances",
  "gloss_vi": "At the time of evaluation – is considered to be the primary diagnosis. that is, one of these four diagnoses should be assigned when making a diagnosis of a disorder due to substance use.",
  "source": "Everyday Essentials",
  "url": "",
  "lang": "en",
  "axes": {
    "type": [
      "clinical",
      "everyday"
    ],
    "condition": [
      "General"
    ],
    "clinical_section": [
      "risk_safety",
      "psychoeducation"
    ],
    "life_topics": [
      "study"
    ],
    "advice_section": [],
    "audience": [],
    "risk_band": "low"
  },
  "index_text": "General — Risk Safety General — Nguy cơ An toàn at the time of evaluation – is considered to be the primary diagnosis. That is, one of these four diagnoses should be assigned when making a diagnosis of a disorder due to substance use. Disorders due to substance use or addictive behaviours | Substance classes Diagnostic categories that apply to the various classes of psychoactive substances 450 Clinical Descriptions and Diagnostic Requirements for ICD-11 Mental, Behavioural or Neurodevelopmental Disorders The remaining diagnoses reflect the impact of the substance use pattern, and are thus considered to be associated with one of the primary use pattern diagnoses. These diagnoses should therefore be assigned together with the relevant primary diagnosis. For example, 6C49.1/6C49.5 is harmful pattern of use of hallucinogens associated with hallucinogen-induced psychotic disorder, 6C43.2/6C43.70 is opioid dependence associated with opioid-induced mood disorder, and 6C4Z/6C40.3 is disorder due to substance use, unspecified, associated with alcohol intoxication (i.e. the pattern of use in this last case is unknown). Also listed in this section are categories related to hazardous substance use. These categories are not considered to be mental disorders, but may be used when the pattern of substance use appreciably increases the risk of harmful physical or mental health consequences, to the user or to others, to an extent that warrants attention and advice from health professionals, but no overt harm has yet occurred. Table 6.13. Applicable disorders due to substance use by substance class Episode Harmful pattern Substance Substance Substance of harmful of psychoactive dependenceb intoxication withdrawalc psychoactive substance usea substance use Alcohol 6C40.0 6C40.10 E 6C40.20 C 6C40.3 6C40.40 U 6C40.11 C 6C40.21 E 6C40.41 PD 6C40.22 EF 6C40.42 S 6C40.23 SP 6C40.43 PD&S 6C40.24 SF Cannabis 6C41.0 6C41.10 E 6C41.20 C 6C41.3 6C41.4 6C41.11 C 6C41.21 EF 6C41.22 SP 6C41.23 SF Synthetic 6C42.0 6C42.10 E 6C42.20 C 6C42.3 6C42.4 cannabinoids 6C42.11 C 6C42.21 EF 6C42.22 SP 6C42.23 SF Opioids 6C43.0 6C43.10 E 6C43.20 C 6C43.3 6C43.4 6C43.11 C 6C43.21 EF 6C43.22 SP 6C43.23 SF Diagnostic categories that apply to the various classes of psychoactive substances At the time of evaluation – is considered to be the primary diagnosis. that is, one of these four diagnoses should be assigned when making a diagnosis of a disorder due to substance use."
}