{
  "id": "everyday#psychoeducation_e6a94d86",
  "title_en": "General — Psychoeducation",
  "title_vi": "General — Giáo dục tâm lý",
  "text_en": "in the school setting for as long as possible, Encourage and help the child/adolescent to continue come back for help immediately. attending mainstream schools even if only part-time. (or restart) pleasurable and social activities. Use balanced discipline. When the child/adolescent does Encourage the child/adolescent to practice regular physical something good, offer a reward. Distract the child/adolescent activity, gradually increasing the duration of sessions. from things they should not do. Consider training the child/adolescent and carer in breathing DO NOT use threats or physical punishments when the exercises, progressive muscle relaxation and other cultural behaviour is problematic. equivalents. PSYCHOSOCIAL INTERVENTIONS (CONT.) 2.6 Carer support Ask about any stressful situations that may have an adverse 2.8 Brief psychological treatments impact on the child’s emotional well-being and learning. If the child is being bullied, advise the teacher on appropriate This guide does not provide specific protocols to implement Assess the psychosocial impact of the child/adolescent’s action to stop it. brief psychological interventions, such as parent skills training, disorders on the carers, and offer support for their personal, interpersonal therapy and behavioural therapy. WHO has social, and mental health needs. Explore strategies to help engage the child in school developed Parent Skills Training package for caregivers of activities and facilitate learning, inclusion, and participation. Promote necessary support and resources for their family children with developmental delay/disorders and is available life, employment, social activities, and health. Simple tips: on request. Arrange for respite care (trustworthy carers taking over – Provide opportunities for the child/adolescent to use care on a short term basis) to give primary carers a break, their skills and strengths. especially if the child has a developmental disorder. – Ask the student to sit at the front of the class. Support family to handle social and familial problems and – Give the student extra time to understand and complete help to problem solve. assignments. – Divide long assignments into smaller pieces and assign one piece at a time. 2.7 Liaise with teachers and other – Provide extra praise for effort and rewards for achievements. school staff – DO NOT use threats or physical punishments or excessive criticism. After getting consent from the child/adolescent and carer, – For students with significant difficulties in the classroom, contact the child/adolescent’s teacher and provide advice/ recruit a volunteer to come to class to provide one-on-one make a plan on how to support the child with learning and attention or pair the student with a peer who can provide participation in school activities. support or help with learning. Explain that the child/adolescent’s mental disorder is – If the child/adolescent has been out of school, help them affecting their learning/behaviour/social functioning and that return as soon as possible by creating a gradually increasing there are things the teacher can do to help. reintegration schedule. During the reintegration period, the student should be excused from quizzes and exams. CHILD & ADOLESCENT MENTAL & BEHAVIOURAL DISORDERS 89",
  "gloss_vi": "In the school setting for as long as possible, encourage and help the child/adolescent to continue come back for help immediately. attending mainstream schools even if only part-time.",
  "source": "Everyday Essentials",
  "url": "",
  "lang": "en",
  "axes": {
    "type": [
      "clinical",
      "everyday"
    ],
    "condition": [
      "General"
    ],
    "clinical_section": [
      "psychoeducation",
      "do_not_do"
    ],
    "life_topics": [
      "stress",
      "study",
      "relationships"
    ],
    "advice_section": [
      "coping_skill",
      "work_habits"
    ],
    "audience": [],
    "risk_band": "low"
  },
  "index_text": "General — Psychoeducation General — Giáo dục tâm lý in the school setting for as long as possible, Encourage and help the child/adolescent to continue come back for help immediately. attending mainstream schools even if only part-time. (or restart) pleasurable and social activities. Use balanced discipline. When the child/adolescent does Encourage the child/adolescent to practice regular physical something good, offer a reward. Distract the child/adolescent activity, gradually increasing the duration of sessions. from things they should not do. Consider training the child/adolescent and carer in breathing DO NOT use threats or physical punishments when the exercises, progressive muscle relaxation and other cultural behaviour is problematic. equivalents. PSYCHOSOCIAL INTERVENTIONS (CONT.) 2.6 Carer support Ask about any stressful situations that may have an adverse 2.8 Brief psychological treatments impact on the child’s emotional well-being and learning. If the child is being bullied, advise the teacher on appropriate This guide does not provide specific protocols to implement Assess the psychosocial impact of the child/adolescent’s action to stop it. brief psychological interventions, such as parent skills training, disorders on the carers, and offer support for their personal, interpersonal therapy and behavioural therapy. WHO has social, and mental health needs. Explore strategies to help engage the child in school developed Parent Skills Training package for caregivers of activities and facilitate learning, inclusion, and participation. Promote necessary support and resources for their family children with developmental delay/disorders and is available life, employment, social activities, and health. Simple tips: on request. Arrange for respite care (trustworthy carers taking over – Provide opportunities for the child/adolescent to use care on a short term basis) to give primary carers a break, their skills and strengths. especially if the child has a developmental disorder. – Ask the student to sit at the front of the class. Support family to handle social and familial problems and – Give the student extra time to understand and complete help to problem solve. assignments. – Divide long assignments into smaller pieces and assign one piece at a time. 2.7 Liaise with teachers and other – Provide extra praise for effort and rewards for achievements. school staff – DO NOT use threats or physical punishments or excessive criticism. After getting consent from the child/adolescent and carer, – For students with significant difficulties in the classroom, contact the child/adolescent’s teacher and provide advice/ recruit a volunteer to come to class to provide one-on-one make a plan on how to support the child with learning and attention or pair the student with a peer who can provide participation in school activities. support or help with learning. Explain that the child/adolescent’s mental disorder is – If the child/adolescent has been out of school, help them affecting their learning/behaviour/social functioning and that return as soon as possible by creating a gradually increasing there are things the teacher can do to help. reintegration schedule. During the reintegration period, the student should be excused from quizzes and exams. CHILD & ADOLESCENT MENTAL & BEHAVIOURAL DISORDERS 89 In the school setting for as long as possible, encourage and help the child/adolescent to continue come back for help immediately. attending mainstream schools even if only part-time."
}