{
  "id": "everyday#coping_skill_f3d896d8",
  "title_en": "General — Coping Skill",
  "title_vi": "General — Coping Skill",
  "text_en": "hold your breath, and three seconds to breathe out. I will count changing your breathing. Before we start, we will relax the body.” with you. You may close your eyes or keep them open. Slowly breathe in, 1, 2, 3. Hold, 1, 2. Now breathe out, 1, 2, 3.” Repeat this breathing exercise for » Slowly start relaxation exercises and demonstrate breathing. approximately one minute, rest for one minute then repeat the cycle two more times. “Gently shake and loosen your arms and legs. Let them go floppy and loose. Roll your shoulders back and gently move your head from side to side. » E ncourage self-practice. Now place one hand on your belly and the other hand on your upper chest. I want you to imagine you have a balloon in your stomach and when you “Try on your own for one minute. This is something you can practice breathe in you are going to blow that balloon up, so your stomach will on your own.” expand. And when you breathe out, the air in the balloon will also go out, so your stomach will flatten. Watch me first. I am going to exhale first to get all the air out of my stomach.” Demonstrate breathing from the stomach – try to exaggerate the pushing out, and pulling in, of your stomach. OTHER SIGNIFICANT MENTAL HEALTH COMPLAINTS 149",
  "gloss_vi": "Hold your breath, and three seconds to breathe out. i will count changing your hít thở.",
  "source": "Everyday Essentials",
  "url": "",
  "lang": "en",
  "axes": {
    "type": [
      "everyday"
    ],
    "condition": [
      "General"
    ],
    "clinical_section": [],
    "life_topics": [
      "stress"
    ],
    "advice_section": [
      "coping_skill",
      "work_habits"
    ],
    "audience": [],
    "risk_band": "low"
  },
  "index_text": "General — Coping Skill General — Coping Skill hold your breath, and three seconds to breathe out. I will count changing your breathing. Before we start, we will relax the body.” with you. You may close your eyes or keep them open. Slowly breathe in, 1, 2, 3. Hold, 1, 2. Now breathe out, 1, 2, 3.” Repeat this breathing exercise for » Slowly start relaxation exercises and demonstrate breathing. approximately one minute, rest for one minute then repeat the cycle two more times. “Gently shake and loosen your arms and legs. Let them go floppy and loose. Roll your shoulders back and gently move your head from side to side. » E ncourage self-practice. Now place one hand on your belly and the other hand on your upper chest. I want you to imagine you have a balloon in your stomach and when you “Try on your own for one minute. This is something you can practice breathe in you are going to blow that balloon up, so your stomach will on your own.” expand. And when you breathe out, the air in the balloon will also go out, so your stomach will flatten. Watch me first. I am going to exhale first to get all the air out of my stomach.” Demonstrate breathing from the stomach – try to exaggerate the pushing out, and pulling in, of your stomach. OTHER SIGNIFICANT MENTAL HEALTH COMPLAINTS 149 Hold your breath, and three seconds to breathe out. i will count changing your hít thở."
}