{
  "id": "everyday#referral_43380419",
  "title_en": "General — Referral",
  "title_vi": "General — Chuyển tuyến",
  "text_en": "turn-taking or sharing toys. Most will be unable to participate in social or other games with complex rules. Neurodevelopmental disorders | Disorders of intellectual development 108 Clinical Descriptions and Diagnostic Requirements for ICD-11 Mental, Behavioural or Neurodevelopmental Disorders Table 6.3. contd Severity level Conceptual Social Practical Profound • Most will have basic • Most will need some help to • Most will need exceptional communication skills such as perform basic social skills support with basic hygiene orienting their eye gaze and turning such as showing interest and and washing, picking up after their head to locate a sound, affection for people familiar themselves, clearing their place responding to their name, getting to them, engaging in social at the kitchen table, being safe in a parent/caregiver’s attention, interactions, or discriminating the kitchen, and using hot water. expressing their needs, and between acquaintances. • Most will be unable to learn demonstrating an understanding • Some can perform certain social to prepare foods or assist in of the meaning of yes and no. skills such as imitation, showing the kitchen, or use simple • With significant support, some interest in peers or empathy. household devices (e.g. will be able to wave goodbye, switches, stoves, microwaves). • For some, transitioning between use their parent/caregiver’s social contexts and activities • Most will not learn rules name, and point to objects to will elicit negative reactions and safe behaviours in the express their preferences. if not done with support. home and community. • Most indicate when there are • Most will not be able to engage in • Most will require a lot of hungry or wet by making a cooperative social play, and will supervision to remain on task and vocalization or crying, smile, need a lot of help moderating their be engaged in basic vocational and make sounds to indicate behaviour to different social cues. or pre-vocational skills. they are happy/sad. • Some may not be able to effectively use communication to get the attention of others in their environment. Literacy • Most will not learn to read or write. Note: the behavioural indicators in the table are intended to be used by the clinician in determining the level of severity of the disorder of intellectual development, either as a complement to properly normed, standardized tests, or when such tests are unavailable or inappropriate given the individual’s cultural and linguistic background. Use of these indicators is predicated on the clinician’s knowledge of and experience with typically developing individuals of comparable age. Unless explicitly stated, the behavioural indicators of intellectual functioning and adaptive behaviour functioning for each severity level are what are typically expected to be mastered by the individual by 18 years of age. Please consult the CDDR for disorders of intellectual development and, if applicable, autism spectrum disorder for guidance on how to determine the severity level. Neurodevelopmental disorders | Disorders of intellectual development",
  "gloss_vi": "Turn-taking or sharing toys. most will be unable to participate in social or other games with complex rules.",
  "source": "Everyday Essentials",
  "url": "",
  "lang": "en",
  "axes": {
    "type": [
      "clinical",
      "everyday"
    ],
    "condition": [
      "General"
    ],
    "clinical_section": [
      "referral",
      "psychoeducation"
    ],
    "life_topics": [],
    "advice_section": [
      "work_habits"
    ],
    "audience": [],
    "risk_band": "low"
  },
  "index_text": "General — Referral General — Chuyển tuyến turn-taking or sharing toys. Most will be unable to participate in social or other games with complex rules. Neurodevelopmental disorders | Disorders of intellectual development 108 Clinical Descriptions and Diagnostic Requirements for ICD-11 Mental, Behavioural or Neurodevelopmental Disorders Table 6.3. contd Severity level Conceptual Social Practical Profound • Most will have basic • Most will need some help to • Most will need exceptional communication skills such as perform basic social skills support with basic hygiene orienting their eye gaze and turning such as showing interest and and washing, picking up after their head to locate a sound, affection for people familiar themselves, clearing their place responding to their name, getting to them, engaging in social at the kitchen table, being safe in a parent/caregiver’s attention, interactions, or discriminating the kitchen, and using hot water. expressing their needs, and between acquaintances. • Most will be unable to learn demonstrating an understanding • Some can perform certain social to prepare foods or assist in of the meaning of yes and no. skills such as imitation, showing the kitchen, or use simple • With significant support, some interest in peers or empathy. household devices (e.g. will be able to wave goodbye, switches, stoves, microwaves). • For some, transitioning between use their parent/caregiver’s social contexts and activities • Most will not learn rules name, and point to objects to will elicit negative reactions and safe behaviours in the express their preferences. if not done with support. home and community. • Most indicate when there are • Most will not be able to engage in • Most will require a lot of hungry or wet by making a cooperative social play, and will supervision to remain on task and vocalization or crying, smile, need a lot of help moderating their be engaged in basic vocational and make sounds to indicate behaviour to different social cues. or pre-vocational skills. they are happy/sad. • Some may not be able to effectively use communication to get the attention of others in their environment. Literacy • Most will not learn to read or write. Note: the behavioural indicators in the table are intended to be used by the clinician in determining the level of severity of the disorder of intellectual development, either as a complement to properly normed, standardized tests, or when such tests are unavailable or inappropriate given the individual’s cultural and linguistic background. Use of these indicators is predicated on the clinician’s knowledge of and experience with typically developing individuals of comparable age. Unless explicitly stated, the behavioural indicators of intellectual functioning and adaptive behaviour functioning for each severity level are what are typically expected to be mastered by the individual by 18 years of age. Please consult the CDDR for disorders of intellectual development and, if applicable, autism spectrum disorder for guidance on how to determine the severity level. Neurodevelopmental disorders | Disorders of intellectual development Turn-taking or sharing toys. most will be unable to participate in social or other games with complex rules."
}