{
  "id": "everyday#risk_safety_041169a6",
  "title_en": "General — Risk Safety",
  "title_vi": "General — Nguy cơ An toàn",
  "text_en": "Feeding and eating disorders 401 Boundary with normality (threshold) • Anorexia nervosa must be associated with significantly low body weight for the individual’s height, age, developmental stage or weight history, and with extreme attitudes and behaviours that distinguish it from normal dieting and “normative discontent” with one’s body shape and weight. Course features • Anorexia nervosa often has its onset during adolescence or early adulthood (i.e. between the ages of 10 and 24 years), typically following a stressful life event. Early-onset anorexia nervosa (prior to puberty) and late-onset anorexia nervosa (after the age of 40 years) are relatively rare. • Many individuals display a period of altered eating behaviours prior to meeting the full diagnostic requirements for anorexia nervosa. • Although some individuals recover fully after a single episode of anorexia nervosa, many experience a chronic course of illness over many years. • Individuals with severe symptoms of anorexia nervosa may require hospitalization to restore weight and address medical complications. These individuals are less likely to experience remission of symptoms. • Most individuals diagnosed with anorexia nervosa experience remission within 5 years of onset. However, even after an individual no longer meets the diagnostic requirements for anorexia nervosa, they are more likely to have a lower body weight and increased psychological features associated with anorexia nervosa (e.g. perfectionism) compared to the general population. • Anorexia nervosa is associated with premature death, often due to medical complications of starvation or to suicide. Developmental presentations • Children with anorexia nervosa may not be able to articulate body-image concerns and emotions related to restrictive eating. Presenting features among children may include avoidance of food intake with denial of the severity of malnutrition for reasons other than body-image concerns (e.g. reporting they are “not hungry” or have abdominal pain), as well as nonverbal forms of food refusal. • Children with anorexia nervosa are less likely to engage in binge eating and purging, or to engage in other compensatory behaviours. • The prognosis for adolescents diagnosed with anorexia nervosa is better than the prognosis for adults with anorexia nervosa. Feeding and eating disorders | Anorexia nervosa 402 Clinical Descriptions and Diagnostic Requirements for ICD-11 Mental, Behavioural or Neurodevelopmental Disorders • Older individuals with anorexia nervosa who have had a longer duration of illness often exhibit chronic medical complications. Culture-related features • Symptom presentation of anorexia nervosa varies across cultural groups. For example, in Asia,",
  "gloss_vi": "Feeding and eating disorders 401 ranh giới with normality (threshold) • anorexia nervosa must be associated with significantly low body weight for the individual’s height, age, developmental stage or weight history, and ...",
  "source": "Everyday Essentials",
  "url": "",
  "lang": "en",
  "axes": {
    "type": [
      "clinical",
      "everyday"
    ],
    "condition": [
      "General"
    ],
    "clinical_section": [
      "risk_safety",
      "screening_cues",
      "do_not_do"
    ],
    "life_topics": [
      "stress",
      "study",
      "relationships"
    ],
    "advice_section": [
      "communication_tips",
      "work_habits"
    ],
    "audience": [],
    "risk_band": "high"
  },
  "index_text": "General — Risk Safety General — Nguy cơ An toàn Feeding and eating disorders 401 Boundary with normality (threshold) • Anorexia nervosa must be associated with significantly low body weight for the individual’s height, age, developmental stage or weight history, and with extreme attitudes and behaviours that distinguish it from normal dieting and “normative discontent” with one’s body shape and weight. Course features • Anorexia nervosa often has its onset during adolescence or early adulthood (i.e. between the ages of 10 and 24 years), typically following a stressful life event. Early-onset anorexia nervosa (prior to puberty) and late-onset anorexia nervosa (after the age of 40 years) are relatively rare. • Many individuals display a period of altered eating behaviours prior to meeting the full diagnostic requirements for anorexia nervosa. • Although some individuals recover fully after a single episode of anorexia nervosa, many experience a chronic course of illness over many years. • Individuals with severe symptoms of anorexia nervosa may require hospitalization to restore weight and address medical complications. These individuals are less likely to experience remission of symptoms. • Most individuals diagnosed with anorexia nervosa experience remission within 5 years of onset. However, even after an individual no longer meets the diagnostic requirements for anorexia nervosa, they are more likely to have a lower body weight and increased psychological features associated with anorexia nervosa (e.g. perfectionism) compared to the general population. • Anorexia nervosa is associated with premature death, often due to medical complications of starvation or to suicide. Developmental presentations • Children with anorexia nervosa may not be able to articulate body-image concerns and emotions related to restrictive eating. Presenting features among children may include avoidance of food intake with denial of the severity of malnutrition for reasons other than body-image concerns (e.g. reporting they are “not hungry” or have abdominal pain), as well as nonverbal forms of food refusal. • Children with anorexia nervosa are less likely to engage in binge eating and purging, or to engage in other compensatory behaviours. • The prognosis for adolescents diagnosed with anorexia nervosa is better than the prognosis for adults with anorexia nervosa. Feeding and eating disorders | Anorexia nervosa 402 Clinical Descriptions and Diagnostic Requirements for ICD-11 Mental, Behavioural or Neurodevelopmental Disorders • Older individuals with anorexia nervosa who have had a longer duration of illness often exhibit chronic medical complications. Culture-related features • Symptom presentation of anorexia nervosa varies across cultural groups. For example, in Asia, Feeding and eating disorders 401 ranh giới with normality (threshold) • anorexia nervosa must be associated with significantly low body weight for the individual’s height, age, developmental stage or weight history, and ..."
}