{
  "id": "everyday#risk_safety_0c982c4a",
  "title_en": "General — Risk Safety",
  "title_vi": "General — Nguy cơ An toàn",
  "text_en": "other stressors. available resources to ensure close monitoring of the person as long as the risk of self-harm/suicide persists. – Means of self-harm (e.g. pesticides, firearms, medications) should be removed from the home. – Advise the person and carers to restrict access to means of self-harm/suicide (e.g. pesticides/toxic substances, – The social network, including the family and relevant prescription medications, firearms, etc.) when the person others, is important for provision of social support. has thoughts or plans of self-harm/suicide. – Optimize social support from available community resources. These include informal resources, such as relatives, friends, acquaintances, colleagues and religious leaders or formal community resources, if available, such as crisis centres, and local mental health centres. SUI 3 Follow-up RECOMMENDATIONS ON FREQUENCY OF CONTACT 1 » MAINTAIN REGULAR CONTACT (via telephone, home visits, letters or contact ASSESS FOR IMPROVEMENT cards) more frequently initially (e.g. daily, weekly) for the first 2 months. » Follow-up for as long as the risk of Is the person improving? self-harm/suicide persists. » Decrease contact as the person improves. » Continue following-up for 2 years, further decreasing contact according to improvement (e.g. once every 2-4 weeks after the initial 2 months, and twice in the second year). » Increase intensity or duration of contact as necessary. » Refer to specialist as needed. 2 ROUTINELY ASSESS FOR THOUGHTS AND PLANS OF SELF-HARM/SUICIDE » At every contact, routinely assess for suicidal thoughts and plans. Is the risk of self-harm/suicide imminent? See SUI 1 (Assessment). SELF-HARM /SUICIDE 139",
  "gloss_vi": "Other stressors. available resources to ensure close monitoring of the person as long as the nguy cơ of tự hại/tự sát persists.",
  "source": "Everyday Essentials",
  "url": "",
  "lang": "en",
  "axes": {
    "type": [
      "clinical",
      "everyday"
    ],
    "condition": [
      "General"
    ],
    "clinical_section": [
      "risk_safety",
      "screening_cues",
      "referral",
      "psychoeducation"
    ],
    "life_topics": [
      "stress",
      "work",
      "relationships",
      "digital"
    ],
    "advice_section": [
      "work_habits"
    ],
    "audience": [],
    "risk_band": "high"
  },
  "index_text": "General — Risk Safety General — Nguy cơ An toàn other stressors. available resources to ensure close monitoring of the person as long as the risk of self-harm/suicide persists. – Means of self-harm (e.g. pesticides, firearms, medications) should be removed from the home. – Advise the person and carers to restrict access to means of self-harm/suicide (e.g. pesticides/toxic substances, – The social network, including the family and relevant prescription medications, firearms, etc.) when the person others, is important for provision of social support. has thoughts or plans of self-harm/suicide. – Optimize social support from available community resources. These include informal resources, such as relatives, friends, acquaintances, colleagues and religious leaders or formal community resources, if available, such as crisis centres, and local mental health centres. SUI 3 Follow-up RECOMMENDATIONS ON FREQUENCY OF CONTACT 1 » MAINTAIN REGULAR CONTACT (via telephone, home visits, letters or contact ASSESS FOR IMPROVEMENT cards) more frequently initially (e.g. daily, weekly) for the first 2 months. » Follow-up for as long as the risk of Is the person improving? self-harm/suicide persists. » Decrease contact as the person improves. » Continue following-up for 2 years, further decreasing contact according to improvement (e.g. once every 2-4 weeks after the initial 2 months, and twice in the second year). » Increase intensity or duration of contact as necessary. » Refer to specialist as needed. 2 ROUTINELY ASSESS FOR THOUGHTS AND PLANS OF SELF-HARM/SUICIDE » At every contact, routinely assess for suicidal thoughts and plans. Is the risk of self-harm/suicide imminent? See SUI 1 (Assessment). SELF-HARM /SUICIDE 139 Other stressors. available resources to ensure close monitoring of the person as long as the nguy cơ of tự hại/tự sát persists."
}