{
  "id": "everyday#referral_e19df021",
  "title_en": "General — Referral",
  "title_vi": "General — Chuyển tuyến",
  "text_en": "under specialist Haloperidol and risperidone: consider haloperidol and – Metabolic changes: weight gain, high blood pressure, supervision. increased blood sugar and cholesterol. risperidone only if no clinical or laboratory monitoring is available to start lithium or valproate. Risperidone can be – ECG changes (prolonged QT interval): monitor ECG used as an alternative to haloperidol in individuals with if possible. bipolar mania if availability can be assured, and cost is not a – Neuroleptic malignant syndrome (NMS): a rare, constraint. potentially life-threatening disorder characterized by muscular rigidity, elevated temperature, and high blood pressure. PSYCHOSES 41 42 PSY 2 PSYCHOSES Management TABLE 1: Antipsychotic medications MEDICATION DOSING SIDE EFFECTS CONTRAINDICATIONS / CAUTIONS HALOPERIDOL Start 1.5-3 mg daily. Common: sedation, dizziness, blurred vision, Caution in patients with: kidney disease, liver disease, Increase as needed (maximum 20 mg daily). dry mouth, urinary retention, constipation. cardiac disease, long QT syndrome or taking QT-prolonging medications. Route: oral (p.o.) or intramuscular (i.m.). Monitor ECG if possible. Serious: orthostatic hypotension, extrapyramidal side effects (EPS), ECG changes (prolonged QT interval), weight gain, galactorrhea, amenorrhea, Neuroleptic malignant syndrome (NMS). RISPERIDONE Start 1 mg daily. Common: sedation, dizziness, tachycardia. Caution in patients with: cardiac disease. Increase to 2-6 mg daily (maximum 10 mg). Route: p.o. Serious: orthostatic hypotension, metabolic effects (elevated Drug-drug interactions: carbamazepine can reduce levels of lipids, insulin resistance, weight gain), EPS, elevated prolactin, risperidone, whereas fluoxetine can increase levels. sexual dysfunction, NMS. CHLORPROMAZINE Start 25-50 mg daily. Common: sedation, dizziness, blurred vision, dry mouth, Contraindications: impaired consciousness, bone marrow depression, Increase to 75-300 mg daily (up to 1000 mg urinary retention, constipation, tachycardia. pheochromocytoma. may be necessary for severe cases). Route: p.o. Serious: orthostatic hypotension, syncope, EPS, Caution in patients with: respiratory disease, kidney disease, liver photosensitivity, weight gain, galactorrhea, amenorrhea, disease, glaucoma, urinary retention, cardiac disease, long QT syndrome sexual dysfunction, priapism, NMS, agranulocytosis, or taking QT-prolonging medications. Monitor ECG if possible. jaundice. Drug-drug interactions: – Increases effects of blood pressure lowering medications. – Lowers blood pressure if combined with epinephrine. – Levels may be increased by antimalarials including quinine. FLUPHENAZINE Start 12.5 mg. Common: sedation, dizziness, blurred vision, dry mouth, Contraindications: impaired consciousness, parkinsonism. depot/long-acting Use 12.5-50 mg every 2-4 weeks. urinary retention, constipation, tachycardia. Route: i.m. in gluteal region. Caution in patients with: cardiac disease, kidney disease, liver disease. Serious: orthostatic hypotension, syncope, EPS, Use with caution in older adults. Avoid in women who are pregnant/ photosensitivity, weight gain,galactorrhea, amenorrhea, breastfeeding. sexual dysfunction, priapism, NMS, agranulocytosis, Drug-drug interactions: jaundice. – Increases effects of blood pressure lowering medications. Do not use in children/adolescents. – Can lower blood pressure if used with epinephrine.",
  "gloss_vi": "Under specialist haloperidol and risperidone: consider haloperidol and – metabolic changes: weight gain, high blood pressure, supervision. increased blood sugar and cholesterol.",
  "source": "Everyday Essentials",
  "url": "",
  "lang": "en",
  "axes": {
    "type": [
      "clinical",
      "everyday"
    ],
    "condition": [
      "General"
    ],
    "clinical_section": [
      "referral",
      "do_not_do"
    ],
    "life_topics": [
      "stress"
    ],
    "advice_section": [],
    "audience": [],
    "risk_band": "low"
  },
  "index_text": "General — Referral General — Chuyển tuyến under specialist Haloperidol and risperidone: consider haloperidol and – Metabolic changes: weight gain, high blood pressure, supervision. increased blood sugar and cholesterol. risperidone only if no clinical or laboratory monitoring is available to start lithium or valproate. Risperidone can be – ECG changes (prolonged QT interval): monitor ECG used as an alternative to haloperidol in individuals with if possible. bipolar mania if availability can be assured, and cost is not a – Neuroleptic malignant syndrome (NMS): a rare, constraint. potentially life-threatening disorder characterized by muscular rigidity, elevated temperature, and high blood pressure. PSYCHOSES 41 42 PSY 2 PSYCHOSES Management TABLE 1: Antipsychotic medications MEDICATION DOSING SIDE EFFECTS CONTRAINDICATIONS / CAUTIONS HALOPERIDOL Start 1.5-3 mg daily. Common: sedation, dizziness, blurred vision, Caution in patients with: kidney disease, liver disease, Increase as needed (maximum 20 mg daily). dry mouth, urinary retention, constipation. cardiac disease, long QT syndrome or taking QT-prolonging medications. Route: oral (p.o.) or intramuscular (i.m.). Monitor ECG if possible. Serious: orthostatic hypotension, extrapyramidal side effects (EPS), ECG changes (prolonged QT interval), weight gain, galactorrhea, amenorrhea, Neuroleptic malignant syndrome (NMS). RISPERIDONE Start 1 mg daily. Common: sedation, dizziness, tachycardia. Caution in patients with: cardiac disease. Increase to 2-6 mg daily (maximum 10 mg). Route: p.o. Serious: orthostatic hypotension, metabolic effects (elevated Drug-drug interactions: carbamazepine can reduce levels of lipids, insulin resistance, weight gain), EPS, elevated prolactin, risperidone, whereas fluoxetine can increase levels. sexual dysfunction, NMS. CHLORPROMAZINE Start 25-50 mg daily. Common: sedation, dizziness, blurred vision, dry mouth, Contraindications: impaired consciousness, bone marrow depression, Increase to 75-300 mg daily (up to 1000 mg urinary retention, constipation, tachycardia. pheochromocytoma. may be necessary for severe cases). Route: p.o. Serious: orthostatic hypotension, syncope, EPS, Caution in patients with: respiratory disease, kidney disease, liver photosensitivity, weight gain, galactorrhea, amenorrhea, disease, glaucoma, urinary retention, cardiac disease, long QT syndrome sexual dysfunction, priapism, NMS, agranulocytosis, or taking QT-prolonging medications. Monitor ECG if possible. jaundice. Drug-drug interactions: – Increases effects of blood pressure lowering medications. – Lowers blood pressure if combined with epinephrine. – Levels may be increased by antimalarials including quinine. FLUPHENAZINE Start 12.5 mg. Common: sedation, dizziness, blurred vision, dry mouth, Contraindications: impaired consciousness, parkinsonism. depot/long-acting Use 12.5-50 mg every 2-4 weeks. urinary retention, constipation, tachycardia. Route: i.m. in gluteal region. Caution in patients with: cardiac disease, kidney disease, liver disease. Serious: orthostatic hypotension, syncope, EPS, Use with caution in older adults. Avoid in women who are pregnant/ photosensitivity, weight gain,galactorrhea, amenorrhea, breastfeeding. sexual dysfunction, priapism, NMS, agranulocytosis, Drug-drug interactions: jaundice. – Increases effects of blood pressure lowering medications. Do not use in children/adolescents. – Can lower blood pressure if used with epinephrine. Under specialist haloperidol and risperidone: consider haloperidol and – metabolic changes: weight gain, high blood pressure, supervision. increased blood sugar and cholesterol."
}