{
  "id": "everyday#referral_a376520b",
  "title_en": "General — Referral",
  "title_vi": "General — Chuyển tuyến",
  "text_en": "due to substance use or addictive behaviours 507 6C50 Gambling disorder Essential (required) features • A persistent pattern of gambling behaviour – which may be predominantly online (i.e. over the internet or similar electronic networks) or offline – is required for diagnosis, manifested in all of the following: • impaired control over gambling behaviour (e.g. onset, frequency, intensity, duration, termination, context); • increasing priority given to gambling behaviour to the extent that gambling takes precedence over other life interests and daily activities; • continuation or escalation of gambling behaviour despite negative consequences (e.g. marital conflict due to gambling behaviour, repeated and substantial financial losses, negative impact on health). • The pattern of gambling behaviour may be continuous or episodic and recurrent, but is manifested over an extended period of time (e.g. 12 months). • The gambling behaviour is not better accounted for by another mental disorder (e.g. a manic episode) and is not due to the effects of a substance or medication. • The pattern of gambling behaviour results in significant distress or impairment in personal, family, social, educational, occupational or other important areas of functioning. Specifiers for online or offline behaviour Note: the order of specifiers is different than for 6C51 Gaming disorder. 6C50.0 Gambling disorder, predominantly offline • This refers to gambling disorder that predominantly involves gambling behaviour that is not conducted over the internet or similar electronic networks (i.e. offline). 6C50.1 Gambling disorder, predominantly online • This refers to gambling disorder that predominantly involves gambling behaviour that is conducted over the internet or similar electronic networks (i.e. online). 6C50.Z Gambling disorder, unspecified Disorders due to addictive behaviours | Gambling disorder",
  "gloss_vi": "Due to substance use or addictive behaviours 507 6c50 gambling disorder essential (required) features • a persistent pattern of gambling behaviour – which may be predominantly online (i.e. over the internet or similar el...",
  "source": "Everyday Essentials",
  "url": "",
  "lang": "en",
  "axes": {
    "type": [
      "clinical",
      "everyday"
    ],
    "condition": [
      "General"
    ],
    "clinical_section": [
      "referral",
      "psychoeducation"
    ],
    "life_topics": [
      "stress",
      "work",
      "relationships",
      "grief"
    ],
    "advice_section": [
      "work_habits"
    ],
    "audience": [],
    "risk_band": "low"
  },
  "index_text": "General — Referral General — Chuyển tuyến due to substance use or addictive behaviours 507 6C50 Gambling disorder Essential (required) features • A persistent pattern of gambling behaviour – which may be predominantly online (i.e. over the internet or similar electronic networks) or offline – is required for diagnosis, manifested in all of the following: • impaired control over gambling behaviour (e.g. onset, frequency, intensity, duration, termination, context); • increasing priority given to gambling behaviour to the extent that gambling takes precedence over other life interests and daily activities; • continuation or escalation of gambling behaviour despite negative consequences (e.g. marital conflict due to gambling behaviour, repeated and substantial financial losses, negative impact on health). • The pattern of gambling behaviour may be continuous or episodic and recurrent, but is manifested over an extended period of time (e.g. 12 months). • The gambling behaviour is not better accounted for by another mental disorder (e.g. a manic episode) and is not due to the effects of a substance or medication. • The pattern of gambling behaviour results in significant distress or impairment in personal, family, social, educational, occupational or other important areas of functioning. Specifiers for online or offline behaviour Note: the order of specifiers is different than for 6C51 Gaming disorder. 6C50.0 Gambling disorder, predominantly offline • This refers to gambling disorder that predominantly involves gambling behaviour that is not conducted over the internet or similar electronic networks (i.e. offline). 6C50.1 Gambling disorder, predominantly online • This refers to gambling disorder that predominantly involves gambling behaviour that is conducted over the internet or similar electronic networks (i.e. online). 6C50.Z Gambling disorder, unspecified Disorders due to addictive behaviours | Gambling disorder Due to substance use or addictive behaviours 507 6c50 gambling disorder essential (required) features • a persistent pattern of gambling behaviour – which may be predominantly online (i.e. over the internet or similar el..."
}