{
  "id": "everyday#referral_11864b80",
  "title_en": "General — Referral",
  "title_vi": "General — Chuyển tuyến",
  "text_en": "sustained underlying paraphilic arousal pattern. Rather, these behaviours may be transient and occur impulsively or opportunistically. The diagnosis of exhibitionistic disorder requires these behaviours to be a manifestation of a sustained, focused and intense pattern of sexual arousal. Paraphilic disorders | Exhibitionistic disorder Paraphilic disorders 575 6D31 Voyeuristic disorder Essential (required) features • A sustained, focused and intense pattern of sexual arousal – as manifested in persistent sexual thoughts, fantasies, urges or behaviours – that involves observing an unsuspecting person who is naked, in the process of disrobing, or engaging in sexual activity, is required for diagnosis. • The individual must have acted on these thoughts, fantasies or urges, or be markedly distressed by them. Additional clinical features • Voyeuristic disorder should not be diagnosed among children, and is not typically diagnosed among adolescents. Sexual curiosity is typical during adolescence, and observation of others may occur impulsively or opportunistically rather than representing a recurrent pattern of sexual arousal. • The act of observing in voyeuristic disorder is for the purpose of achieving sexual excitement, and does not necessarily involve an attempt to initiate sexual activity with the person being observed. Orgasm by masturbation may occur during the voyeuristic activity or later in response to memories of what the individual has seen. More recently, so-called “video voyeurs” have been described who use video equipment to record individuals in public or private places where there is an expectation of privacy. • The diagnosis of voyeuristic disorder is generally not adequately supported when the evidence indicating a sustained, focused and intense pattern of sexual arousal consists solely of a single or very limited number of instances of voyeuristic behaviour, as there may be other explanations for specific occurrences (e.g. intoxication, opportunity). In the absence of a report of the individual’s sexual thoughts, fantasies or urges, examples of other forms of evidence supporting the presence of a voyeuristic arousal pattern include a preference for specific types of pornography; preference over other forms of sexual behaviour; or planning and repeatedly seeking out opportunities to engage in voyeuristic behaviour. Boundary with normality (threshold) • By definition, voyeuristic disorder specifically excludes consensual voyeuristic behaviours that occur with the consent of the individual being observed. Paraphilic disorders | Voyeuristic disorder",
  "gloss_vi": "Sustained underlying paraphilic arousal pattern. rather, these behaviours may be transient and occur impulsively or opportunistically.",
  "source": "Everyday Essentials",
  "url": "",
  "lang": "en",
  "axes": {
    "type": [
      "clinical",
      "everyday"
    ],
    "condition": [
      "General"
    ],
    "clinical_section": [
      "referral",
      "psychoeducation"
    ],
    "life_topics": [
      "stress",
      "study",
      "relationships"
    ],
    "advice_section": [
      "communication_tips"
    ],
    "audience": [],
    "risk_band": "low"
  },
  "index_text": "General — Referral General — Chuyển tuyến sustained underlying paraphilic arousal pattern. Rather, these behaviours may be transient and occur impulsively or opportunistically. The diagnosis of exhibitionistic disorder requires these behaviours to be a manifestation of a sustained, focused and intense pattern of sexual arousal. Paraphilic disorders | Exhibitionistic disorder Paraphilic disorders 575 6D31 Voyeuristic disorder Essential (required) features • A sustained, focused and intense pattern of sexual arousal – as manifested in persistent sexual thoughts, fantasies, urges or behaviours – that involves observing an unsuspecting person who is naked, in the process of disrobing, or engaging in sexual activity, is required for diagnosis. • The individual must have acted on these thoughts, fantasies or urges, or be markedly distressed by them. Additional clinical features • Voyeuristic disorder should not be diagnosed among children, and is not typically diagnosed among adolescents. Sexual curiosity is typical during adolescence, and observation of others may occur impulsively or opportunistically rather than representing a recurrent pattern of sexual arousal. • The act of observing in voyeuristic disorder is for the purpose of achieving sexual excitement, and does not necessarily involve an attempt to initiate sexual activity with the person being observed. Orgasm by masturbation may occur during the voyeuristic activity or later in response to memories of what the individual has seen. More recently, so-called “video voyeurs” have been described who use video equipment to record individuals in public or private places where there is an expectation of privacy. • The diagnosis of voyeuristic disorder is generally not adequately supported when the evidence indicating a sustained, focused and intense pattern of sexual arousal consists solely of a single or very limited number of instances of voyeuristic behaviour, as there may be other explanations for specific occurrences (e.g. intoxication, opportunity). In the absence of a report of the individual’s sexual thoughts, fantasies or urges, examples of other forms of evidence supporting the presence of a voyeuristic arousal pattern include a preference for specific types of pornography; preference over other forms of sexual behaviour; or planning and repeatedly seeking out opportunities to engage in voyeuristic behaviour. Boundary with normality (threshold) • By definition, voyeuristic disorder specifically excludes consensual voyeuristic behaviours that occur with the consent of the individual being observed. Paraphilic disorders | Voyeuristic disorder Sustained underlying paraphilic arousal pattern. rather, these behaviours may be transient and occur impulsively or opportunistically."
}