{
  "id": "everyday#referral_caf7909a",
  "title_en": "General — Referral",
  "title_vi": "General — Chuyển tuyến",
  "text_en": "(64); and Brignell et al., 2021 (8 RCTs) (65). included data at follow-up time points that showed treatment gains had been maintained, suggesting y There is evidence that interventions aimed at lasting effects of treatment (65). expressive phonological skills produce appreciable results (64). Evidence on the effect of intervention y For improving expressive phonological skills in on receptive phonological skills is too limited to children with developmental speech disorders, draw any conclusion. There is limited evidence the intervention approach involved expressive that targeted interventions on expressive phonological tasks, phonological awareness, and vocabulary acquisition are effective. No studies auditory discrimination and listening activities. were identified that investigated the effectiveness Research gaps of receptive vocabulary interventions in children y There was little evidence on communication with developmental language disorder (DLD). interventions for older children, thus a gap exists in There is some evidence that interventions aimed this area. at morphological and syntactic expressive skills in children with DLD are effective. The mean age of y Additional meta-analyses of RCTs for speech participants in the studies included in the review disorders would also expand knowledge of effective was 2.5–7.4 years (overall mean age could not be interventions in this area. calculated because not all studies reported mean Implementation considerations age of participants). y The location of intervention sessions can vary from y One review considered stuttering (65). This review structured settings (e.g. school, typically used showed significant effects of the communication in early treatment) to less structured naturalistic intervention, including follow-up (weighted MD 3.79 settings (e.g. home, used later in treatment). more; 95% CI: 0.27 to 7.32) in children who stutter. The ages of the participants in the studies included y Treatment of school-age and older children may in the review ranged from 3 to 6 years. require modifications to ensure the treatment is developmentally appropriate. Remarks y The available evidence involved instruction from y For children who stutter, the direct instruction speech and language therapists in high-resource approach involved speech-language therapists settings; implications for adaptations in lower- working with parents to deliver a behaviour resource settings may be needed. 36",
  "gloss_vi": "(64); and brignell et al., 2021 (8 rcts) (65). included data at follow-up time points that showed treatment gains had been maintained, suggesting y there is evidence that interventions aimed at lasting effects of treatme...",
  "source": "Everyday Essentials",
  "url": "",
  "lang": "en",
  "axes": {
    "type": [
      "clinical",
      "everyday"
    ],
    "condition": [
      "General"
    ],
    "clinical_section": [
      "referral"
    ],
    "life_topics": [
      "work"
    ],
    "advice_section": [],
    "audience": [],
    "risk_band": "low"
  },
  "index_text": "General — Referral General — Chuyển tuyến (64); and Brignell et al., 2021 (8 RCTs) (65). included data at follow-up time points that showed treatment gains had been maintained, suggesting y There is evidence that interventions aimed at lasting effects of treatment (65). expressive phonological skills produce appreciable results (64). Evidence on the effect of intervention y For improving expressive phonological skills in on receptive phonological skills is too limited to children with developmental speech disorders, draw any conclusion. There is limited evidence the intervention approach involved expressive that targeted interventions on expressive phonological tasks, phonological awareness, and vocabulary acquisition are effective. No studies auditory discrimination and listening activities. were identified that investigated the effectiveness Research gaps of receptive vocabulary interventions in children y There was little evidence on communication with developmental language disorder (DLD). interventions for older children, thus a gap exists in There is some evidence that interventions aimed this area. at morphological and syntactic expressive skills in children with DLD are effective. The mean age of y Additional meta-analyses of RCTs for speech participants in the studies included in the review disorders would also expand knowledge of effective was 2.5–7.4 years (overall mean age could not be interventions in this area. calculated because not all studies reported mean Implementation considerations age of participants). y The location of intervention sessions can vary from y One review considered stuttering (65). This review structured settings (e.g. school, typically used showed significant effects of the communication in early treatment) to less structured naturalistic intervention, including follow-up (weighted MD 3.79 settings (e.g. home, used later in treatment). more; 95% CI: 0.27 to 7.32) in children who stutter. The ages of the participants in the studies included y Treatment of school-age and older children may in the review ranged from 3 to 6 years. require modifications to ensure the treatment is developmentally appropriate. Remarks y The available evidence involved instruction from y For children who stutter, the direct instruction speech and language therapists in high-resource approach involved speech-language therapists settings; implications for adaptations in lower- working with parents to deliver a behaviour resource settings may be needed. 36 (64); and brignell et al., 2021 (8 rcts) (65). included data at follow-up time points that showed treatment gains had been maintained, suggesting y there is evidence that interventions aimed at lasting effects of treatme..."
}