{
  "id": "everyday#risk_safety_1a71d421",
  "title_en": "General — Risk Safety",
  "title_vi": "General — Nguy cơ An toàn",
  "text_en": "5 Have the convulsions stopped within 10 minutes of 1st dose of emergency medication? Proceed to EPI 1 (Assessment) GIVE 2nd DOSE OF EMERGENCY MEDICATION 6 Have the convulsions stopped? Proceed to EPI 1 (Assessment) R EFER URGENTLY TO HEALTH FACILITY DO NOT GIVE MORE THAN 2 DOSES OF EMERGENCY MEDICATION EPILEPSY 55 56 EPI EPILEPSY Emergency 7 IS THE PERSON IN STATUS EPILEPTICUS? Convulsions continue after 2 doses of emergency medication, OR No recovery in between convulsions SKSSKKIPIIPP t ottoo S SSTTTEEEPPP 1111100000 (e.g. convulsions stopped after second dose of emergency medication STATUS EPILEPTICUS IS LIKELY on arrival to health facility) 8 Management should occur in health facility C ontinue to check AIRWAY, BREATHING, and CIRCULATION (ABCs) G ive oxygen M onitor need for intubation/ventilation continuously 9 GIVE ONE OF THE FOLLOWING MEDICATIONS INTRAVENEOUSLY V ALPROIC ACID: P HENYOTIN: 20 mg/kg i.v. once up to maximum dose of 1 g, over 30 min 15-20 mg/kg i.v. up to max dose of 1 g, over 60 min – use second i.v. line (DIFFERENT FROM DIAZEPAM) P HENOBARBITAL: PHENYTOIN CAUSES SIGNIFICANT DAMAGE IF 15-20 mg/kg i.v.* up to maximum dose of 1 g, over 100 mg/min EXTRAVASATES, MUST HAVE GOOD I.V. LINE! *If no i.v. access, can use i.m. phenobarbital (same dose as i.v.)",
  "gloss_vi": "5 have the convulsions stopped within 10 minutes of 1st dose of emergency medication? proceed to epi 1 (đánh giá) give 2nd dose of emergency medication 6 have the convulsions stopped?",
  "source": "Everyday Essentials",
  "url": "",
  "lang": "en",
  "axes": {
    "type": [
      "clinical",
      "everyday"
    ],
    "condition": [
      "General"
    ],
    "clinical_section": [
      "risk_safety",
      "screening_cues",
      "do_not_do"
    ],
    "life_topics": [
      "stress"
    ],
    "advice_section": [
      "coping_skill"
    ],
    "audience": [],
    "risk_band": "high"
  },
  "index_text": "General — Risk Safety General — Nguy cơ An toàn 5 Have the convulsions stopped within 10 minutes of 1st dose of emergency medication? Proceed to EPI 1 (Assessment) GIVE 2nd DOSE OF EMERGENCY MEDICATION 6 Have the convulsions stopped? Proceed to EPI 1 (Assessment) R EFER URGENTLY TO HEALTH FACILITY DO NOT GIVE MORE THAN 2 DOSES OF EMERGENCY MEDICATION EPILEPSY 55 56 EPI EPILEPSY Emergency 7 IS THE PERSON IN STATUS EPILEPTICUS? Convulsions continue after 2 doses of emergency medication, OR No recovery in between convulsions SKSSKKIPIIPP t ottoo S SSTTTEEEPPP 1111100000 (e.g. convulsions stopped after second dose of emergency medication STATUS EPILEPTICUS IS LIKELY on arrival to health facility) 8 Management should occur in health facility C ontinue to check AIRWAY, BREATHING, and CIRCULATION (ABCs) G ive oxygen M onitor need for intubation/ventilation continuously 9 GIVE ONE OF THE FOLLOWING MEDICATIONS INTRAVENEOUSLY V ALPROIC ACID: P HENYOTIN: 20 mg/kg i.v. once up to maximum dose of 1 g, over 30 min 15-20 mg/kg i.v. up to max dose of 1 g, over 60 min – use second i.v. line (DIFFERENT FROM DIAZEPAM) P HENOBARBITAL: PHENYTOIN CAUSES SIGNIFICANT DAMAGE IF 15-20 mg/kg i.v.* up to maximum dose of 1 g, over 100 mg/min EXTRAVASATES, MUST HAVE GOOD I.V. LINE! *If no i.v. access, can use i.m. phenobarbital (same dose as i.v.) 5 have the convulsions stopped within 10 minutes of 1st dose of emergency medication? proceed to epi 1 (đánh giá) give 2nd dose of emergency medication 6 have the convulsions stopped?"
}