{
  "id": "everyday#communication_tips_cebf4319",
  "title_en": "General — Communication Tips",
  "title_vi": "General — Communication Tips",
  "text_en": "with disorders of intellectual development. The diagnosis should only be assigned if all diagnostic requirements of enuresis are met, and the individual’s developmental age is equivalent to that at which urinary continence in normally expected (approximately equivalent to a chronological age of 5 years). • Enuresis can occur among individuals with neurocognitive disorders (e.g. dementia). The additional diagnosis of enuresis can be assigned if all diagnostic requirements are met, and the condition requires separate clinical attention. • Enuresis is more common among children with a parent who has a history of enuresis. Boundary with normality (threshold) • It is not uncommon for children to experience occasional urinary incontinence up until middle childhood. Course features • Most children establish urinary control by adolescence, with a small number of individuals continuing to experience enuresis into adulthood. • Enuresis that persists into adolescence is often associated with an increase in frequency of urinary voiding episodes. Developmental presentations • Enuresis may have been present from birth (i.e. an atypical extension of normal infantile incontinence), or may have its onset following a period of acquired bladder control. • The common age of onset for children who have previously acquired urinary continence yet develop enuresis is between 5 and 8 years. • Diurnal enuresis is less prevalent among children over the age of 9 years. Culture-related features • Cultural variation exists with regard to toilet training. Expectations regarding the age when continence occurs and whether enuresis is viewed as pathological vary by cultural group. Cultural norms may affect tolerance for the behaviours, expectations regarding their course, and the associated level of shame and stigma. Elimination disorders | Enuresis",
  "gloss_vi": "With disorders of intellectual development. the diagnosis should only be assigned if all diagnostic requirements of enuresis are met, and the individual’s developmental age is equivalent to that at which urinary continen...",
  "source": "Everyday Essentials",
  "url": "",
  "lang": "en",
  "axes": {
    "type": [
      "everyday"
    ],
    "condition": [
      "General"
    ],
    "clinical_section": [],
    "life_topics": [
      "stress",
      "relationships"
    ],
    "advice_section": [
      "communication_tips"
    ],
    "audience": [],
    "risk_band": "low"
  },
  "index_text": "General — Communication Tips General — Communication Tips with disorders of intellectual development. The diagnosis should only be assigned if all diagnostic requirements of enuresis are met, and the individual’s developmental age is equivalent to that at which urinary continence in normally expected (approximately equivalent to a chronological age of 5 years). • Enuresis can occur among individuals with neurocognitive disorders (e.g. dementia). The additional diagnosis of enuresis can be assigned if all diagnostic requirements are met, and the condition requires separate clinical attention. • Enuresis is more common among children with a parent who has a history of enuresis. Boundary with normality (threshold) • It is not uncommon for children to experience occasional urinary incontinence up until middle childhood. Course features • Most children establish urinary control by adolescence, with a small number of individuals continuing to experience enuresis into adulthood. • Enuresis that persists into adolescence is often associated with an increase in frequency of urinary voiding episodes. Developmental presentations • Enuresis may have been present from birth (i.e. an atypical extension of normal infantile incontinence), or may have its onset following a period of acquired bladder control. • The common age of onset for children who have previously acquired urinary continence yet develop enuresis is between 5 and 8 years. • Diurnal enuresis is less prevalent among children over the age of 9 years. Culture-related features • Cultural variation exists with regard to toilet training. Expectations regarding the age when continence occurs and whether enuresis is viewed as pathological vary by cultural group. Cultural norms may affect tolerance for the behaviours, expectations regarding their course, and the associated level of shame and stigma. Elimination disorders | Enuresis With disorders of intellectual development. the diagnosis should only be assigned if all diagnostic requirements of enuresis are met, and the individual’s developmental age is equivalent to that at which urinary continen..."
}