{
  "id": "everyday#do_not_do_c304ebf0",
  "title_en": "General — Do Not Do",
  "title_vi": "General — Do Not Do",
  "text_en": "42 PSY 2 PSYCHOSES Management TABLE 1: Antipsychotic medications MEDICATION DOSING SIDE EFFECTS CONTRAINDICATIONS / CAUTIONS HALOPERIDOL Start 1.5-3 mg daily. Common: sedation, dizziness, blurred vision, Caution in patients with: kidney disease, liver disease, Increase as needed (maximum 20 mg daily). dry mouth, urinary retention, constipation. cardiac disease, long QT syndrome or taking QT-prolonging medications. Route: oral (p.o.) or intramuscular (i.m.). Monitor ECG if possible. Serious: orthostatic hypotension, extrapyramidal side effects (EPS), ECG changes (prolonged QT interval), weight gain, galactorrhea, amenorrhea, Neuroleptic malignant syndrome (NMS). RISPERIDONE Start 1 mg daily. Common: sedation, dizziness, tachycardia. Caution in patients with: cardiac disease. Increase to 2-6 mg daily (maximum 10 mg). Route: p.o. Serious: orthostatic hypotension, metabolic effects (elevated Drug-drug interactions: carbamazepine can reduce levels of lipids, insulin resistance, weight gain), EPS, elevated prolactin, risperidone, whereas fluoxetine can increase levels. sexual dysfunction, NMS. CHLORPROMAZINE Start 25-50 mg daily. Common: sedation, dizziness, blurred vision, dry mouth, Contraindications: impaired consciousness, bone marrow depression, Increase to 75-300 mg daily (up to 1000 mg urinary retention, constipation, tachycardia. pheochromocytoma. may be necessary for severe cases). Route: p.o. Serious: orthostatic hypotension, syncope, EPS, Caution in patients with: respiratory disease, kidney disease, liver photosensitivity, weight gain, galactorrhea, amenorrhea, disease, glaucoma, urinary retention, cardiac disease, long QT syndrome sexual dysfunction, priapism, NMS, agranulocytosis, or taking QT-prolonging medications. Monitor ECG if possible. jaundice. Drug-drug interactions: – Increases effects of blood pressure lowering medications. – Lowers blood pressure if combined with epinephrine. – Levels may be increased by antimalarials including quinine. FLUPHENAZINE Start 12.5 mg. Common: sedation, dizziness, blurred vision, dry mouth, Contraindications: impaired consciousness, parkinsonism. depot/long-acting Use 12.5-50 mg every 2-4 weeks. urinary retention, constipation, tachycardia. Route: i.m. in gluteal region. Caution in patients with: cardiac disease, kidney disease, liver disease. Serious: orthostatic hypotension, syncope, EPS, Use with caution in older adults. Avoid in women who are pregnant/ photosensitivity, weight gain,galactorrhea, amenorrhea, breastfeeding. sexual dysfunction, priapism, NMS, agranulocytosis, Drug-drug interactions: jaundice. – Increases effects of blood pressure lowering medications. Do not use in children/adolescents. – Can lower blood pressure if used with epinephrine. TABLE 2: Anticholinergic medications (for treatment of extrapyramidal side effects (EPS) Avoid in women who are pregnant or breastfeeding if possible. MEDICATION DOSING SIDE EFFECTS CONTRAINDICATIONS / CAUTIONS BIPERIDEN Start 1 mg twice daily. Common: sedation, confusion and memory Caution in patients with: cardiac, liver, or kidney disease. Increase to 3-12 mg daily. disturbance (especially in",
  "gloss_vi": "42 psy 2 psychoses management table 1: antipsychotic medications medication dosing side effects contraindications / cautions haloperidol start 1.5-3 mg daily. common: sedation, dizziness, blurred vision, caution in patie...",
  "source": "Everyday Essentials",
  "url": "",
  "lang": "en",
  "axes": {
    "type": [
      "clinical",
      "everyday"
    ],
    "condition": [
      "General"
    ],
    "clinical_section": [
      "do_not_do"
    ],
    "life_topics": [
      "stress"
    ],
    "advice_section": [],
    "audience": [],
    "risk_band": "low"
  },
  "index_text": "General — Do Not Do General — Do Not Do 42 PSY 2 PSYCHOSES Management TABLE 1: Antipsychotic medications MEDICATION DOSING SIDE EFFECTS CONTRAINDICATIONS / CAUTIONS HALOPERIDOL Start 1.5-3 mg daily. Common: sedation, dizziness, blurred vision, Caution in patients with: kidney disease, liver disease, Increase as needed (maximum 20 mg daily). dry mouth, urinary retention, constipation. cardiac disease, long QT syndrome or taking QT-prolonging medications. Route: oral (p.o.) or intramuscular (i.m.). Monitor ECG if possible. Serious: orthostatic hypotension, extrapyramidal side effects (EPS), ECG changes (prolonged QT interval), weight gain, galactorrhea, amenorrhea, Neuroleptic malignant syndrome (NMS). RISPERIDONE Start 1 mg daily. Common: sedation, dizziness, tachycardia. Caution in patients with: cardiac disease. Increase to 2-6 mg daily (maximum 10 mg). Route: p.o. Serious: orthostatic hypotension, metabolic effects (elevated Drug-drug interactions: carbamazepine can reduce levels of lipids, insulin resistance, weight gain), EPS, elevated prolactin, risperidone, whereas fluoxetine can increase levels. sexual dysfunction, NMS. CHLORPROMAZINE Start 25-50 mg daily. Common: sedation, dizziness, blurred vision, dry mouth, Contraindications: impaired consciousness, bone marrow depression, Increase to 75-300 mg daily (up to 1000 mg urinary retention, constipation, tachycardia. pheochromocytoma. may be necessary for severe cases). Route: p.o. Serious: orthostatic hypotension, syncope, EPS, Caution in patients with: respiratory disease, kidney disease, liver photosensitivity, weight gain, galactorrhea, amenorrhea, disease, glaucoma, urinary retention, cardiac disease, long QT syndrome sexual dysfunction, priapism, NMS, agranulocytosis, or taking QT-prolonging medications. Monitor ECG if possible. jaundice. Drug-drug interactions: – Increases effects of blood pressure lowering medications. – Lowers blood pressure if combined with epinephrine. – Levels may be increased by antimalarials including quinine. FLUPHENAZINE Start 12.5 mg. Common: sedation, dizziness, blurred vision, dry mouth, Contraindications: impaired consciousness, parkinsonism. depot/long-acting Use 12.5-50 mg every 2-4 weeks. urinary retention, constipation, tachycardia. Route: i.m. in gluteal region. Caution in patients with: cardiac disease, kidney disease, liver disease. Serious: orthostatic hypotension, syncope, EPS, Use with caution in older adults. Avoid in women who are pregnant/ photosensitivity, weight gain,galactorrhea, amenorrhea, breastfeeding. sexual dysfunction, priapism, NMS, agranulocytosis, Drug-drug interactions: jaundice. – Increases effects of blood pressure lowering medications. Do not use in children/adolescents. – Can lower blood pressure if used with epinephrine. TABLE 2: Anticholinergic medications (for treatment of extrapyramidal side effects (EPS) Avoid in women who are pregnant or breastfeeding if possible. MEDICATION DOSING SIDE EFFECTS CONTRAINDICATIONS / CAUTIONS BIPERIDEN Start 1 mg twice daily. Common: sedation, confusion and memory Caution in patients with: cardiac, liver, or kidney disease. Increase to 3-12 mg daily. disturbance (especially in 42 psy 2 psychoses management table 1: antipsychotic medications medication dosing side effects contraindications / cautions haloperidol start 1.5-3 mg daily. common: sedation, dizziness, blurred vision, caution in patie..."
}