{
  "id": "everyday#referral_bd2450ce",
  "title_en": "General — Referral",
  "title_vi": "General — Chuyển tuyến",
  "text_en": "Implementation considerations 0.75; 95% CI: 0.02 to 1.51) and functional outcomes y Structured physical exercise programmes will (SMD range 0.76 to 1.00). Smaller but statistically be available in a variety of settings including significant effects were also shown for gross motor educational, rehabilitation, recreation and other skills (development; d = 0.15; 95% CI: 0.09 to 0.40) community settings. and gait speed and muscle strength (functioning; y Make adjustments to structured physical exercise MD = 0.05; 95% CI: 0.00 to 0.10; and MD = 0.92; 95% programmes in order to meet the needs of children CI: 0.19 to 1.64, respectively). and adolescents with cerebral palsy where Remarks appropriate. The programme should be adapted y Physical exercise using both traditional and digital to ensure that the physical exercise demands and or virtual formats were shown to be effective for format match the individual child or adolescent’s children and adolescents with cerebral palsy. needs and preferences. y Physical exercise or activity included sports games, y Take into account negative impacts of aerobic exercise, cycling and yoga. The physical environmental barriers, including programme exercise or activity could be completed individually providers’ attitudes and physical barriers. or in pairs or groups. y Ensure that all children and adolescents with y Physical exercise or activity completed using digital cerebral palsy have full access to health- and social- or virtual reality included activity done while playing care services, including mental health services. video games. y Promote access to information about treatment y These approaches should be implemented in options suitable for the child or adolescent’s needs the context of broader strategies focused on and developmental level, and promote supported promoting inclusive and enabling environments decision-making. for all, including children and adolescents with y Make arrangements to support children and cerebral palsy. adolescents and their family and carers during times of increased need and transitions, such as puberty Research gaps and starting or changing schools. y Limited evidence was available from LMICs. y The technology required for digital or virtual reality y More research is needed to assess the benefits programmes in the identified studies is not yet of tailored low-cost app-based programmes for available on a mobile device. A specific gaming promotion of physical exercise in this population. device is currently required for this activity. 42",
  "gloss_vi": "Implementation considerations 0.75; 95% ci: 0.02 to 1.51) and functional outcomes y structured physical exercise programmes will (smd range 0.76 to 1.00). smaller but statistically be available in a variety of settings i...",
  "source": "Everyday Essentials",
  "url": "",
  "lang": "en",
  "axes": {
    "type": [
      "clinical",
      "everyday"
    ],
    "condition": [
      "General"
    ],
    "clinical_section": [
      "referral",
      "psychoeducation"
    ],
    "life_topics": [
      "study",
      "relationships"
    ],
    "advice_section": [],
    "audience": [],
    "risk_band": "low"
  },
  "index_text": "General — Referral General — Chuyển tuyến Implementation considerations 0.75; 95% CI: 0.02 to 1.51) and functional outcomes y Structured physical exercise programmes will (SMD range 0.76 to 1.00). Smaller but statistically be available in a variety of settings including significant effects were also shown for gross motor educational, rehabilitation, recreation and other skills (development; d = 0.15; 95% CI: 0.09 to 0.40) community settings. and gait speed and muscle strength (functioning; y Make adjustments to structured physical exercise MD = 0.05; 95% CI: 0.00 to 0.10; and MD = 0.92; 95% programmes in order to meet the needs of children CI: 0.19 to 1.64, respectively). and adolescents with cerebral palsy where Remarks appropriate. The programme should be adapted y Physical exercise using both traditional and digital to ensure that the physical exercise demands and or virtual formats were shown to be effective for format match the individual child or adolescent’s children and adolescents with cerebral palsy. needs and preferences. y Physical exercise or activity included sports games, y Take into account negative impacts of aerobic exercise, cycling and yoga. The physical environmental barriers, including programme exercise or activity could be completed individually providers’ attitudes and physical barriers. or in pairs or groups. y Ensure that all children and adolescents with y Physical exercise or activity completed using digital cerebral palsy have full access to health- and social- or virtual reality included activity done while playing care services, including mental health services. video games. y Promote access to information about treatment y These approaches should be implemented in options suitable for the child or adolescent’s needs the context of broader strategies focused on and developmental level, and promote supported promoting inclusive and enabling environments decision-making. for all, including children and adolescents with y Make arrangements to support children and cerebral palsy. adolescents and their family and carers during times of increased need and transitions, such as puberty Research gaps and starting or changing schools. y Limited evidence was available from LMICs. y The technology required for digital or virtual reality y More research is needed to assess the benefits programmes in the identified studies is not yet of tailored low-cost app-based programmes for available on a mobile device. A specific gaming promotion of physical exercise in this population. device is currently required for this activity. 42 Implementation considerations 0.75; 95% ci: 0.02 to 1.51) and functional outcomes y structured physical exercise programmes will (smd range 0.76 to 1.00). smaller but statistically be available in a variety of settings i..."
}