{
  "id": "everyday#risk_safety_2afcf90e",
  "title_en": "General — Risk Safety",
  "title_vi": "General — Nguy cơ An toàn",
  "text_en": "Mental Health Gap Action Programme (mhGAP) guideline for mental, neurological and substance use disorders risks when driving, operating machinery, etc.; the for benzodiazepine withdrawal and dependance; likely time to improvement in symptoms; and the for further information, see the 2015 Update of the potential for addiction. Mental Health Gap Action Programme (mhGAP) y Discontinue benzodiazepines gradually as soon as guidelines for mental, neurological and substance symptoms improve to avoid tolerance. use disorders (7) and the 2016 mhGAP intervention y For adults who demonstrate potential signs of guide module on “Disorders due to substance dependance, consider management approaches use” (9). ANX7. Is collaborative care better than (more effective than/as safe as) treatment as usual, waitlist, no treatment for adults with depression or anxiety (living with chronic health conditions)? Recommendation (new): Collaborative care should be considered for adults with depression and/or anxiety and physical health conditions. Strength of recommendation: Conditional Certainty of evidence: Low Justification – approaches to identifying people in need of y Evidence was extracted from three systematic support (through use of systematic screening or reviews: Xiao et al., 2021 (89 RCTs on case identification); pharmacological interventions for adults with GAD) – implementation of evidence-based interventions (48); Stein et al., 2020 (24 RCTs on benzodiazepines (where psychological interventions can be for adults with panic disorder) (49); and van der delivered by the care manager or, where Feltz-Cornelis et al., 2021 (8 RCTs on long-term available, by a non-specialist counsellor); outcomes for adults with anxiety disorders following – administration of medicine, if indicated (by a benzodiazepine use) (50). general medical care provider); y Low-certainty evidence suggests reduced levels – monitoring of mental health symptoms by of depression and anxiety and improved physical recording results of measurement tools in a basic health outcomes in adults with chronic health registry that is regularly reviewed by the case conditions who receive collaborative care (CC) manager to inform changes to care; and services. The GDG also identified additional evidence – a mental health care provider, who consults with that was included as additional information in the the team and supervises the care manager and evidence profile, which suggested reduced levels of general medical care provider. anxiety in adults with physical health conditions. y Care managers often also facilitate access to community resources where indicated (e.g. housing Remarks or employment services). y The CC",
  "gloss_vi": "Mental health gap action programme (mhgap) guideline for mental, neurological and substance use disorders risks when driving, operating machinery, etc.; the for benzodiazepine withdrawal and dependance; likely time to im...",
  "source": "Everyday Essentials",
  "url": "",
  "lang": "en",
  "axes": {
    "type": [
      "clinical",
      "everyday"
    ],
    "condition": [
      "General"
    ],
    "clinical_section": [
      "risk_safety",
      "screening_cues",
      "referral",
      "psychoeducation",
      "do_not_do"
    ],
    "life_topics": [],
    "advice_section": [
      "sleep_hygiene"
    ],
    "audience": [],
    "risk_band": "low"
  },
  "index_text": "General — Risk Safety General — Nguy cơ An toàn Mental Health Gap Action Programme (mhGAP) guideline for mental, neurological and substance use disorders risks when driving, operating machinery, etc.; the for benzodiazepine withdrawal and dependance; likely time to improvement in symptoms; and the for further information, see the 2015 Update of the potential for addiction. Mental Health Gap Action Programme (mhGAP) y Discontinue benzodiazepines gradually as soon as guidelines for mental, neurological and substance symptoms improve to avoid tolerance. use disorders (7) and the 2016 mhGAP intervention y For adults who demonstrate potential signs of guide module on “Disorders due to substance dependance, consider management approaches use” (9). ANX7. Is collaborative care better than (more effective than/as safe as) treatment as usual, waitlist, no treatment for adults with depression or anxiety (living with chronic health conditions)? Recommendation (new): Collaborative care should be considered for adults with depression and/or anxiety and physical health conditions. Strength of recommendation: Conditional Certainty of evidence: Low Justification – approaches to identifying people in need of y Evidence was extracted from three systematic support (through use of systematic screening or reviews: Xiao et al., 2021 (89 RCTs on case identification); pharmacological interventions for adults with GAD) – implementation of evidence-based interventions (48); Stein et al., 2020 (24 RCTs on benzodiazepines (where psychological interventions can be for adults with panic disorder) (49); and van der delivered by the care manager or, where Feltz-Cornelis et al., 2021 (8 RCTs on long-term available, by a non-specialist counsellor); outcomes for adults with anxiety disorders following – administration of medicine, if indicated (by a benzodiazepine use) (50). general medical care provider); y Low-certainty evidence suggests reduced levels – monitoring of mental health symptoms by of depression and anxiety and improved physical recording results of measurement tools in a basic health outcomes in adults with chronic health registry that is regularly reviewed by the case conditions who receive collaborative care (CC) manager to inform changes to care; and services. The GDG also identified additional evidence – a mental health care provider, who consults with that was included as additional information in the the team and supervises the care manager and evidence profile, which suggested reduced levels of general medical care provider. anxiety in adults with physical health conditions. y Care managers often also facilitate access to community resources where indicated (e.g. housing Remarks or employment services). y The CC Mental health gap action programme (mhgap) guideline for mental, neurological and substance use disorders risks when driving, operating machinery, etc.; the for benzodiazepine withdrawal and dependance; likely time to im..."
}