{
  "id": "everyday#referral_53d5cf84",
  "title_en": "General — Referral",
  "title_vi": "General — Chuyển tuyến",
  "text_en": "Executive summary TABLE 1. (continued) Summary of recommendations Module and Recommendation recommendation Strength of the recommendation and certainty of the evidence number EPI3 (update) 3.2 Focal onset seizures: (continued) Monotherapy with lamotrigine or levetiracetam should be offered as first-line treatment for focal onset seizures in children and adults with epilepsy. If neither lamotrigine nor levetiracetam are available, then carbamazepine should be used as an alternate first-line treatment for focal onset seizures in children and adults with epilepsy. If the first monotherapy is not successful for focal onset seizures, an alternative first-line monotherapy should be tried. Lacosamide should be offered as a second-line monotherapy for focal onset seizures if none of the first-line medicines are effective. If antiseizure medicine monotherapy is unsuccessful in people with generalized onset seizures or focal onset seizures, prompt referral should be made to a specialist for consideration of other treatment options. Strong recommendation. High certainty of evidence. EPI4 (update) 4.1 The efficacy of antiseizure medicines (ASMs) is not thought to differ in males and females. As such, this recommendation builds on EPI3 and focuses on the medicines that are now being preferentially recommended as therapeutic options. In women and girls with epilepsy who are of childbearing potential, lamotrigine or levetiracetam should be offered as first-line monotherapy for both generalized onset seizures and focal onset seizures. Women with epilepsy should have seizures controlled as well as possible with the minimum dose of ASMs taken in monotherapy, wherever possible. Valproic acid (sodium valproate) is not recommended in women and girls of childbearing potential because of potential harm to the fetus. Strong recommendation. Very low certainty of evidence. 4.2 Standard breastfeeding recommendations remain appropriate for women with epilepsy taking the ASMs included in this review (phenobarbital, phenytoin, valproic acid [sodium valproate], carbamazepine, lamotrigine, levetiracetam, topiramate, lacosamide). Strong recommendation. Very low certainty of evidence. EPI5 (new) Nocturnal supervision should be considered for prevention of sudden",
  "gloss_vi": "Executive summary table 1. (continued) summary of recommendations module and recommendation recommendation strength of the recommendation and certainty of the evidence number epi3 (update) 3.2 focal onset seizures: (cont...",
  "source": "Everyday Essentials",
  "url": "",
  "lang": "en",
  "axes": {
    "type": [
      "clinical",
      "everyday"
    ],
    "condition": [
      "General"
    ],
    "clinical_section": [
      "referral",
      "do_not_do"
    ],
    "life_topics": [
      "study"
    ],
    "advice_section": [],
    "audience": [],
    "risk_band": "low"
  },
  "index_text": "General — Referral General — Chuyển tuyến Executive summary TABLE 1. (continued) Summary of recommendations Module and Recommendation recommendation Strength of the recommendation and certainty of the evidence number EPI3 (update) 3.2 Focal onset seizures: (continued) Monotherapy with lamotrigine or levetiracetam should be offered as first-line treatment for focal onset seizures in children and adults with epilepsy. If neither lamotrigine nor levetiracetam are available, then carbamazepine should be used as an alternate first-line treatment for focal onset seizures in children and adults with epilepsy. If the first monotherapy is not successful for focal onset seizures, an alternative first-line monotherapy should be tried. Lacosamide should be offered as a second-line monotherapy for focal onset seizures if none of the first-line medicines are effective. If antiseizure medicine monotherapy is unsuccessful in people with generalized onset seizures or focal onset seizures, prompt referral should be made to a specialist for consideration of other treatment options. Strong recommendation. High certainty of evidence. EPI4 (update) 4.1 The efficacy of antiseizure medicines (ASMs) is not thought to differ in males and females. As such, this recommendation builds on EPI3 and focuses on the medicines that are now being preferentially recommended as therapeutic options. In women and girls with epilepsy who are of childbearing potential, lamotrigine or levetiracetam should be offered as first-line monotherapy for both generalized onset seizures and focal onset seizures. Women with epilepsy should have seizures controlled as well as possible with the minimum dose of ASMs taken in monotherapy, wherever possible. Valproic acid (sodium valproate) is not recommended in women and girls of childbearing potential because of potential harm to the fetus. Strong recommendation. Very low certainty of evidence. 4.2 Standard breastfeeding recommendations remain appropriate for women with epilepsy taking the ASMs included in this review (phenobarbital, phenytoin, valproic acid [sodium valproate], carbamazepine, lamotrigine, levetiracetam, topiramate, lacosamide). Strong recommendation. Very low certainty of evidence. EPI5 (new) Nocturnal supervision should be considered for prevention of sudden Executive summary table 1. (continued) summary of recommendations module and recommendation recommendation strength of the recommendation and certainty of the evidence number epi3 (update) 3.2 focal onset seizures: (cont..."
}