{
  "id": "everyday#referral_6d4b9cc3",
  "title_en": "General — Referral",
  "title_vi": "General — Chuyển tuyến",
  "text_en": "buprenorphine are not available, any opioid can anxiety, restlessness. be used in the acute setting, i.e. morphine sulphate 10-20 mg as an initial dose with a 10 mg extra dose if needed. Also consider an alpha adrenergic agonists, i.e. clonidine or lofexidine. Once stable, go to SUB 2 D RULE OUT OTHER MEDICAL CAUSES AND PRIORITY MNS CONDITIONS. DISORDERS DUE TO SUBSTANCE USE 111 112 SUB DISORDERS DUE TO SUBSTANCE USE 3 Does the person appear confused? SSSKKKIIIPPP tttooo SSSTTUEEBPP 1 1111 A0000ssessment Are there any medical conditions which might explain the confusion, including: – head trauma – hepatic encephalopathy – hypoglycaemia – cerebrovascular accidents (CVA) – pneumonia or other infections Manage the physical condition ASSESS AND MANAGE A – C and refer the person to hospital. A Person has stopped drinking in the Suspect If the person is showing other signs of alcohol last week: confusion, hallucination, withdrawal (tremors, sweating, vital signs changes) ALCOHOL OR racing thoughts, anxiety, agitation, – Treat with diazepam 10-20 mg p.o. BENZODIAZEPINE disorientation, typically in association WITHDRAWAL – TRANSFER TO HOSPITAL. with either stimulant intoxication or DELIRIUM Manage delirium with antipsychotics such as alcohol (or other sedative) withdrawal. haloperidol 1-2.5 mg p.o. or i.m.",
  "gloss_vi": "Buprenorphine are not available, any opioid can lo âu, restlessness. be used in the acute setting, i.e.",
  "source": "Everyday Essentials",
  "url": "",
  "lang": "en",
  "axes": {
    "type": [
      "clinical",
      "everyday"
    ],
    "condition": [
      "General"
    ],
    "clinical_section": [
      "referral"
    ],
    "life_topics": [],
    "advice_section": [
      "work_habits"
    ],
    "audience": [],
    "risk_band": "low"
  },
  "index_text": "General — Referral General — Chuyển tuyến buprenorphine are not available, any opioid can anxiety, restlessness. be used in the acute setting, i.e. morphine sulphate 10-20 mg as an initial dose with a 10 mg extra dose if needed. Also consider an alpha adrenergic agonists, i.e. clonidine or lofexidine. Once stable, go to SUB 2 D RULE OUT OTHER MEDICAL CAUSES AND PRIORITY MNS CONDITIONS. DISORDERS DUE TO SUBSTANCE USE 111 112 SUB DISORDERS DUE TO SUBSTANCE USE 3 Does the person appear confused? SSSKKKIIIPPP tttooo SSSTTUEEBPP 1 1111 A0000ssessment Are there any medical conditions which might explain the confusion, including: – head trauma – hepatic encephalopathy – hypoglycaemia – cerebrovascular accidents (CVA) – pneumonia or other infections Manage the physical condition ASSESS AND MANAGE A – C and refer the person to hospital. A Person has stopped drinking in the Suspect If the person is showing other signs of alcohol last week: confusion, hallucination, withdrawal (tremors, sweating, vital signs changes) ALCOHOL OR racing thoughts, anxiety, agitation, – Treat with diazepam 10-20 mg p.o. BENZODIAZEPINE disorientation, typically in association WITHDRAWAL – TRANSFER TO HOSPITAL. with either stimulant intoxication or DELIRIUM Manage delirium with antipsychotics such as alcohol (or other sedative) withdrawal. haloperidol 1-2.5 mg p.o. or i.m. Buprenorphine are not available, any opioid can lo âu, restlessness. be used in the acute setting, i.e."
}