{
  "id": "everyday#risk_safety_0f49f2a0",
  "title_en": "General — Risk Safety",
  "title_vi": "General — Nguy cơ An toàn",
  "text_en": "Agitated and/or Aggressive Behaviour ASSESSMENT COMMUNICATION SEDATION AND USE OF MEDICATION Attempt to communicate with the person. Safety is first! Sedate as appropriate to prevent injury. Evaluate for underlying cause: Remain calm and encourage the patient to talk For agitation due to psychosis or mania, consider use of haloperidol – Check Blood Glucose. If low, give glucose. about his or her concerns. 2mg p.o./i.m. hourly up to 5 doses (maximum 10 mg). Caution: high doses of haloperidol can cause dystonic reactions. Use a calm voice and try to address the concerns – Check vital signs, including temperature and oxygen Use biperiden to treat acute reactions. if possible. saturation. Give oxygen if needed. For agitation due to ingestion of substances, such as Listen attentively. Devote time to the person. – Rule out delirium and medical causes alcohol/sedative withdrawal or stimulant intoxication, including poisoning. Never laugh at the person. use diazepam 10-20 mg p.o. and repeat as needed. Go to SUB. – Rule out drug and alcohol use. Do not be aggressive back. In cases of extreme violence Specifically consider stimulant intoxication and/or Try to find the source of the problem and solutions – Seek help from police or staff alcohol/sedative withdrawal. Go to SUB. for the person. – Use haloperidol 5mg i.m., repeat in 15-30mins if needed – Rule out agitation due to psychosis or manic Involve carers and other staff members. (maximum 15 mg) episode in bipolar disorder. Go to Assessment, » PSY 1. Remove from the situation anyone who may be a – Consult a specialist. trigger for the aggression. if the person remains agitated, recheck oxygen saturation, If all possibilities have been exhausted and the person vital signs and glucose. Consider pain. Refer to hospital. is still aggressive, it may be necessary to use medication Once agitation subsides, refer to the master chart (MC) and (if available) to prevent injury. select relevant modules for assessment. Special Populations: Consult a specialist for treatment. PSYCHOSES 45",
  "gloss_vi": "Agitated and/or aggressive behaviour đánh giá giao tiếp sedation and use of medication attempt to communicate with the person. an toàn is first!",
  "source": "Everyday Essentials",
  "url": "",
  "lang": "en",
  "axes": {
    "type": [
      "clinical"
    ],
    "condition": [
      "General"
    ],
    "clinical_section": [
      "risk_safety",
      "screening_cues",
      "referral",
      "do_not_do"
    ],
    "life_topics": [],
    "advice_section": [],
    "audience": [],
    "risk_band": "low"
  },
  "index_text": "General — Risk Safety General — Nguy cơ An toàn Agitated and/or Aggressive Behaviour ASSESSMENT COMMUNICATION SEDATION AND USE OF MEDICATION Attempt to communicate with the person. Safety is first! Sedate as appropriate to prevent injury. Evaluate for underlying cause: Remain calm and encourage the patient to talk For agitation due to psychosis or mania, consider use of haloperidol – Check Blood Glucose. If low, give glucose. about his or her concerns. 2mg p.o./i.m. hourly up to 5 doses (maximum 10 mg). Caution: high doses of haloperidol can cause dystonic reactions. Use a calm voice and try to address the concerns – Check vital signs, including temperature and oxygen Use biperiden to treat acute reactions. if possible. saturation. Give oxygen if needed. For agitation due to ingestion of substances, such as Listen attentively. Devote time to the person. – Rule out delirium and medical causes alcohol/sedative withdrawal or stimulant intoxication, including poisoning. Never laugh at the person. use diazepam 10-20 mg p.o. and repeat as needed. Go to SUB. – Rule out drug and alcohol use. Do not be aggressive back. In cases of extreme violence Specifically consider stimulant intoxication and/or Try to find the source of the problem and solutions – Seek help from police or staff alcohol/sedative withdrawal. Go to SUB. for the person. – Use haloperidol 5mg i.m., repeat in 15-30mins if needed – Rule out agitation due to psychosis or manic Involve carers and other staff members. (maximum 15 mg) episode in bipolar disorder. Go to Assessment, » PSY 1. Remove from the situation anyone who may be a – Consult a specialist. trigger for the aggression. if the person remains agitated, recheck oxygen saturation, If all possibilities have been exhausted and the person vital signs and glucose. Consider pain. Refer to hospital. is still aggressive, it may be necessary to use medication Once agitation subsides, refer to the master chart (MC) and (if available) to prevent injury. select relevant modules for assessment. Special Populations: Consult a specialist for treatment. PSYCHOSES 45 Agitated and/or aggressive behaviour đánh giá giao tiếp sedation and use of medication attempt to communicate with the person. an toàn is first!"
}