{
  "id": "everyday#risk_safety_19dbb158",
  "title_en": "General — Risk Safety",
  "title_vi": "General — Nguy cơ An toàn",
  "text_en": "Mental Health Gap Action Programme (mhGAP) guideline for mental, neurological and substance use disorders STR2. For children and adolescents with PTSD, are psychological interventions effective compared with treatment as usual, waiting list or no treatment? Recommendation (update): Psychological interventions should be offered for children and adolescents with post-traumatic stress disorder (PTSD). Namely, these include: y individual face-to-face cognitive behavioural therapy (CBT) with a trauma focus; y group face-to-face CBT with a trauma focus; y eye movement desensitization and reprocessing (EMDR). Strength of recommendation: Strong Certainty of evidence: Moderate Justification Implementation considerations y The evidence review team updated an existing y Brief psychological interventions can be delivered systematic review: Phelps et al., 2022 (45 RCTs effectively in non-specialized health-care settings, as examining the effectiveness of psychological well as in other settings including specialized mental treatments in children and adolescents with health care and social care or in education settings PTSD) (82). for children and adolescents. y Moderate-quality evidence suggests reduced rates y Face-to-face brief psychological interventions of PTSD symptoms in children and adolescents using delivered by service providers are human resource- these interventions. While EMDR demonstrated intensive because they require substantial provider better outcomes than CBT with a trauma focus in time, training and supervision. research trials, both are effective and the latter may y Task sharing has been found to be an effective be suitable for children and adolescents with PTSD approach to delivering brief psychological who do not have access to EMDR. interventions. However, CBT with a trauma focus and EMDR can include complex techniques. The Remarks clinician using these techniques should also y Given the delicate and technical nature of EMDR, have received training in their provision and implementation by lay providers may carry risks. Lay demonstrated competencies to provide them.",
  "gloss_vi": "Mental health gap action programme (mhgap) guideline for mental, neurological and substance use disorders str2. for children and adolescents with ptsd, are psychological interventions effective compared with treatment as...",
  "source": "Everyday Essentials",
  "url": "",
  "lang": "en",
  "axes": {
    "type": [
      "clinical",
      "everyday"
    ],
    "condition": [
      "General"
    ],
    "clinical_section": [
      "risk_safety",
      "screening_cues",
      "psychoeducation",
      "do_not_do"
    ],
    "life_topics": [
      "stress",
      "study"
    ],
    "advice_section": [],
    "audience": [],
    "risk_band": "low"
  },
  "index_text": "General — Risk Safety General — Nguy cơ An toàn Mental Health Gap Action Programme (mhGAP) guideline for mental, neurological and substance use disorders STR2. For children and adolescents with PTSD, are psychological interventions effective compared with treatment as usual, waiting list or no treatment? Recommendation (update): Psychological interventions should be offered for children and adolescents with post-traumatic stress disorder (PTSD). Namely, these include: y individual face-to-face cognitive behavioural therapy (CBT) with a trauma focus; y group face-to-face CBT with a trauma focus; y eye movement desensitization and reprocessing (EMDR). Strength of recommendation: Strong Certainty of evidence: Moderate Justification Implementation considerations y The evidence review team updated an existing y Brief psychological interventions can be delivered systematic review: Phelps et al., 2022 (45 RCTs effectively in non-specialized health-care settings, as examining the effectiveness of psychological well as in other settings including specialized mental treatments in children and adolescents with health care and social care or in education settings PTSD) (82). for children and adolescents. y Moderate-quality evidence suggests reduced rates y Face-to-face brief psychological interventions of PTSD symptoms in children and adolescents using delivered by service providers are human resource- these interventions. While EMDR demonstrated intensive because they require substantial provider better outcomes than CBT with a trauma focus in time, training and supervision. research trials, both are effective and the latter may y Task sharing has been found to be an effective be suitable for children and adolescents with PTSD approach to delivering brief psychological who do not have access to EMDR. interventions. However, CBT with a trauma focus and EMDR can include complex techniques. The Remarks clinician using these techniques should also y Given the delicate and technical nature of EMDR, have received training in their provision and implementation by lay providers may carry risks. Lay demonstrated competencies to provide them. Mental health gap action programme (mhgap) guideline for mental, neurological and substance use disorders str2. for children and adolescents with ptsd, are psychological interventions effective compared with treatment as..."
}