{
  "id": "everyday#risk_safety_29ac27bd",
  "title_en": "General — Risk Safety",
  "title_vi": "General — Nguy cơ An toàn",
  "text_en": "Mental, Behavioural or Neurodevelopmental Disorders QE51.0 Relationship distress with spouse or partner QE51.1 History of spouse or partner violence QE51.10 History of spouse or partner violence, physical QE51.12 History of spouse or partner violence, sexual QE51.11 History of spouse or partner violence, psychological QE51.13 History of spouse or partner violence, neglect. Relationship distress with spouse or partner and different forms of intimate partner maltreatment can co-occur. As many of the categories in this section may be assigned together as necessary to describe the relevant clinical phenomena. General cultural considerations for relationship distress and maltreatment by spouse or partner • Presentations of relationship distress vary, depending on cultural constraints on their expression. In some cultures, women may be more attentive to relationship problems and therefore more likely report relationship distress. • The prevalence of the different forms of spouse or partner maltreatment (e.g. physical, sexual, psychological) vary widely by country, based on the social acceptance, detection and consequences of abusive behaviours. General sex- and/or gender-related features for relationship distress and maltreatment by spouse or partner • Although men and women are both affected by relationship distress, women’s health may be more influenced by relationship distress, whereas men’s health may be more influenced by relationship status (i.e. being in an intimate partner relationship or not). • Gender differences are country- and culture-specific. Overall, women are at much higher risk of victimization by maltreatment by their spouses or intimate partners. QE51.0 Relationship distress with spouse or partner Essential (required) features • Substantial and sustained dissatisfaction with the intimate relationship (e.g. pervasive unhappiness with the relationship, significant thoughts of divorce/separation) is required for diagnosis. • The dissatisfaction is associated with disturbance in at least one major area of functioning such as: • behaviour (e.g. persistent and intense conflicts, pervasive withdrawal or neglect, lack of positive behaviours); Relationship problems and maltreatment | Relationship distress and current or past maltreatment by spouse or partner Relationship problems and maltreatment | Relationship distress and current or past maltreatment by spouse or partner",
  "gloss_vi": "Mental, behavioural or neurodevelopmental disorders qe51.0 relationship distress with spouse or partner qe51.1 history of spouse or partner violence qe51.10 history of spouse or partner violence, physical qe51.12 history...",
  "source": "Everyday Essentials",
  "url": "",
  "lang": "en",
  "axes": {
    "type": [
      "clinical",
      "everyday"
    ],
    "condition": [
      "General"
    ],
    "clinical_section": [
      "risk_safety"
    ],
    "life_topics": [
      "stress",
      "relationships"
    ],
    "advice_section": [],
    "audience": [],
    "risk_band": "low"
  },
  "index_text": "General — Risk Safety General — Nguy cơ An toàn Mental, Behavioural or Neurodevelopmental Disorders QE51.0 Relationship distress with spouse or partner QE51.1 History of spouse or partner violence QE51.10 History of spouse or partner violence, physical QE51.12 History of spouse or partner violence, sexual QE51.11 History of spouse or partner violence, psychological QE51.13 History of spouse or partner violence, neglect. Relationship distress with spouse or partner and different forms of intimate partner maltreatment can co-occur. As many of the categories in this section may be assigned together as necessary to describe the relevant clinical phenomena. General cultural considerations for relationship distress and maltreatment by spouse or partner • Presentations of relationship distress vary, depending on cultural constraints on their expression. In some cultures, women may be more attentive to relationship problems and therefore more likely report relationship distress. • The prevalence of the different forms of spouse or partner maltreatment (e.g. physical, sexual, psychological) vary widely by country, based on the social acceptance, detection and consequences of abusive behaviours. General sex- and/or gender-related features for relationship distress and maltreatment by spouse or partner • Although men and women are both affected by relationship distress, women’s health may be more influenced by relationship distress, whereas men’s health may be more influenced by relationship status (i.e. being in an intimate partner relationship or not). • Gender differences are country- and culture-specific. Overall, women are at much higher risk of victimization by maltreatment by their spouses or intimate partners. QE51.0 Relationship distress with spouse or partner Essential (required) features • Substantial and sustained dissatisfaction with the intimate relationship (e.g. pervasive unhappiness with the relationship, significant thoughts of divorce/separation) is required for diagnosis. • The dissatisfaction is associated with disturbance in at least one major area of functioning such as: • behaviour (e.g. persistent and intense conflicts, pervasive withdrawal or neglect, lack of positive behaviours); Relationship problems and maltreatment | Relationship distress and current or past maltreatment by spouse or partner Relationship problems and maltreatment | Relationship distress and current or past maltreatment by spouse or partner Mental, behavioural or neurodevelopmental disorders qe51.0 relationship distress with spouse or partner qe51.1 history of spouse or partner violence qe51.10 history of spouse or partner violence, physical qe51.12 history..."
}