{
  "id": "everyday#risk_safety_16e1eec5",
  "title_en": "General — Risk Safety",
  "title_vi": "General — Nguy cơ An toàn",
  "text_en": "Factors influencing health status or contact with health services particularly relevant to mental health services 743 that warrants attention and advice from health professionals. The increased risk may be from the frequency of alcohol use, from the amount used on a given occasion, from risky behaviours associated with alcohol use or the context of use, or from a combination of these. The risk may be related to short-term effects of alcohol or to longer-term cumulative effects on physical or mental health or functioning. Hazardous alcohol use has not yet reached the level of having caused harm to physical or mental health of the user or others around the user. The pattern of alcohol use often persists in spite of awareness of increased risk of harm to the user or to others. QE11 Hazardous drug use • Hazardous drug use refers to a pattern of use of psychoactive substances other than nicotine or alcohol that appreciably increases the risk of harmful physical or mental health consequences – to the user or to others – to an extent that warrants attention and advice from health professionals. The increased risk may be from the frequency of substance use, from the amount used on a given occasion, from risky behaviours associated with substance use or the context of use, from a harmful route of administration, or from a combination of these. The risk may be related to short-term effects of the substance or to longer-term cumulative effects on physical or mental health or functioning. Hazardous drug use has not yet reached the level of having caused harm to physical or mental health of the user or others around the user. The pattern of drug use often persists in spite of awareness of increased risk of harm to the user or to others. Specify substance(s), if known: QE11.0 Hazardous use of opioids QE11.1 Hazardous use of cannabis QE11.2 Hazardous use of sedatives, hypnotics or anxiolytics QE11.3 Hazardous use of cocaine QE11.4 Hazardous use of stimulants, including amfetamines, methamfetamine and methcathinone QE11.5 Hazardous use of caffeine QE11.6 Hazardous use of MDMA or related drugs QE11.7 Hazardous use of dissociative drugs, including ketamine and PCP QE11.8 Hazardous use of other specified psychoactive substance QE11.9 Hazardous use of unknown or unspecified psychoactive substance QE11.Y Other specified hazardous drug use QE11.Z Hazardous drug use, unspecified QE12 Hazardous nicotine use • Hazardous nicotine use refers to a pattern of nicotine use that appreciably increases the risk of harmful physical",
  "gloss_vi": "Factors influencing health status or contact with health services particularly relevant to mental health services 743 that warrants attention and advice from health professionals. the increased nguy cơ may be from the fr...",
  "source": "Everyday Essentials",
  "url": "",
  "lang": "en",
  "axes": {
    "type": [
      "clinical",
      "everyday"
    ],
    "condition": [
      "General"
    ],
    "clinical_section": [
      "risk_safety",
      "referral",
      "psychoeducation"
    ],
    "life_topics": [],
    "advice_section": [
      "sleep_hygiene"
    ],
    "audience": [],
    "risk_band": "low"
  },
  "index_text": "General — Risk Safety General — Nguy cơ An toàn Factors influencing health status or contact with health services particularly relevant to mental health services 743 that warrants attention and advice from health professionals. The increased risk may be from the frequency of alcohol use, from the amount used on a given occasion, from risky behaviours associated with alcohol use or the context of use, or from a combination of these. The risk may be related to short-term effects of alcohol or to longer-term cumulative effects on physical or mental health or functioning. Hazardous alcohol use has not yet reached the level of having caused harm to physical or mental health of the user or others around the user. The pattern of alcohol use often persists in spite of awareness of increased risk of harm to the user or to others. QE11 Hazardous drug use • Hazardous drug use refers to a pattern of use of psychoactive substances other than nicotine or alcohol that appreciably increases the risk of harmful physical or mental health consequences – to the user or to others – to an extent that warrants attention and advice from health professionals. The increased risk may be from the frequency of substance use, from the amount used on a given occasion, from risky behaviours associated with substance use or the context of use, from a harmful route of administration, or from a combination of these. The risk may be related to short-term effects of the substance or to longer-term cumulative effects on physical or mental health or functioning. Hazardous drug use has not yet reached the level of having caused harm to physical or mental health of the user or others around the user. The pattern of drug use often persists in spite of awareness of increased risk of harm to the user or to others. Specify substance(s), if known: QE11.0 Hazardous use of opioids QE11.1 Hazardous use of cannabis QE11.2 Hazardous use of sedatives, hypnotics or anxiolytics QE11.3 Hazardous use of cocaine QE11.4 Hazardous use of stimulants, including amfetamines, methamfetamine and methcathinone QE11.5 Hazardous use of caffeine QE11.6 Hazardous use of MDMA or related drugs QE11.7 Hazardous use of dissociative drugs, including ketamine and PCP QE11.8 Hazardous use of other specified psychoactive substance QE11.9 Hazardous use of unknown or unspecified psychoactive substance QE11.Y Other specified hazardous drug use QE11.Z Hazardous drug use, unspecified QE12 Hazardous nicotine use • Hazardous nicotine use refers to a pattern of nicotine use that appreciably increases the risk of harmful physical Factors influencing health status or contact with health services particularly relevant to mental health services 743 that warrants attention and advice from health professionals. the increased nguy cơ may be from the fr..."
}