{
  "id": "everyday#referral_a4ebe772",
  "title_en": "General — Referral",
  "title_vi": "General — Chuyển tuyến",
  "text_en": "54 Clinical Descriptions and Diagnostic Requirements for ICD-11 Mental, Behavioural or Neurodevelopmental Disorders Obsessive-compulsive and related disorders 6B20 Obsessive-compulsive disorder Specify level of insight: 6B20.0 Obsessive-compulsive disorder with fair to good insight 6B20.1 Obsessive-compulsive disorder with poor to absent insight 6B20.Z Obsessive-compulsive disorder, unspecified 6B21 Body dysmorphic disorder Specify level of insight: 6B21.0 Body dysmorphic disorder with fair to good insight 6B21.1 Body dysmorphic disorder with poor to absent insight 6B21.Z Body dysmorphic disorder, unspecified 6B22 Olfactory reference disorder Specify level of insight: 6B22.0 Olfactory reference disorder with fair to good insight 6B22.1 Olfactory reference disorder with poor to absent insight 6B22.Z Olfactory reference disorder, unspecified 6B23 Hypochondriasis (health anxiety disorder) Specify level of insight: 6B23.0 Hypochondriasis with fair to good insight 6B23.1 Hypochondriasis with poor to absent insight 6B23.Z Hypochondriasis, unspecified 6B24 Hoarding disorder Specify level of insight: 6B24.0 Hoarding disorder with fair to good insight 6B24.1 Hoarding disorder with poor to absent insight 6B24.Z Hoarding disorder, unspecified 6B25 Body-focused repetitive behaviour disorders 6E64 6B25.0 Trichotillomania (hair-pulling disorder) 6B25.1 Excoriation (skin-picking) disorder List of categories 55 6B25.Y Other specified body-focused repetitive behaviour disorder 6B25.Z Body-focused repetitive behaviour disorder, unspecified 6B2Y Other specified obsessive-compulsive or related disorder 6B2Z Obsessive-compulsive or related disorder, unspecified Secondary-parented categories From Chapter 8 on diseases of the nervous system: 8A05.00 Tourette syndrome From disorders due to substance use: Substance-induced obsessive-compulsive and related disorders Specify substance class: 6C45.72 Cocaine-induced obsessive-compulsive or related disorder 6C46.72 Stimulant-induced obsessive-compulsive or related disorder, including amfetamines, methamfetamine and methcathinone 6C47.72 Synthetic cathinone-induced obsessive-compulsive or related syndrome 6C4E.72 Obsessive-compulsive or related disorder induced by other specified psychoactive substance 6C4F.72 Obsessive-compulsive or related disorder induced by multiple specified psychoactive substances 6C4G.72 Obsessive-compulsive or related disorder induced by unknown or unspecified psychoactive substances From secondary mental or behavioural syndromes associated with disorders and diseases classified elsewhere: 6E64 Secondary obsessive-compulsive or related syndrome",
  "gloss_vi": "54 clinical descriptions and diagnostic requirements for icd-11 mental, behavioural or neurodevelopmental disorders obsessive-compulsive and related disorders 6b20 obsessive-compulsive disorder specify level of insight: ...",
  "source": "Everyday Essentials",
  "url": "",
  "lang": "en",
  "axes": {
    "type": [
      "clinical",
      "everyday"
    ],
    "condition": [
      "General"
    ],
    "clinical_section": [
      "referral"
    ],
    "life_topics": [
      "study"
    ],
    "advice_section": [],
    "audience": [],
    "risk_band": "low"
  },
  "index_text": "General — Referral General — Chuyển tuyến 54 Clinical Descriptions and Diagnostic Requirements for ICD-11 Mental, Behavioural or Neurodevelopmental Disorders Obsessive-compulsive and related disorders 6B20 Obsessive-compulsive disorder Specify level of insight: 6B20.0 Obsessive-compulsive disorder with fair to good insight 6B20.1 Obsessive-compulsive disorder with poor to absent insight 6B20.Z Obsessive-compulsive disorder, unspecified 6B21 Body dysmorphic disorder Specify level of insight: 6B21.0 Body dysmorphic disorder with fair to good insight 6B21.1 Body dysmorphic disorder with poor to absent insight 6B21.Z Body dysmorphic disorder, unspecified 6B22 Olfactory reference disorder Specify level of insight: 6B22.0 Olfactory reference disorder with fair to good insight 6B22.1 Olfactory reference disorder with poor to absent insight 6B22.Z Olfactory reference disorder, unspecified 6B23 Hypochondriasis (health anxiety disorder) Specify level of insight: 6B23.0 Hypochondriasis with fair to good insight 6B23.1 Hypochondriasis with poor to absent insight 6B23.Z Hypochondriasis, unspecified 6B24 Hoarding disorder Specify level of insight: 6B24.0 Hoarding disorder with fair to good insight 6B24.1 Hoarding disorder with poor to absent insight 6B24.Z Hoarding disorder, unspecified 6B25 Body-focused repetitive behaviour disorders 6E64 6B25.0 Trichotillomania (hair-pulling disorder) 6B25.1 Excoriation (skin-picking) disorder List of categories 55 6B25.Y Other specified body-focused repetitive behaviour disorder 6B25.Z Body-focused repetitive behaviour disorder, unspecified 6B2Y Other specified obsessive-compulsive or related disorder 6B2Z Obsessive-compulsive or related disorder, unspecified Secondary-parented categories From Chapter 8 on diseases of the nervous system: 8A05.00 Tourette syndrome From disorders due to substance use: Substance-induced obsessive-compulsive and related disorders Specify substance class: 6C45.72 Cocaine-induced obsessive-compulsive or related disorder 6C46.72 Stimulant-induced obsessive-compulsive or related disorder, including amfetamines, methamfetamine and methcathinone 6C47.72 Synthetic cathinone-induced obsessive-compulsive or related syndrome 6C4E.72 Obsessive-compulsive or related disorder induced by other specified psychoactive substance 6C4F.72 Obsessive-compulsive or related disorder induced by multiple specified psychoactive substances 6C4G.72 Obsessive-compulsive or related disorder induced by unknown or unspecified psychoactive substances From secondary mental or behavioural syndromes associated with disorders and diseases classified elsewhere: 6E64 Secondary obsessive-compulsive or related syndrome 54 clinical descriptions and diagnostic requirements for icd-11 mental, behavioural or neurodevelopmental disorders obsessive-compulsive and related disorders 6b20 obsessive-compulsive disorder specify level of insight: ..."
}