{
  "id": "everyday#risk_safety_2190c66a",
  "title_en": "General — Risk Safety",
  "title_vi": "General — Nguy cơ An toàn",
  "text_en": "mastered by the individual by 6 years of age. Please consult the CDDR for disorders of intellectual development and, if applicable, autism spectrum disorder for guidance on how to determine the severity level. Neurodevelopmental disorders | Disorders of intellectual development 106 Clinical Descriptions and Diagnostic Requirements for ICD-11 Mental, Behavioural or Neurodevelopmental Disorders Table 6.3. Behavioural indicators of adaptive behaviour, childhood and adoles- cence (6–18 years of age) Severity level Conceptual Social Practical Mild • Most will need some help • Some may have a more concrete • Most will learn to perform to sustain their attention understanding of social independently most dressing, for a 30-minute period. situations, and may need support toileting and eating skills. understanding some types of • Most can follow 3-step instructions. • Most will learn to manage humour (e.g. teasing others), activities of daily living • Most will acquire sufficient making plans and knowing to let independently, such as brushing communication skills to use others know about these plans as teeth, bathing and showering. pronouns, possessives and needed, controlling their emotions regular tenses, as well as be able when faced with disappointment, • Most will need some support to ask “wh” question (e.g. who, and knowing to avoid dangerous getting around the community and what, where, when or why). activities or situations that may being safe (e.g. although they will not be in their best interest (e.g. know to stay to the side of routes • Many will need support to tell a taken advantage of or exploited). with car traffic, they may continue narrative story or to give someone to need support to check for simple directions. They will also • Some may need some support traffic before crossing a street). need assistance to explain their initiating conversation, ideas using multiple examples, organizing social activities with • Many may be vulnerable to being detail short-term goals and steps others or talking about shared taken advantage of in social to achieve them, stay on the interests with peers/friends. situations. They may continue to topic in group conversations and need some support for telling time, • Some may need substantial move from one topic to another. identifying correct day/dates on support to talk about personal calendar, making and checking things and emotions or Literacy the correct change at the store, understand social cues. and being independent with basic • Most will have reading and • Most are able to play outdoor health-maintaining behaviours. writing skills that are limited to sports or other social games in approximately those expected of • If available, many can learn groups, although they need help someone who has attended 3–4 to use computers and cell to play games with more complex years of primary/elementary school. phones for school and play. rules (e.g. board games). • Most will learn basic work skills at nearly the same pace as their same-age peers, but will require greater repetition and structure for mastery. Moderate • Most will need help performing • Some may need support • Most can learn to feed skills such as following instructions expressing their emotions or themselves, use the toilet and containing “if-then”, and sustaining concerns, knowing when others dress (including putting shoes/ their attention to listen to a story might need their help, showing footwear on the correct feet). for at least a 15-minute period. emotions appropriate to the • Most will often continue to need situation/context, or knowing • Most can say at least 100 support to attain independence what others like or want. words, use negatives, use for bathing and showering, simple sentences and state their • Most will need considerable help brushing teeth, selecting first and last name and their initiating a conversation, waiting appropriate clothing, and locality/place of residence. for the appropriate moment to being independent and safe in speak, meeting friends and going the home and community. • Some may need help using on social outings or talking about pronouns, possessives • Most will continue to have difficulty shared interests with others. or past tense verbs. using a knife to cut food, using • Most will need help following cooking appliances safely, using • Some may need support rules when playing simple games household products safely, and telling basic parts of a story or going out with friends. doing household chores. or asking “wh” questions (e.g. when, where, why, who). • Some will need support when changing routines and transitioning • Most will not learn complex between activities/places. conversation skills (i.e. expressing their ideas in an abstract manner or in more than one way). Neurodevelopmental disorders | Disorders of intellectual development",
  "gloss_vi": "Mastered by the individual by 6 years of age. please consult the cddr for disorders of intellectual development and, if applicable, autism spectrum disorder for guidance on how to determine the severity level.",
  "source": "Everyday Essentials",
  "url": "",
  "lang": "en",
  "axes": {
    "type": [
      "clinical",
      "everyday"
    ],
    "condition": [
      "General"
    ],
    "clinical_section": [
      "risk_safety",
      "screening_cues",
      "psychoeducation",
      "do_not_do"
    ],
    "life_topics": [
      "study",
      "work",
      "relationships",
      "digital"
    ],
    "advice_section": [
      "work_habits"
    ],
    "audience": [],
    "risk_band": "high"
  },
  "index_text": "General — Risk Safety General — Nguy cơ An toàn mastered by the individual by 6 years of age. Please consult the CDDR for disorders of intellectual development and, if applicable, autism spectrum disorder for guidance on how to determine the severity level. Neurodevelopmental disorders | Disorders of intellectual development 106 Clinical Descriptions and Diagnostic Requirements for ICD-11 Mental, Behavioural or Neurodevelopmental Disorders Table 6.3. Behavioural indicators of adaptive behaviour, childhood and adoles- cence (6–18 years of age) Severity level Conceptual Social Practical Mild • Most will need some help • Some may have a more concrete • Most will learn to perform to sustain their attention understanding of social independently most dressing, for a 30-minute period. situations, and may need support toileting and eating skills. understanding some types of • Most can follow 3-step instructions. • Most will learn to manage humour (e.g. teasing others), activities of daily living • Most will acquire sufficient making plans and knowing to let independently, such as brushing communication skills to use others know about these plans as teeth, bathing and showering. pronouns, possessives and needed, controlling their emotions regular tenses, as well as be able when faced with disappointment, • Most will need some support to ask “wh” question (e.g. who, and knowing to avoid dangerous getting around the community and what, where, when or why). activities or situations that may being safe (e.g. although they will not be in their best interest (e.g. know to stay to the side of routes • Many will need support to tell a taken advantage of or exploited). with car traffic, they may continue narrative story or to give someone to need support to check for simple directions. They will also • Some may need some support traffic before crossing a street). need assistance to explain their initiating conversation, ideas using multiple examples, organizing social activities with • Many may be vulnerable to being detail short-term goals and steps others or talking about shared taken advantage of in social to achieve them, stay on the interests with peers/friends. situations. They may continue to topic in group conversations and need some support for telling time, • Some may need substantial move from one topic to another. identifying correct day/dates on support to talk about personal calendar, making and checking things and emotions or Literacy the correct change at the store, understand social cues. and being independent with basic • Most will have reading and • Most are able to play outdoor health-maintaining behaviours. writing skills that are limited to sports or other social games in approximately those expected of • If available, many can learn groups, although they need help someone who has attended 3–4 to use computers and cell to play games with more complex years of primary/elementary school. phones for school and play. rules (e.g. board games). • Most will learn basic work skills at nearly the same pace as their same-age peers, but will require greater repetition and structure for mastery. Moderate • Most will need help performing • Some may need support • Most can learn to feed skills such as following instructions expressing their emotions or themselves, use the toilet and containing “if-then”, and sustaining concerns, knowing when others dress (including putting shoes/ their attention to listen to a story might need their help, showing footwear on the correct feet). for at least a 15-minute period. emotions appropriate to the • Most will often continue to need situation/context, or knowing • Most can say at least 100 support to attain independence what others like or want. words, use negatives, use for bathing and showering, simple sentences and state their • Most will need considerable help brushing teeth, selecting first and last name and their initiating a conversation, waiting appropriate clothing, and locality/place of residence. for the appropriate moment to being independent and safe in speak, meeting friends and going the home and community. • Some may need help using on social outings or talking about pronouns, possessives • Most will continue to have difficulty shared interests with others. or past tense verbs. using a knife to cut food, using • Most will need help following cooking appliances safely, using • Some may need support rules when playing simple games household products safely, and telling basic parts of a story or going out with friends. doing household chores. or asking “wh” questions (e.g. when, where, why, who). • Some will need support when changing routines and transitioning • Most will not learn complex between activities/places. conversation skills (i.e. expressing their ideas in an abstract manner or in more than one way). Neurodevelopmental disorders | Disorders of intellectual development Mastered by the individual by 6 years of age. please consult the cddr for disorders of intellectual development and, if applicable, autism spectrum disorder for guidance on how to determine the severity level."
}